--
-- PostgreSQL database dump
--

\restrict 1xBrMANG4cq6C1Oag52zXwDNP6ygaDID8ddWxwDUf6OY8WxF5WLu56j8YPgafl0

-- Dumped from database version 18.1 (Debian 18.1-1.pgdg12+2)
-- Dumped by pg_dump version 18.2

SET statement_timeout = 0;
SET lock_timeout = 0;
SET idle_in_transaction_session_timeout = 0;
SET transaction_timeout = 0;
SET client_encoding = 'UTF8';
SET standard_conforming_strings = on;
SELECT pg_catalog.set_config('search_path', '', false);
SET check_function_bodies = false;
SET xmloption = content;
SET client_min_messages = warning;
SET row_security = off;

--
-- Name: public; Type: SCHEMA; Schema: -; Owner: centro_misael_user
--

-- *not* creating schema, since initdb creates it


ALTER SCHEMA public OWNER TO centro_misael_user;

SET default_tablespace = '';

SET default_table_access_method = heap;

--
-- Name: agenda_mensualidad; Type: TABLE; Schema: public; Owner: centro_misael_user
--

CREATE TABLE public.agenda_mensualidad (
    id bigint NOT NULL,
    codigo character varying(30) NOT NULL,
    mes smallint NOT NULL,
    anio integer NOT NULL,
    costo_mensual numeric(10,2) NOT NULL,
    estado character varying(20) NOT NULL,
    observaciones text NOT NULL,
    fecha_creacion timestamp with time zone NOT NULL,
    fecha_modificacion timestamp with time zone NOT NULL,
    creada_por_id integer NOT NULL,
    modificada_por_id integer,
    paciente_id bigint NOT NULL,
    sucursal_id bigint NOT NULL,
    CONSTRAINT agenda_mensualidad_anio_check CHECK ((anio >= 0)),
    CONSTRAINT agenda_mensualidad_mes_check CHECK ((mes >= 0))
);


ALTER TABLE public.agenda_mensualidad OWNER TO centro_misael_user;

--
-- Name: agenda_mensualidad_id_seq; Type: SEQUENCE; Schema: public; Owner: centro_misael_user
--

ALTER TABLE public.agenda_mensualidad ALTER COLUMN id ADD GENERATED BY DEFAULT AS IDENTITY (
    SEQUENCE NAME public.agenda_mensualidad_id_seq
    START WITH 1
    INCREMENT BY 1
    NO MINVALUE
    NO MAXVALUE
    CACHE 1
);


--
-- Name: agenda_proyecto; Type: TABLE; Schema: public; Owner: centro_misael_user
--

CREATE TABLE public.agenda_proyecto (
    id bigint NOT NULL,
    codigo character varying(20) NOT NULL,
    nombre character varying(200) NOT NULL,
    tipo character varying(30) NOT NULL,
    fecha_inicio date NOT NULL,
    fecha_fin_estimada date,
    fecha_fin_real date,
    costo_total numeric(10,2) NOT NULL,
    estado character varying(20) NOT NULL,
    descripcion text NOT NULL,
    observaciones text NOT NULL,
    fecha_creacion timestamp with time zone NOT NULL,
    fecha_modificacion timestamp with time zone NOT NULL,
    creado_por_id integer NOT NULL,
    modificado_por_id integer,
    paciente_id bigint NOT NULL,
    profesional_responsable_id bigint NOT NULL,
    servicio_base_id bigint NOT NULL,
    sucursal_id bigint NOT NULL
);


ALTER TABLE public.agenda_proyecto OWNER TO centro_misael_user;

--
-- Name: agenda_proyecto_id_seq; Type: SEQUENCE; Schema: public; Owner: centro_misael_user
--

ALTER TABLE public.agenda_proyecto ALTER COLUMN id ADD GENERATED BY DEFAULT AS IDENTITY (
    SEQUENCE NAME public.agenda_proyecto_id_seq
    START WITH 1
    INCREMENT BY 1
    NO MINVALUE
    NO MAXVALUE
    CACHE 1
);


--
-- Name: agenda_servicioprofesionalmensualidad; Type: TABLE; Schema: public; Owner: centro_misael_user
--

CREATE TABLE public.agenda_servicioprofesionalmensualidad (
    id bigint NOT NULL,
    mensualidad_id bigint NOT NULL,
    profesional_id bigint NOT NULL,
    servicio_id bigint NOT NULL
);


ALTER TABLE public.agenda_servicioprofesionalmensualidad OWNER TO centro_misael_user;

--
-- Name: agenda_servicioprofesionalmensualidad_id_seq; Type: SEQUENCE; Schema: public; Owner: centro_misael_user
--

ALTER TABLE public.agenda_servicioprofesionalmensualidad ALTER COLUMN id ADD GENERATED BY DEFAULT AS IDENTITY (
    SEQUENCE NAME public.agenda_servicioprofesionalmensualidad_id_seq
    START WITH 1
    INCREMENT BY 1
    NO MINVALUE
    NO MAXVALUE
    CACHE 1
);


--
-- Name: agenda_sesion; Type: TABLE; Schema: public; Owner: centro_misael_user
--

CREATE TABLE public.agenda_sesion (
    id bigint NOT NULL,
    fecha date NOT NULL,
    hora_inicio time without time zone NOT NULL,
    hora_fin time without time zone NOT NULL,
    duracion_minutos integer NOT NULL,
    estado character varying(20) NOT NULL,
    fecha_reprogramada date,
    hora_reprogramada time without time zone,
    motivo_reprogramacion text NOT NULL,
    reprogramacion_realizada boolean NOT NULL,
    hora_real_inicio time without time zone,
    minutos_retraso integer,
    monto_cobrado numeric(10,2) NOT NULL,
    observaciones text NOT NULL,
    notas_sesion text NOT NULL,
    fecha_creacion timestamp with time zone NOT NULL,
    fecha_modificacion timestamp with time zone NOT NULL,
    creada_por_id integer NOT NULL,
    modificada_por_id integer,
    paciente_id bigint NOT NULL,
    profesional_id bigint NOT NULL,
    proyecto_id bigint,
    servicio_id bigint NOT NULL,
    sucursal_id bigint NOT NULL,
    editada_por_profesional boolean NOT NULL,
    fecha_edicion_profesional timestamp with time zone,
    profesional_editor_id bigint,
    mensualidad_id bigint,
    CONSTRAINT agenda_sesion_duracion_minutos_check CHECK ((duracion_minutos >= 0)),
    CONSTRAINT agenda_sesion_minutos_retraso_check CHECK ((minutos_retraso >= 0))
);


ALTER TABLE public.agenda_sesion OWNER TO centro_misael_user;

--
-- Name: agenda_sesion_id_seq; Type: SEQUENCE; Schema: public; Owner: centro_misael_user
--

ALTER TABLE public.agenda_sesion ALTER COLUMN id ADD GENERATED BY DEFAULT AS IDENTITY (
    SEQUENCE NAME public.agenda_sesion_id_seq
    START WITH 1
    INCREMENT BY 1
    NO MINVALUE
    NO MAXVALUE
    CACHE 1
);


--
-- Name: auth_group; Type: TABLE; Schema: public; Owner: centro_misael_user
--

CREATE TABLE public.auth_group (
    id integer NOT NULL,
    name character varying(150) NOT NULL
);


ALTER TABLE public.auth_group OWNER TO centro_misael_user;

--
-- Name: auth_group_id_seq; Type: SEQUENCE; Schema: public; Owner: centro_misael_user
--

ALTER TABLE public.auth_group ALTER COLUMN id ADD GENERATED BY DEFAULT AS IDENTITY (
    SEQUENCE NAME public.auth_group_id_seq
    START WITH 1
    INCREMENT BY 1
    NO MINVALUE
    NO MAXVALUE
    CACHE 1
);


--
-- Name: auth_group_permissions; Type: TABLE; Schema: public; Owner: centro_misael_user
--

CREATE TABLE public.auth_group_permissions (
    id bigint NOT NULL,
    group_id integer NOT NULL,
    permission_id integer NOT NULL
);


ALTER TABLE public.auth_group_permissions OWNER TO centro_misael_user;

--
-- Name: auth_group_permissions_id_seq; Type: SEQUENCE; Schema: public; Owner: centro_misael_user
--

ALTER TABLE public.auth_group_permissions ALTER COLUMN id ADD GENERATED BY DEFAULT AS IDENTITY (
    SEQUENCE NAME public.auth_group_permissions_id_seq
    START WITH 1
    INCREMENT BY 1
    NO MINVALUE
    NO MAXVALUE
    CACHE 1
);


--
-- Name: auth_permission; Type: TABLE; Schema: public; Owner: centro_misael_user
--

CREATE TABLE public.auth_permission (
    id integer NOT NULL,
    name character varying(255) NOT NULL,
    content_type_id integer NOT NULL,
    codename character varying(100) NOT NULL
);


ALTER TABLE public.auth_permission OWNER TO centro_misael_user;

--
-- Name: auth_permission_id_seq; Type: SEQUENCE; Schema: public; Owner: centro_misael_user
--

ALTER TABLE public.auth_permission ALTER COLUMN id ADD GENERATED BY DEFAULT AS IDENTITY (
    SEQUENCE NAME public.auth_permission_id_seq
    START WITH 1
    INCREMENT BY 1
    NO MINVALUE
    NO MAXVALUE
    CACHE 1
);


--
-- Name: auth_user; Type: TABLE; Schema: public; Owner: centro_misael_user
--

CREATE TABLE public.auth_user (
    id integer NOT NULL,
    password character varying(128) NOT NULL,
    last_login timestamp with time zone,
    is_superuser boolean NOT NULL,
    username character varying(150) NOT NULL,
    first_name character varying(150) NOT NULL,
    last_name character varying(150) NOT NULL,
    email character varying(254) NOT NULL,
    is_staff boolean NOT NULL,
    is_active boolean NOT NULL,
    date_joined timestamp with time zone NOT NULL
);


ALTER TABLE public.auth_user OWNER TO centro_misael_user;

--
-- Name: auth_user_groups; Type: TABLE; Schema: public; Owner: centro_misael_user
--

CREATE TABLE public.auth_user_groups (
    id bigint NOT NULL,
    user_id integer NOT NULL,
    group_id integer NOT NULL
);


ALTER TABLE public.auth_user_groups OWNER TO centro_misael_user;

--
-- Name: auth_user_groups_id_seq; Type: SEQUENCE; Schema: public; Owner: centro_misael_user
--

ALTER TABLE public.auth_user_groups ALTER COLUMN id ADD GENERATED BY DEFAULT AS IDENTITY (
    SEQUENCE NAME public.auth_user_groups_id_seq
    START WITH 1
    INCREMENT BY 1
    NO MINVALUE
    NO MAXVALUE
    CACHE 1
);


--
-- Name: auth_user_id_seq; Type: SEQUENCE; Schema: public; Owner: centro_misael_user
--

ALTER TABLE public.auth_user ALTER COLUMN id ADD GENERATED BY DEFAULT AS IDENTITY (
    SEQUENCE NAME public.auth_user_id_seq
    START WITH 1
    INCREMENT BY 1
    NO MINVALUE
    NO MAXVALUE
    CACHE 1
);


--
-- Name: auth_user_user_permissions; Type: TABLE; Schema: public; Owner: centro_misael_user
--

CREATE TABLE public.auth_user_user_permissions (
    id bigint NOT NULL,
    user_id integer NOT NULL,
    permission_id integer NOT NULL
);


ALTER TABLE public.auth_user_user_permissions OWNER TO centro_misael_user;

--
-- Name: auth_user_user_permissions_id_seq; Type: SEQUENCE; Schema: public; Owner: centro_misael_user
--

ALTER TABLE public.auth_user_user_permissions ALTER COLUMN id ADD GENERATED BY DEFAULT AS IDENTITY (
    SEQUENCE NAME public.auth_user_user_permissions_id_seq
    START WITH 1
    INCREMENT BY 1
    NO MINVALUE
    NO MAXVALUE
    CACHE 1
);


--
-- Name: core_perfilusuario; Type: TABLE; Schema: public; Owner: centro_misael_user
--

CREATE TABLE public.core_perfilusuario (
    id bigint NOT NULL,
    rol character varying(20),
    activo boolean NOT NULL,
    fecha_creacion timestamp with time zone NOT NULL,
    fecha_modificacion timestamp with time zone NOT NULL,
    profesional_id bigint,
    user_id integer NOT NULL,
    paciente_id bigint
);


ALTER TABLE public.core_perfilusuario OWNER TO centro_misael_user;

--
-- Name: core_perfilusuario_id_seq; Type: SEQUENCE; Schema: public; Owner: centro_misael_user
--

ALTER TABLE public.core_perfilusuario ALTER COLUMN id ADD GENERATED BY DEFAULT AS IDENTITY (
    SEQUENCE NAME public.core_perfilusuario_id_seq
    START WITH 1
    INCREMENT BY 1
    NO MINVALUE
    NO MAXVALUE
    CACHE 1
);


--
-- Name: core_perfilusuario_sucursales; Type: TABLE; Schema: public; Owner: centro_misael_user
--

CREATE TABLE public.core_perfilusuario_sucursales (
    id bigint NOT NULL,
    perfilusuario_id bigint NOT NULL,
    sucursal_id bigint NOT NULL
);


ALTER TABLE public.core_perfilusuario_sucursales OWNER TO centro_misael_user;

--
-- Name: core_perfilusuario_sucursales_id_seq; Type: SEQUENCE; Schema: public; Owner: centro_misael_user
--

ALTER TABLE public.core_perfilusuario_sucursales ALTER COLUMN id ADD GENERATED BY DEFAULT AS IDENTITY (
    SEQUENCE NAME public.core_perfilusuario_sucursales_id_seq
    START WITH 1
    INCREMENT BY 1
    NO MINVALUE
    NO MAXVALUE
    CACHE 1
);


--
-- Name: django_admin_log; Type: TABLE; Schema: public; Owner: centro_misael_user
--

CREATE TABLE public.django_admin_log (
    id integer NOT NULL,
    action_time timestamp with time zone NOT NULL,
    object_id text,
    object_repr character varying(200) NOT NULL,
    action_flag smallint NOT NULL,
    change_message text NOT NULL,
    content_type_id integer,
    user_id integer NOT NULL,
    CONSTRAINT django_admin_log_action_flag_check CHECK ((action_flag >= 0))
);


ALTER TABLE public.django_admin_log OWNER TO centro_misael_user;

--
-- Name: django_admin_log_id_seq; Type: SEQUENCE; Schema: public; Owner: centro_misael_user
--

ALTER TABLE public.django_admin_log ALTER COLUMN id ADD GENERATED BY DEFAULT AS IDENTITY (
    SEQUENCE NAME public.django_admin_log_id_seq
    START WITH 1
    INCREMENT BY 1
    NO MINVALUE
    NO MAXVALUE
    CACHE 1
);


--
-- Name: django_content_type; Type: TABLE; Schema: public; Owner: centro_misael_user
--

CREATE TABLE public.django_content_type (
    id integer NOT NULL,
    app_label character varying(100) NOT NULL,
    model character varying(100) NOT NULL
);


ALTER TABLE public.django_content_type OWNER TO centro_misael_user;

--
-- Name: django_content_type_id_seq; Type: SEQUENCE; Schema: public; Owner: centro_misael_user
--

ALTER TABLE public.django_content_type ALTER COLUMN id ADD GENERATED BY DEFAULT AS IDENTITY (
    SEQUENCE NAME public.django_content_type_id_seq
    START WITH 1
    INCREMENT BY 1
    NO MINVALUE
    NO MAXVALUE
    CACHE 1
);


--
-- Name: django_migrations; Type: TABLE; Schema: public; Owner: centro_misael_user
--

CREATE TABLE public.django_migrations (
    id bigint NOT NULL,
    app character varying(255) NOT NULL,
    name character varying(255) NOT NULL,
    applied timestamp with time zone NOT NULL
);


ALTER TABLE public.django_migrations OWNER TO centro_misael_user;

--
-- Name: django_migrations_id_seq; Type: SEQUENCE; Schema: public; Owner: centro_misael_user
--

ALTER TABLE public.django_migrations ALTER COLUMN id ADD GENERATED BY DEFAULT AS IDENTITY (
    SEQUENCE NAME public.django_migrations_id_seq
    START WITH 1
    INCREMENT BY 1
    NO MINVALUE
    NO MAXVALUE
    CACHE 1
);


--
-- Name: django_session; Type: TABLE; Schema: public; Owner: centro_misael_user
--

CREATE TABLE public.django_session (
    session_key character varying(40) NOT NULL,
    session_data text NOT NULL,
    expire_date timestamp with time zone NOT NULL
);


ALTER TABLE public.django_session OWNER TO centro_misael_user;

--
-- Name: facturacion_cuentacorriente; Type: TABLE; Schema: public; Owner: centro_misael_user
--

CREATE TABLE public.facturacion_cuentacorriente (
    id bigint NOT NULL,
    total_consumido numeric(10,2) NOT NULL,
    total_pagado numeric(10,2) NOT NULL,
    saldo numeric(10,2) NOT NULL,
    ultima_actualizacion timestamp with time zone NOT NULL,
    paciente_id bigint NOT NULL
);


ALTER TABLE public.facturacion_cuentacorriente OWNER TO centro_misael_user;

--
-- Name: facturacion_cuentacorriente_id_seq; Type: SEQUENCE; Schema: public; Owner: centro_misael_user
--

ALTER TABLE public.facturacion_cuentacorriente ALTER COLUMN id ADD GENERATED BY DEFAULT AS IDENTITY (
    SEQUENCE NAME public.facturacion_cuentacorriente_id_seq
    START WITH 1
    INCREMENT BY 1
    NO MINVALUE
    NO MAXVALUE
    CACHE 1
);


--
-- Name: facturacion_factura; Type: TABLE; Schema: public; Owner: centro_misael_user
--

CREATE TABLE public.facturacion_factura (
    id bigint NOT NULL,
    numero_factura character varying(20) NOT NULL,
    fecha_emision date NOT NULL,
    nombre_fiscal character varying(200) NOT NULL,
    nit_ci character varying(20) NOT NULL,
    concepto text NOT NULL,
    subtotal numeric(10,2) NOT NULL,
    descuento numeric(10,2) NOT NULL,
    total numeric(10,2) NOT NULL,
    estado character varying(20) NOT NULL,
    fecha_registro timestamp with time zone NOT NULL,
    emitida_por_id integer NOT NULL,
    paciente_id bigint NOT NULL
);


ALTER TABLE public.facturacion_factura OWNER TO centro_misael_user;

--
-- Name: facturacion_factura_id_seq; Type: SEQUENCE; Schema: public; Owner: centro_misael_user
--

ALTER TABLE public.facturacion_factura ALTER COLUMN id ADD GENERATED BY DEFAULT AS IDENTITY (
    SEQUENCE NAME public.facturacion_factura_id_seq
    START WITH 1
    INCREMENT BY 1
    NO MINVALUE
    NO MAXVALUE
    CACHE 1
);


--
-- Name: facturacion_factura_pagos; Type: TABLE; Schema: public; Owner: centro_misael_user
--

CREATE TABLE public.facturacion_factura_pagos (
    id bigint NOT NULL,
    factura_id bigint NOT NULL,
    pago_id bigint NOT NULL
);


ALTER TABLE public.facturacion_factura_pagos OWNER TO centro_misael_user;

--
-- Name: facturacion_factura_pagos_id_seq; Type: SEQUENCE; Schema: public; Owner: centro_misael_user
--

ALTER TABLE public.facturacion_factura_pagos ALTER COLUMN id ADD GENERATED BY DEFAULT AS IDENTITY (
    SEQUENCE NAME public.facturacion_factura_pagos_id_seq
    START WITH 1
    INCREMENT BY 1
    NO MINVALUE
    NO MAXVALUE
    CACHE 1
);


--
-- Name: facturacion_metodopago; Type: TABLE; Schema: public; Owner: centro_misael_user
--

CREATE TABLE public.facturacion_metodopago (
    id bigint NOT NULL,
    nombre character varying(50) NOT NULL,
    descripcion text NOT NULL,
    activo boolean NOT NULL
);


ALTER TABLE public.facturacion_metodopago OWNER TO centro_misael_user;

--
-- Name: facturacion_metodopago_id_seq; Type: SEQUENCE; Schema: public; Owner: centro_misael_user
--

ALTER TABLE public.facturacion_metodopago ALTER COLUMN id ADD GENERATED BY DEFAULT AS IDENTITY (
    SEQUENCE NAME public.facturacion_metodopago_id_seq
    START WITH 1
    INCREMENT BY 1
    NO MINVALUE
    NO MAXVALUE
    CACHE 1
);


--
-- Name: facturacion_pago; Type: TABLE; Schema: public; Owner: centro_misael_user
--

CREATE TABLE public.facturacion_pago (
    id bigint NOT NULL,
    fecha_pago date NOT NULL,
    monto numeric(10,2) NOT NULL,
    numero_transaccion character varying(100) NOT NULL,
    concepto character varying(200) NOT NULL,
    observaciones text NOT NULL,
    numero_recibo character varying(20) NOT NULL,
    fecha_registro timestamp with time zone NOT NULL,
    anulado boolean NOT NULL,
    motivo_anulacion text NOT NULL,
    fecha_anulacion timestamp with time zone,
    anulado_por_id integer,
    metodo_pago_id bigint NOT NULL,
    paciente_id bigint NOT NULL,
    proyecto_id bigint,
    registrado_por_id integer NOT NULL,
    sesion_id bigint,
    mensualidad_id bigint,
    tipo_operacion character varying(20) NOT NULL,
    CONSTRAINT pago_sesion_o_proyecto_o_mensualidad_o_ninguno CHECK ((((mensualidad_id IS NULL) AND (proyecto_id IS NULL) AND (sesion_id IS NOT NULL)) OR ((mensualidad_id IS NULL) AND (proyecto_id IS NOT NULL) AND (sesion_id IS NULL)) OR ((mensualidad_id IS NOT NULL) AND (proyecto_id IS NULL) AND (sesion_id IS NULL)) OR ((mensualidad_id IS NULL) AND (proyecto_id IS NULL) AND (sesion_id IS NULL))))
);


ALTER TABLE public.facturacion_pago OWNER TO centro_misael_user;

--
-- Name: facturacion_pago_id_seq; Type: SEQUENCE; Schema: public; Owner: centro_misael_user
--

ALTER TABLE public.facturacion_pago ALTER COLUMN id ADD GENERATED BY DEFAULT AS IDENTITY (
    SEQUENCE NAME public.facturacion_pago_id_seq
    START WITH 1
    INCREMENT BY 1
    NO MINVALUE
    NO MAXVALUE
    CACHE 1
);


--
-- Name: pacientes_paciente; Type: TABLE; Schema: public; Owner: centro_misael_user
--

CREATE TABLE public.pacientes_paciente (
    id bigint NOT NULL,
    nombre character varying(100) NOT NULL,
    apellido character varying(100) NOT NULL,
    fecha_nacimiento date NOT NULL,
    genero character varying(1) NOT NULL,
    nombre_tutor character varying(200) NOT NULL,
    parentesco character varying(20) NOT NULL,
    telefono_tutor character varying(20) NOT NULL,
    email_tutor character varying(254),
    direccion text NOT NULL,
    diagnostico text NOT NULL,
    observaciones_medicas text NOT NULL,
    alergias text NOT NULL,
    estado character varying(10) NOT NULL,
    fecha_registro timestamp with time zone NOT NULL,
    fecha_modificacion timestamp with time zone CONSTRAINT pacientes_paciente_fecha_actualizacion_not_null NOT NULL,
    email_tutor_2 character varying(254),
    nombre_tutor_2 character varying(200),
    parentesco_2 character varying(20),
    telefono_tutor_2 character varying(20),
    foto character varying(255),
    user_id integer
);


ALTER TABLE public.pacientes_paciente OWNER TO centro_misael_user;

--
-- Name: pacientes_paciente_id_seq; Type: SEQUENCE; Schema: public; Owner: centro_misael_user
--

ALTER TABLE public.pacientes_paciente ALTER COLUMN id ADD GENERATED BY DEFAULT AS IDENTITY (
    SEQUENCE NAME public.pacientes_paciente_id_seq
    START WITH 1
    INCREMENT BY 1
    NO MINVALUE
    NO MAXVALUE
    CACHE 1
);


--
-- Name: pacientes_paciente_sucursales; Type: TABLE; Schema: public; Owner: centro_misael_user
--

CREATE TABLE public.pacientes_paciente_sucursales (
    id bigint NOT NULL,
    paciente_id bigint NOT NULL,
    sucursal_id bigint NOT NULL
);


ALTER TABLE public.pacientes_paciente_sucursales OWNER TO centro_misael_user;

--
-- Name: pacientes_paciente_sucursales_id_seq; Type: SEQUENCE; Schema: public; Owner: centro_misael_user
--

ALTER TABLE public.pacientes_paciente_sucursales ALTER COLUMN id ADD GENERATED BY DEFAULT AS IDENTITY (
    SEQUENCE NAME public.pacientes_paciente_sucursales_id_seq
    START WITH 1
    INCREMENT BY 1
    NO MINVALUE
    NO MAXVALUE
    CACHE 1
);


--
-- Name: pacientes_pacienteservicio; Type: TABLE; Schema: public; Owner: centro_misael_user
--

CREATE TABLE public.pacientes_pacienteservicio (
    id bigint NOT NULL,
    costo_sesion numeric(10,2),
    activo boolean NOT NULL,
    fecha_inicio timestamp with time zone NOT NULL,
    observaciones text NOT NULL,
    paciente_id bigint NOT NULL,
    servicio_id bigint NOT NULL,
    fecha_modificacion timestamp with time zone NOT NULL
);


ALTER TABLE public.pacientes_pacienteservicio OWNER TO centro_misael_user;

--
-- Name: pacientes_pacienteservicio_id_seq; Type: SEQUENCE; Schema: public; Owner: centro_misael_user
--

ALTER TABLE public.pacientes_pacienteservicio ALTER COLUMN id ADD GENERATED BY DEFAULT AS IDENTITY (
    SEQUENCE NAME public.pacientes_pacienteservicio_id_seq
    START WITH 1
    INCREMENT BY 1
    NO MINVALUE
    NO MAXVALUE
    CACHE 1
);


--
-- Name: profesionales_profesional; Type: TABLE; Schema: public; Owner: centro_misael_user
--

CREATE TABLE public.profesionales_profesional (
    id bigint NOT NULL,
    nombre character varying(100) NOT NULL,
    apellido character varying(100) NOT NULL,
    especialidad character varying(100) NOT NULL,
    telefono character varying(20) NOT NULL,
    email character varying(254) NOT NULL,
    activo boolean NOT NULL,
    fecha_ingreso date NOT NULL,
    user_id integer,
    foto character varying(255)
);


ALTER TABLE public.profesionales_profesional OWNER TO centro_misael_user;

--
-- Name: profesionales_profesional_id_seq; Type: SEQUENCE; Schema: public; Owner: centro_misael_user
--

ALTER TABLE public.profesionales_profesional ALTER COLUMN id ADD GENERATED BY DEFAULT AS IDENTITY (
    SEQUENCE NAME public.profesionales_profesional_id_seq
    START WITH 1
    INCREMENT BY 1
    NO MINVALUE
    NO MAXVALUE
    CACHE 1
);


--
-- Name: profesionales_profesional_servicios; Type: TABLE; Schema: public; Owner: centro_misael_user
--

CREATE TABLE public.profesionales_profesional_servicios (
    id bigint NOT NULL,
    profesional_id bigint NOT NULL,
    tiposervicio_id bigint NOT NULL
);


ALTER TABLE public.profesionales_profesional_servicios OWNER TO centro_misael_user;

--
-- Name: profesionales_profesional_servicios_id_seq; Type: SEQUENCE; Schema: public; Owner: centro_misael_user
--

ALTER TABLE public.profesionales_profesional_servicios ALTER COLUMN id ADD GENERATED BY DEFAULT AS IDENTITY (
    SEQUENCE NAME public.profesionales_profesional_servicios_id_seq
    START WITH 1
    INCREMENT BY 1
    NO MINVALUE
    NO MAXVALUE
    CACHE 1
);


--
-- Name: profesionales_profesional_sucursales; Type: TABLE; Schema: public; Owner: centro_misael_user
--

CREATE TABLE public.profesionales_profesional_sucursales (
    id bigint NOT NULL,
    profesional_id bigint NOT NULL,
    sucursal_id bigint NOT NULL
);


ALTER TABLE public.profesionales_profesional_sucursales OWNER TO centro_misael_user;

--
-- Name: profesionales_profesional_sucursales_id_seq; Type: SEQUENCE; Schema: public; Owner: centro_misael_user
--

ALTER TABLE public.profesionales_profesional_sucursales ALTER COLUMN id ADD GENERATED BY DEFAULT AS IDENTITY (
    SEQUENCE NAME public.profesionales_profesional_sucursales_id_seq
    START WITH 1
    INCREMENT BY 1
    NO MINVALUE
    NO MAXVALUE
    CACHE 1
);


--
-- Name: servicios_sucursal; Type: TABLE; Schema: public; Owner: centro_misael_user
--

CREATE TABLE public.servicios_sucursal (
    id bigint NOT NULL,
    nombre character varying(100) NOT NULL,
    direccion text NOT NULL,
    telefono character varying(20) NOT NULL,
    activa boolean NOT NULL,
    email character varying(254) NOT NULL
);


ALTER TABLE public.servicios_sucursal OWNER TO centro_misael_user;

--
-- Name: servicios_sucursal_id_seq; Type: SEQUENCE; Schema: public; Owner: centro_misael_user
--

ALTER TABLE public.servicios_sucursal ALTER COLUMN id ADD GENERATED BY DEFAULT AS IDENTITY (
    SEQUENCE NAME public.servicios_sucursal_id_seq
    START WITH 1
    INCREMENT BY 1
    NO MINVALUE
    NO MAXVALUE
    CACHE 1
);


--
-- Name: servicios_tiposervicio; Type: TABLE; Schema: public; Owner: centro_misael_user
--

CREATE TABLE public.servicios_tiposervicio (
    id bigint NOT NULL,
    nombre character varying(100) NOT NULL,
    descripcion text NOT NULL,
    duracion_minutos integer NOT NULL,
    costo_base numeric(10,2) NOT NULL,
    color character varying(7) NOT NULL,
    activo boolean NOT NULL,
    precio_mensual numeric(10,2),
    precio_proyecto numeric(10,2)
);


ALTER TABLE public.servicios_tiposervicio OWNER TO centro_misael_user;

--
-- Name: servicios_tiposervicio_id_seq; Type: SEQUENCE; Schema: public; Owner: centro_misael_user
--

ALTER TABLE public.servicios_tiposervicio ALTER COLUMN id ADD GENERATED BY DEFAULT AS IDENTITY (
    SEQUENCE NAME public.servicios_tiposervicio_id_seq
    START WITH 1
    INCREMENT BY 1
    NO MINVALUE
    NO MAXVALUE
    CACHE 1
);


--
-- Data for Name: agenda_mensualidad; Type: TABLE DATA; Schema: public; Owner: centro_misael_user
--

COPY public.agenda_mensualidad (id, codigo, mes, anio, costo_mensual, estado, observaciones, fecha_creacion, fecha_modificacion, creada_por_id, modificada_por_id, paciente_id, sucursal_id) FROM stdin;
7	MEN-0226-CR-001	2	2026	1300.00	activa		2026-01-29 23:33:39.264974+00	2026-01-30 14:54:12.041682+00	1	1	13	3
9	MEN-0226-AN-001	2	2026	1300.00	activa		2026-01-30 15:14:51.258609+00	2026-01-30 15:14:51.258621+00	1	\N	21	3
11	MEN-0226-MA-001	2	2026	1300.00	activa		2026-02-01 19:49:19.514734+00	2026-02-01 19:49:19.514753+00	1	\N	4	3
13	MEN-0226-RO-001	2	2026	1300.00	activa		2026-02-01 20:47:04.183856+00	2026-02-01 20:47:04.183876+00	1	\N	16	3
14	MEN-0226-EL-001	2	2026	450.00	activa		2026-02-01 21:04:53.728982+00	2026-02-01 21:09:03.295612+00	1	1	9	3
15	MEN-0226-SA-001	2	2026	450.00	activa		2026-02-01 21:11:53.818086+00	2026-02-01 21:11:53.818115+00	1	\N	14	3
16	MEN-0226-JH-001	2	2026	650.00	activa		2026-02-01 21:23:57.598518+00	2026-02-01 21:23:57.598537+00	1	\N	84	3
17	MEN-0226-EN-001	2	2026	450.00	activa		2026-02-01 21:40:40.034833+00	2026-02-01 21:40:40.034855+00	1	\N	61	3
18	MEN-0226-KE-001	2	2026	450.00	activa		2026-02-01 21:42:55.267167+00	2026-02-01 21:42:55.267182+00	1	\N	25	3
19	MEN-0226-AN-001-80201	2	2026	1300.00	activa		2026-02-01 22:16:41.364324+00	2026-02-01 22:22:44.833056+00	1	1	60	3
20	MEN-0226-ZO-001	2	2026	250.00	activa		2026-02-01 22:54:26.491401+00	2026-02-01 22:54:26.491416+00	1	\N	12	3
23	MEN-0226-IH-001	2	2026	1300.00	activa		2026-02-02 01:16:42.743318+00	2026-02-02 01:16:42.743331+00	1	\N	40	4
6	MEN-0126-TH-001	2	2026	1300.00	activa		2026-01-28 15:25:54.295346+00	2026-02-02 23:51:26.865936+00	6	1	49	4
21	MEN-0226-AN-001-3676	2	2026	1300.00	activa		2026-02-02 01:01:16.15852+00	2026-02-03 04:04:39.054231+00	1	1	33	4
22	MEN-0226-FR-001	2	2026	650.00	activa		2026-02-02 01:09:56.531757+00	2026-02-03 04:34:15.050957+00	1	1	36	4
31	MEN-0226-CR-001-74950	2	2026	850.00	activa		2026-02-03 20:49:10.932184+00	2026-02-03 20:49:10.932197+00	6	\N	31	4
32	MEN-0226-FR-001-81269	2	2026	250.00	activa		2026-02-03 22:34:29.841617+00	2026-02-03 22:34:29.841634+00	6	\N	90	4
25	MEN-0226-JA-001-5968	2	2026	1300.00	activa		2026-02-02 01:39:28.992495+00	2026-02-03 22:46:05.767172+00	1	1	41	4
26	MEN-0226-JE-001	2	2026	1300.00	activa		2026-02-02 01:46:37.52948+00	2026-02-03 22:46:53.027322+00	1	1	43	4
35	MEN-0226-AN-001-7431	2	2026	1300.00	activa		2026-02-04 02:03:51.086789+00	2026-02-04 02:03:51.086802+00	1	\N	71	3
34	MEN-0226-LI-001	2	2026	1300.00	activa		2026-02-04 01:33:14.738637+00	2026-02-04 11:21:07.634733+00	1	1	20	3
36	MEN-0226-JU-001-79919	2	2026	300.00	activa		2026-02-04 22:11:59.86737+00	2026-02-04 22:11:59.867387+00	6	\N	44	4
27	MEN-0226-JU-001	2	2026	1300.00	activa		2026-02-02 01:53:53.361902+00	2026-02-08 05:38:07.62887+00	1	1	42	4
39	MEN-0226-LE-001	2	2026	250.00	activa		2026-02-08 05:43:01.451984+00	2026-02-08 05:43:01.452001+00	1	\N	86	4
33	MEN-0226-NI-001	2	2026	1300.00	activa		2026-02-03 23:08:53.601361+00	2026-02-08 06:09:11.522468+00	6	1	88	4
30	MEN-0226-SE-001	2	2026	1300.00	activa		2026-02-03 03:24:38.825534+00	2026-02-08 06:20:42.332666+00	1	1	51	4
24	MEN-0226-IV-001	2	2026	1300.00	activa		2026-02-02 01:24:27.390754+00	2026-02-08 06:32:14.032572+00	1	1	39	4
29	MEN-0226-AN-001-12059	2	2026	1300.00	activa		2026-02-03 03:20:59.705942+00	2026-02-08 06:47:41.217839+00	1	1	22	4
28	MEN-0226-GA-001	2	2026	1300.00	activa		2026-02-02 02:04:08.763671+00	2026-02-08 07:15:45.019902+00	1	1	38	4
37	MEN-0226-LI-001-81851	2	2026	450.00	activa		2026-02-04 22:44:11.662729+00	2026-02-08 16:45:51.11376+00	1	1	81	3
10	MEN-0226-AL-001	2	2026	450.00	activa		2026-01-31 15:57:49.713874+00	2026-02-08 17:03:58.008949+00	1	1	82	4
12	MEN-0226-JA-001	2	2026	1300.00	activa		2026-02-01 20:05:27.455604+00	2026-02-08 17:15:32.817223+00	1	1	83	3
40	MEN-0226-SE-001-73076	2	2026	975.00	activa	fecha de inicio de seciones 09 de febrero 2026, cancela de 3 semanas	2026-02-09 20:17:56.27145+00	2026-02-09 20:17:56.271462+00	1	\N	92	3
41	MEN-0226-SA-001-57377	2	2026	1300.00	activa		2026-02-10 15:56:17.338951+00	2026-02-10 15:56:17.338964+00	1	\N	104	3
42	MEN-0226-AL-001-83026	2	2026	188.00	activa	PAGO DE 3 SEMANAS	2026-02-11 23:03:46.013761+00	2026-02-11 23:03:46.013777+00	1	\N	74	3
\.


--
-- Data for Name: agenda_proyecto; Type: TABLE DATA; Schema: public; Owner: centro_misael_user
--

COPY public.agenda_proyecto (id, codigo, nombre, tipo, fecha_inicio, fecha_fin_estimada, fecha_fin_real, costo_total, estado, descripcion, observaciones, fecha_creacion, fecha_modificacion, creado_por_id, modificado_por_id, paciente_id, profesional_responsable_id, servicio_base_id, sucursal_id) FROM stdin;
29	EVAL-0029	Evaluacion de Desarrollo Infantil	evaluacion	2026-01-16	2026-01-16	2026-01-29	200.00	finalizado			2026-01-25 23:34:42.744216+00	2026-01-30 00:10:36.463264+00	1	1	78	4	20	3
22	EVAL-0022	Evaluacion Psicopedagogia	evaluacion	2026-01-12	2026-01-16	2026-02-01	400.00	finalizado			2026-01-25 03:36:10.977721+00	2026-02-01 19:10:42.803059+00	1	1	60	9	17	3
23	EVAL-0023	Evaluacion Psicologia Sospecha de TEA	evaluacion	2026-01-12	2026-01-16	2026-02-01	1000.00	finalizado			2026-01-25 03:37:17.093313+00	2026-02-01 19:11:29.8515+00	1	1	60	6	23	3
21	EVAL-0021	Evaluacion de Lenguaje	evaluacion	2026-01-05	2026-01-08	2026-02-01	200.00	finalizado			2026-01-25 03:34:42.782397+00	2026-02-01 19:14:11.515141+00	1	1	60	3	15	3
7	EVAL-0005	EVALUACION DE DESARROLLO	evaluacion	2026-01-13	2026-01-13	2026-01-13	200.00	finalizado			2026-01-13 15:18:26.275964+00	2026-01-13 20:32:47.177275+00	5	5	25	4	13	3
37	EVAL-0037	Evaluacion de Desarrollo Infantil	evaluacion	2026-03-31	2026-03-31	2026-02-01	200.00	finalizado			2026-02-02 00:43:52.318316+00	2026-02-02 00:44:22.572858+00	1	1	82	4	20	4
11	EVAL-0010	Evaluacion de Fisioterapia	evaluacion	2026-01-17	2026-01-17	2026-01-20	200.00	finalizado	Evaluacion de Desarrollo a las 12:30		2026-01-17 14:05:14.631501+00	2026-01-21 03:30:51.761513+00	1	1	57	4	24	4
13	EVAL-0013	Evaluacion de Fisioterapia	evaluacion	2026-01-19	2026-01-19	2026-01-20	200.00	finalizado			2026-01-19 22:24:30.741725+00	2026-01-21 03:31:14.596315+00	1	1	59	4	8	3
42	EVAL-0042	Evaluacion Psicologica	evaluacion	2026-02-05	2026-02-28	\N	300.00	planificado			2026-02-05 20:39:42.781058+00	2026-02-05 20:39:42.781073+00	1	\N	94	6	16	3
43	EVAL-0043	EVALUACION LENGUAJE Y COMUNICACION	evaluacion	2026-02-05	2026-02-28	\N	250.00	planificado			2026-02-05 20:41:53.071225+00	2026-02-05 20:41:53.071247+00	1	\N	94	3	15	3
14	EVAL-0014	EVALUACION DE LENGUAJE	evaluacion	2026-01-05	2026-01-12	2026-01-21	200.00	finalizado	LA EVALUACION SE PROGRAMO EN DICIEMBRE DE 2025 CON UN COSTO DE  BS 200		2026-01-21 19:29:23.950491+00	2026-01-21 21:48:23.135676+00	6	6	28	5	15	4
25	EVAL-0025	Evaluacion psicologia	evaluacion	2026-01-12	2026-01-16	2026-02-06	300.00	finalizado			2026-01-25 03:47:07.72351+00	2026-02-06 20:53:09.094404+00	1	1	75	6	16	3
24	EVAL-0024	Evaluacion de Lenguaje y Comunicacion	evaluacion	2026-01-07	2026-01-13	2026-02-06	250.00	finalizado			2026-01-25 03:42:12.539788+00	2026-02-06 20:53:54.789263+00	1	1	75	6	15	3
8	EVAL-0008	EVALUACION INTEGRAL DE DESARROLLO INFANTIL	evaluacion	2026-01-15	2026-01-23	2026-01-21	1000.00	finalizado	EVALUACION EN LAS AREAS DE:\r\nLENGUAJE \r\nPSICOLOGIA\r\nDESARROLLO INFANTIL (JACKIE)\r\nPSICOPEDAGOGIA		2026-01-13 23:37:28.46043+00	2026-02-06 20:54:21.990919+00	6	1	33	5	6	4
17	EVAL-0017	Evaluacion Integral de Desarrollo	evaluacion	2026-01-22	2026-01-30	\N	1000.00	en_progreso	Evaluacion Integral de Desarrollo Infantil en las areas de Lenguaje, Psicologia y Psicopedagogia		2026-01-22 14:47:21.607034+00	2026-01-25 03:17:58.756294+00	1	1	65	3	21	3
16	EVAL-0016	Evaluacion Integral de Desarrollo	evaluacion	2026-01-22	2026-01-30	\N	1000.00	en_progreso	Evaluacion de Desarrollo Infantil en las areas de Lenguaje, Psicologia y Psicopedagogia 		2026-01-22 14:44:56.449173+00	2026-01-25 03:18:13.52246+00	1	1	66	3	21	3
19	EVAL-0019	Evaluacion de Lenguaje y Comunicacion	evaluacion	2026-01-05	2026-01-08	\N	250.00	en_progreso			2026-01-25 03:27:11.282068+00	2026-01-25 03:27:22.25025+00	1	1	73	3	15	3
35	EVAL-0035	Evaluacion de Desarrollo Infantil	evaluacion	2026-01-31	2026-01-31	2026-02-06	200.00	finalizado			2026-01-31 13:40:09.165887+00	2026-02-06 20:58:49.902545+00	1	1	81	4	20	3
38	EVAL-0038	Evaluacion Psicologia Sospecha de TEA	evaluacion	2026-02-02	2026-02-07	\N	1800.00	cancelado			2026-02-02 20:17:45.858041+00	2026-02-06 22:58:22.080364+00	1	1	87	6	22	3
39	EVAL-0039	Evaluacion de Desarrollo	evaluacion	2026-02-04	2026-02-04	\N	200.00	en_progreso			2026-02-03 20:21:20.493104+00	2026-02-10 15:31:44.842141+00	1	6	89	4	20	4
33	EVAL-0033	Evaluacion Lenguaje y Psicopedagogia	evaluacion	2026-01-29	2026-02-01	2026-02-11	250.00	finalizado			2026-01-29 23:47:48.480101+00	2026-02-12 02:54:53.87228+00	1	1	69	3	15	3
34	EVAL-0034	Evaluacion Psicopedagogia	evaluacion	2026-01-29	2026-02-03	2026-02-11	400.00	finalizado			2026-01-29 23:49:29.290757+00	2026-02-12 02:56:09.455295+00	1	1	69	9	17	3
36	EVAL-0036	Evaluacion Psicologica	evaluacion	2026-02-02	2026-02-05	\N	1000.00	en_progreso			2026-01-31 14:41:51.615167+00	2026-02-12 02:58:32.491631+00	1	1	81	6	23	3
41	EVAL-0041	Evaluacion Psicologica	evaluacion	2026-02-04	2026-02-07	\N	300.00	en_progreso			2026-02-04 22:52:46.290174+00	2026-02-12 17:47:16.570763+00	1	1	93	6	16	3
44	EVAL-0044	Evaluacion del area de Lenguaje	evaluacion	2026-02-05	2026-02-08	\N	250.00	en_progreso			2026-02-05 21:03:44.50681+00	2026-02-12 17:48:05.097794+00	1	1	95	3	15	3
45	EVAL-0045	Evaluacion de Lenguaje y Comunicacion	evaluacion	2026-02-06	2026-02-09	\N	250.00	en_progreso			2026-02-05 23:02:39.00818+00	2026-02-12 17:50:29.655034+00	1	1	96	3	15	3
47	EVAL-0047	EVALUACION PSICOMOTRICIDAD	evaluacion	2026-02-06	2026-02-28	2026-02-12	200.00	finalizado			2026-02-06 19:12:29.934866+00	2026-02-12 17:51:11.852408+00	1	1	98	4	18	3
48	EVAL-0048	EVALUACION DESARROLLO	evaluacion	2026-02-06	2026-02-28	\N	200.00	en_progreso			2026-02-06 22:04:14.6512+00	2026-02-12 17:54:57.469561+00	1	1	96	4	20	3
46	EVAL-0046	Evaluacion Integral Sospecha de TEA	evaluacion	2026-02-09	2026-02-13	\N	1800.00	en_progreso			2026-02-05 23:11:57.511159+00	2026-02-12 17:55:47.598994+00	1	1	97	6	22	3
49	EVAL-0049	Evaluacion de Desarrollo Infantil	evaluacion	2026-02-10	2026-02-10	2026-02-12	200.00	finalizado			2026-02-09 19:41:40.992713+00	2026-02-12 17:58:51.218426+00	1	1	101	4	24	3
15	EVAL-0015	EVALUACION PSICOLOGICA	evaluacion	2026-01-08	2026-01-22	2026-01-28	200.00	finalizado	Realizo la programacion en el mes de Diciembre con el costo de 200 bs. dejando adelnato de 100 bs. y Saldo de 100 bs. a cancelar en el recojo del Informe ya que la familia es de Villazon		2026-01-21 21:37:22.030081+00	2026-01-28 15:53:01.869658+00	6	6	63	12	16	4
31	EVAL-0031	Evaluacion Integral de TEA	evaluacion	2026-01-28	2026-02-10	\N	1800.00	en_progreso	La evaluacion de ADOS - 2 y ADIR - R se realizara en la calle Japon oficina central		2026-01-28 15:45:20.88744+00	2026-01-28 15:54:34.265257+00	6	6	79	12	22	4
32	EVAL-0032	Evaluacion Integral de Desarrollo	evaluacion	2026-01-29	2026-02-05	\N	1000.00	en_progreso	Evaluacion Integral en las areas de Psicologia, Psicopedagogia		2026-01-29 18:56:50.454264+00	2026-01-29 23:57:42.178507+00	1	1	80	6	21	3
30	EVAL-0030	Evaluacion de Desarrollo Infantil	evaluacion	2026-01-12	2026-01-12	2026-01-29	200.00	finalizado			2026-01-25 23:36:30.616417+00	2026-01-30 00:06:41.579079+00	1	1	61	4	20	3
26	EVAL-0026	Evaluacion de Desarrollo Infantil	evaluacion	2026-01-05	2026-01-05	2026-01-29	200.00	finalizado			2026-01-25 03:51:42.403132+00	2026-01-30 00:07:02.119796+00	1	1	19	4	20	3
20	EVAL-0020	Evaluacion de Lenguaje, Psicologia, desarrollo y Psicopedagogia	evaluacion	2026-01-07	2026-01-16	2026-01-29	1000.00	finalizado			2026-01-25 03:33:01.817596+00	2026-01-30 00:07:25.063849+00	1	1	74	9	21	3
28	EVAL-0028	Evaluacion Psicologia	evaluacion	2026-01-12	2026-01-15	2026-01-29	250.00	finalizado			2026-01-25 23:28:22.956699+00	2026-01-30 00:07:37.431564+00	1	1	77	6	16	3
27	EVAL-0027	Evaluacion de Lenguaje y Comunicacion	evaluacion	2026-01-12	2026-01-13	2026-01-29	250.00	finalizado			2026-01-25 23:24:17.389171+00	2026-01-30 00:07:54.660282+00	1	1	76	3	15	3
9	EVAL-0009	EVALUACION DE LENGUAJE	evaluacion	2026-01-15	2026-01-17	2026-01-29	250.00	finalizado			2026-01-14 19:27:16.101257+00	2026-01-30 00:09:12.365399+00	5	1	26	3	6	3
50	EVAL-0050	Evaluacion Psicologica	evaluacion	2026-02-13	2026-02-21	\N	300.00	planificado	El paciente vive en tika tika por lo que solo vendra viernes y sabado		2026-02-09 19:56:25.453456+00	2026-02-09 19:56:25.453469+00	1	\N	99	6	16	3
51	EVAL-0051	Evaluacion de lenguaje	evaluacion	2026-02-13	2026-02-21	\N	250.00	planificado	vive en tika tika por lo que vendra solo viernes y sabado		2026-02-09 20:00:08.116674+00	2026-02-09 20:00:08.11669+00	1	\N	99	3	15	3
53	EVAL-0053	EVALUACION DE LENGUAJE	evaluacion	2026-02-11	2026-02-16	\N	250.00	planificado			2026-02-10 14:56:57.281881+00	2026-02-10 14:56:57.281902+00	6	\N	102	5	15	4
54	EVAL-0054	evaluación de desarrollo	evaluacion	2026-02-18	2026-02-28	\N	1000.00	planificado			2026-02-10 15:23:37.02486+00	2026-02-10 15:23:37.024873+00	1	\N	103	4	21	3
40	EVAL-0040	EVALUACION INTEGRAL DE DESARROLLO INFANTIL	evaluacion	2026-02-05	2026-02-13	\N	1000.00	en_progreso			2026-02-04 13:33:44.200012+00	2026-02-10 15:31:02.831646+00	6	6	91	5	21	4
55	EVAL-0055	Evaluacion Psicologica	evaluacion	2026-02-12	2026-02-14	\N	300.00	planificado			2026-02-11 23:43:14.58598+00	2026-02-11 23:43:14.585992+00	1	\N	105	6	16	3
57	EVAL-0057	Evaluacion Psicologica	evaluacion	2026-02-11	\N	\N	300.00	planificado			2026-02-11 23:56:15.651423+00	2026-02-11 23:56:15.651438+00	1	\N	106	6	16	3
52	EVAL-0052	Evaluacion sensorial	evaluacion	2026-02-06	2026-02-06	2026-02-12	200.00	finalizado			2026-02-09 20:20:49.218343+00	2026-02-12 17:48:42.977234+00	1	1	92	4	19	3
56	EVAL-0056	Evaluacion de lenguaje y comunicacion	evaluacion	2026-02-12	2026-02-14	\N	250.00	en_progreso			2026-02-11 23:55:00.68912+00	2026-02-12 18:00:22.731061+00	1	1	106	3	15	3
\.


--
-- Data for Name: agenda_servicioprofesionalmensualidad; Type: TABLE DATA; Schema: public; Owner: centro_misael_user
--

COPY public.agenda_servicioprofesionalmensualidad (id, mensualidad_id, profesional_id, servicio_id) FROM stdin;
1	6	12	4
2	6	5	6
3	6	8	7
4	6	11	9
5	6	10	10
6	6	13	12
7	7	6	4
8	7	3	6
9	7	9	7
11	7	4	11
10	7	7	10
17	9	6	4
18	9	3	6
19	9	9	7
20	9	7	10
21	9	4	11
22	10	4	13
23	11	6	4
24	11	3	6
25	11	9	7
26	11	7	10
27	11	4	11
28	12	6	4
29	12	3	6
30	12	9	7
31	12	7	10
32	12	4	11
33	13	6	4
34	13	3	6
35	13	9	7
36	13	11	9
37	13	7	10
38	14	11	13
39	14	4	9
40	15	11	9
41	15	4	13
42	16	6	4
43	16	3	6
44	16	7	12
45	17	4	13
46	18	4	13
47	19	6	4
48	19	3	6
49	19	9	7
51	19	7	12
50	19	11	9
52	19	4	11
53	20	7	12
54	21	12	4
55	21	5	6
56	21	4	8
57	21	11	9
58	21	10	10
59	22	5	6
60	22	8	7
61	22	13	12
63	23	12	4
64	23	5	6
65	23	8	7
66	23	11	9
67	23	10	10
68	23	13	12
70	24	5	6
71	24	8	7
73	24	10	10
75	25	5	6
76	25	11	9
77	25	10	10
78	25	4	11
80	26	5	6
81	26	8	7
82	26	11	9
83	26	10	10
84	27	12	4
85	27	5	6
86	27	8	7
88	27	10	10
89	27	13	12
90	27	4	11
92	28	5	6
93	28	8	7
96	28	4	11
98	29	5	6
99	29	11	9
100	29	10	10
103	30	5	6
104	30	8	7
106	30	13	12
62	22	12	4
108	31	12	4
109	31	5	6
110	31	8	7
111	31	13	12
112	32	13	12
74	25	14	4
79	26	14	4
113	33	14	4
114	33	5	6
115	33	8	7
117	33	4	11
118	34	3	6
119	34	9	7
120	34	11	9
121	34	7	10
122	35	6	4
123	35	3	6
124	35	9	7
125	35	7	10
126	34	4	11
127	36	13	12
128	37	4	13
87	27	12	9
131	39	13	12
116	33	10	10
132	33	12	9
102	30	14	4
105	30	12	9
107	30	4	11
69	24	14	4
72	24	12	11
97	29	14	4
101	29	12	11
133	29	4	8
91	28	14	4
94	28	12	9
95	28	7	12
134	37	11	11
135	10	12	11
136	12	11	9
137	40	6	4
138	40	11	9
139	40	7	10
140	40	4	11
141	41	6	4
142	41	3	6
143	41	9	7
144	41	11	9
145	41	4	11
146	41	7	12
147	42	7	12
\.


--
-- Data for Name: agenda_sesion; Type: TABLE DATA; Schema: public; Owner: centro_misael_user
--

COPY public.agenda_sesion (id, fecha, hora_inicio, hora_fin, duracion_minutos, estado, fecha_reprogramada, hora_reprogramada, motivo_reprogramacion, reprogramacion_realizada, hora_real_inicio, minutos_retraso, monto_cobrado, observaciones, notas_sesion, fecha_creacion, fecha_modificacion, creada_por_id, modificada_por_id, paciente_id, profesional_id, proyecto_id, servicio_id, sucursal_id, editada_por_profesional, fecha_edicion_profesional, profesional_editor_id, mensualidad_id) FROM stdin;
595	2026-02-04	17:30:00	18:15:00	45	realizada	\N	\N		f	\N	\N	0.00			2026-02-01 21:14:00.943047+00	2026-02-04 23:41:19.472624+00	1	9	14	4	\N	13	3	t	2026-02-04 23:41:19.472462+00	4	15
968	2026-02-13	16:45:00	17:30:00	45	programada	\N	\N		f	\N	\N	0.00			2026-02-02 01:33:34.752106+00	2026-02-08 06:33:58.434485+00	1	1	39	12	\N	11	4	f	\N	\N	24
435	2026-02-18	15:15:00	16:00:00	45	programada	\N	\N		f	\N	\N	0.00			2026-02-01 19:51:36.12981+00	2026-02-01 19:51:36.129827+00	1	1	4	6	\N	4	3	f	\N	\N	11
436	2026-02-19	15:15:00	16:00:00	45	programada	\N	\N		f	\N	\N	0.00			2026-02-01 19:51:36.337598+00	2026-02-01 19:51:36.337615+00	1	1	4	6	\N	4	3	f	\N	\N	11
437	2026-02-25	15:15:00	16:00:00	45	programada	\N	\N		f	\N	\N	0.00			2026-02-01 19:51:36.621658+00	2026-02-01 19:51:36.62167+00	1	1	4	6	\N	4	3	f	\N	\N	11
438	2026-02-26	15:15:00	16:00:00	45	programada	\N	\N		f	\N	\N	0.00			2026-02-01 19:51:36.828257+00	2026-02-01 19:51:36.828274+00	1	1	4	6	\N	4	3	f	\N	\N	11
311	2026-02-03	09:45:00	10:30:00	45	realizada	\N	\N		f	\N	\N	0.00		Se realizo seguimiento de ordenes y tolerancia a la frustración , evidenciando llanto, conductas disruptivas	2026-01-29 23:34:32.510187+00	2026-02-03 18:39:08.494521+00	1	10	13	6	\N	4	3	t	2026-02-03 18:39:08.494397+00	6	7
535	2026-02-06	16:00:00	16:45:00	45	realizada	\N	\N		f	\N	\N	0.00			2026-02-01 20:51:47.686074+00	2026-02-10 22:05:09.319647+00	1	1	16	4	\N	9	3	f	\N	\N	13
442	2026-02-13	16:00:00	16:30:00	30	programada	\N	\N		f	\N	\N	0.00			2026-02-01 19:52:24.922349+00	2026-02-01 19:52:24.922367+00	1	1	4	3	\N	6	3	f	\N	\N	11
963	2026-02-04	17:30:00	18:15:00	45	realizada	\N	\N		f	\N	\N	0.00		Realizo actividad de movimiento en circuito, cómo subir y bajar , dar volteos y saltos en trampolín.	2026-02-02 01:31:19.872497+00	2026-02-04 23:53:20.68152+00	1	16	39	11	\N	9	4	t	2026-02-04 23:53:20.681264+00	11	24
444	2026-02-20	16:00:00	16:30:00	30	programada	\N	\N		f	\N	\N	0.00			2026-02-01 19:52:25.331724+00	2026-02-01 19:52:25.331737+00	1	1	4	3	\N	6	3	f	\N	\N	11
445	2026-02-23	16:00:00	16:30:00	30	programada	\N	\N		f	\N	\N	0.00			2026-02-01 19:52:25.542038+00	2026-02-01 19:52:25.542053+00	1	1	4	3	\N	6	3	f	\N	\N	11
446	2026-02-27	16:00:00	16:30:00	30	programada	\N	\N		f	\N	\N	0.00			2026-02-01 19:52:25.819224+00	2026-02-01 19:52:25.819239+00	1	1	4	3	\N	6	3	f	\N	\N	11
469	2026-02-23	15:15:00	16:00:00	45	programada	\N	\N		f	\N	\N	0.00			2026-02-01 19:57:14.030658+00	2026-02-08 17:32:17.490777+00	1	1	4	11	\N	11	3	f	\N	\N	11
596	2026-02-06	17:30:00	18:15:00	45	realizada	\N	\N		f	\N	\N	0.00	Trabajamos circuito motriz, trabajamos con el cuaderno que aun no se tiene consolidado el aprendizaje de las partes del cuerpo y de los animales		2026-02-01 21:14:01.103253+00	2026-02-08 17:34:49.88359+00	1	1	14	4	\N	13	3	f	\N	\N	15
450	2026-02-13	14:30:00	15:15:00	45	programada	\N	\N		f	\N	\N	0.00			2026-02-01 19:54:03.819059+00	2026-02-01 19:54:03.819075+00	1	1	4	9	\N	7	3	f	\N	\N	11
451	2026-02-19	14:30:00	15:15:00	45	programada	\N	\N		f	\N	\N	0.00			2026-02-01 19:54:04.021261+00	2026-02-01 19:54:04.02128+00	1	1	4	9	\N	7	3	f	\N	\N	11
452	2026-02-20	14:30:00	15:15:00	45	programada	\N	\N		f	\N	\N	0.00			2026-02-01 19:54:04.224858+00	2026-02-01 19:54:04.224875+00	1	1	4	9	\N	7	3	f	\N	\N	11
453	2026-02-26	14:30:00	15:15:00	45	programada	\N	\N		f	\N	\N	0.00			2026-02-01 19:54:04.426974+00	2026-02-01 19:54:04.426985+00	1	1	4	9	\N	7	3	f	\N	\N	11
454	2026-02-27	14:30:00	15:15:00	45	programada	\N	\N		f	\N	\N	0.00			2026-02-01 19:54:04.828936+00	2026-02-01 19:54:04.828953+00	1	1	4	9	\N	7	3	f	\N	\N	11
739	2026-02-05	09:00:00	10:00:00	60	realizada_retraso	\N	\N		f	\N	\N	50.00		Sesión realizada, con atraso de 15 min.	2026-02-01 22:31:46.975096+00	2026-02-05 14:57:21.508902+00	1	14	11	9	\N	7	3	t	2026-02-05 14:57:21.508696+00	9	\N
447	2026-02-05	14:30:00	15:15:00	45	permiso	\N	\N		f	\N	\N	0.00		A solicitud de la madre, refiere que benjamin se encuentra delicado de salud. Por esto el motivo del permiso	2026-02-01 19:54:03.215155+00	2026-02-05 18:46:39.771904+00	1	14	4	9	\N	7	3	t	2026-02-05 18:46:39.771757+00	9	11
1617	2026-02-05	15:15:00	16:00:00	45	realizada	\N	\N		f	\N	\N	70.00			2026-02-03 22:08:48.737732+00	2026-02-11 14:13:15.827002+00	6	1	67	14	\N	4	4	f	\N	\N	\N
432	2026-02-05	15:15:00	16:00:00	45	falta	\N	\N		f	\N	\N	0.00			2026-02-01 19:51:35.422389+00	2026-02-05 20:52:45.357325+00	1	10	4	6	\N	4	3	t	2026-02-05 20:52:45.357122+00	6	11
460	2026-02-18	14:30:00	15:15:00	45	programada	\N	\N		f	\N	\N	0.00			2026-02-01 19:56:11.320072+00	2026-02-01 19:56:11.320088+00	1	1	4	7	\N	10	3	f	\N	\N	11
461	2026-02-24	14:30:00	15:15:00	45	programada	\N	\N		f	\N	\N	0.00			2026-02-01 19:56:11.519262+00	2026-02-01 19:56:11.519274+00	1	1	4	7	\N	10	3	f	\N	\N	11
462	2026-02-25	14:30:00	15:15:00	45	programada	\N	\N		f	\N	\N	0.00			2026-02-01 19:56:11.641835+00	2026-02-01 19:56:11.641845+00	1	1	4	7	\N	10	3	f	\N	\N	11
465	2026-02-09	15:15:00	16:00:00	45	realizada	\N	\N		f	\N	\N	0.00	Trabajo con Gabi		2026-02-01 19:57:13.239324+00	2026-02-10 01:29:50.954596+00	1	1	4	11	\N	11	3	f	\N	\N	11
433	2026-02-11	15:15:00	16:00:00	45	realizada	\N	\N		f	\N	\N	0.00			2026-02-01 19:51:35.645628+00	2026-02-11 20:11:21.28532+00	1	10	4	6	\N	4	3	t	2026-02-11 20:11:21.285204+00	6	11
466	2026-02-10	15:15:00	16:00:00	45	programada	\N	\N		f	\N	\N	0.00			2026-02-01 19:57:13.433788+00	2026-02-01 19:57:13.433804+00	1	1	4	4	\N	11	3	f	\N	\N	11
2192	2026-02-23	09:00:00	10:00:00	60	programada	\N	\N		f	\N	\N	0.00			2026-02-11 23:05:05.233973+00	2026-02-11 23:05:05.233993+00	1	1	74	7	\N	12	3	f	\N	\N	42
2193	2026-02-25	09:00:00	10:00:00	60	programada	\N	\N		f	\N	\N	0.00			2026-02-11 23:05:05.499807+00	2026-02-11 23:05:05.499822+00	1	1	74	7	\N	12	3	f	\N	\N	42
470	2026-02-24	15:15:00	16:00:00	45	programada	\N	\N		f	\N	\N	0.00			2026-02-01 19:57:14.224093+00	2026-02-01 19:57:14.224106+00	1	1	4	4	\N	11	3	f	\N	\N	11
588	2026-02-13	03:15:00	04:00:00	45	programada	\N	\N		f	\N	\N	0.00			2026-02-01 21:10:28.789952+00	2026-02-01 21:10:28.789967+00	1	\N	9	4	\N	9	3	f	\N	\N	14
589	2026-02-20	03:15:00	04:00:00	45	programada	\N	\N		f	\N	\N	0.00			2026-02-01 21:10:28.996142+00	2026-02-01 21:10:28.996153+00	1	\N	9	4	\N	9	3	f	\N	\N	14
590	2026-02-27	03:15:00	04:00:00	45	programada	\N	\N		f	\N	\N	0.00			2026-02-01 21:10:29.196705+00	2026-02-01 21:10:29.196715+00	1	\N	9	4	\N	9	3	f	\N	\N	14
464	2026-02-03	15:15:00	16:00:00	45	realizada	\N	\N		f	\N	\N	0.00	se trabajo con Gabriela		2026-02-01 19:57:13.040143+00	2026-02-04 02:44:06.145601+00	1	1	4	4	\N	11	3	f	\N	\N	11
434	2026-02-12	15:15:00	16:00:00	45	realizada	\N	\N		f	\N	\N	0.00		Estimulación cognitiva y sensorial	2026-02-01 19:51:35.919316+00	2026-02-12 20:11:15.635545+00	1	10	4	6	\N	4	3	t	2026-02-12 20:11:15.635203+00	6	11
439	2026-02-02	16:00:00	16:30:00	30	realizada	\N	\N		f	\N	\N	0.00			2026-02-01 19:52:24.309343+00	2026-02-03 05:05:05.943869+00	1	1	4	3	\N	6	3	f	\N	\N	11
594	2026-02-23	17:30:00	18:15:00	45	programada	\N	\N		f	\N	\N	0.00			2026-02-01 21:12:40.390674+00	2026-02-01 21:12:40.390685+00	1	1	14	11	\N	9	3	f	\N	\N	15
463	2026-02-02	15:15:00	16:00:00	45	realizada	\N	\N		f	\N	\N	0.00		Trabajamos circuito motor	2026-02-01 19:57:12.917673+00	2026-02-02 21:31:19.508278+00	1	9	4	4	\N	11	3	t	2026-02-02 21:31:19.508062+00	4	11
456	2026-02-04	14:30:00	15:15:00	45	permiso	\N	\N		f	\N	\N	0.00		Solicito permiso	2026-02-01 19:56:10.440023+00	2026-02-04 18:35:12.186063+00	1	12	4	7	\N	10	3	t	2026-02-04 18:35:12.185713+00	7	11
431	2026-02-04	15:15:00	16:00:00	45	permiso	\N	\N		f	\N	\N	0.00			2026-02-01 19:51:35.231308+00	2026-02-04 18:51:19.99049+00	1	10	4	6	\N	4	3	t	2026-02-04 18:51:19.990355+00	6	11
1887	2026-02-04	15:30:00	16:30:00	60	realizada	\N	\N		f	\N	\N	50.00		Durante la sesión se llevó a cabo el área de memoria, velocidad de procesamiento y control inhibitorio; se pudo observar que el paciente tuvo un buen desempeño en las actividades asignadas	2026-02-04 22:04:10.926913+00	2026-02-05 01:24:27.717718+00	6	15	44	8	\N	7	4	t	2026-02-05 01:24:27.717579+00	8	\N
1785	2026-02-05	10:00:00	11:00:00	60	realizada	\N	\N		f	\N	\N	0.00		Realizada sin dificultad	2026-02-04 02:08:05.741851+00	2026-02-05 15:51:36.421809+00	1	14	71	9	\N	7	3	t	2026-02-05 15:51:36.421571+00	9	35
441	2026-02-09	16:00:00	16:30:00	30	realizada	\N	\N		f	\N	\N	0.00			2026-02-01 19:52:24.6453+00	2026-02-10 22:08:34.126376+00	1	1	4	3	\N	6	3	f	\N	\N	11
1951	2026-02-11	15:30:00	16:00:00	30	programada	\N	\N		f	\N	\N	0.00			2026-02-05 22:55:36.484539+00	2026-02-05 22:55:36.484556+00	6	6	43	5	\N	6	4	f	\N	\N	26
455	2026-02-03	14:30:00	15:15:00	45	realizada_retraso	\N	\N		f	14:55:00	25	0.00		Ensartado coordinación óculo-manual \r\nSecuencia de tamaños	2026-02-01 19:56:10.310679+00	2026-02-03 19:04:17.472486+00	1	12	4	7	\N	10	3	t	2026-02-03 19:04:17.472225+00	7	11
1952	2026-02-13	15:30:00	16:00:00	30	programada	\N	\N		f	\N	\N	0.00			2026-02-05 22:55:36.688879+00	2026-02-05 22:55:36.68889+00	6	6	43	5	\N	6	4	f	\N	\N	26
1953	2026-02-18	15:30:00	16:00:00	30	programada	\N	\N		f	\N	\N	0.00			2026-02-05 22:55:36.891145+00	2026-02-05 22:55:36.891164+00	6	6	43	5	\N	6	4	f	\N	\N	26
1954	2026-02-20	15:30:00	16:00:00	30	programada	\N	\N		f	\N	\N	0.00			2026-02-05 22:55:37.170641+00	2026-02-05 22:55:37.170656+00	6	6	43	5	\N	6	4	f	\N	\N	26
1955	2026-02-25	15:30:00	16:00:00	30	programada	\N	\N		f	\N	\N	0.00			2026-02-05 22:55:37.373594+00	2026-02-05 22:55:37.373608+00	6	6	43	5	\N	6	4	f	\N	\N	26
1956	2026-02-27	15:30:00	16:00:00	30	programada	\N	\N		f	\N	\N	0.00			2026-02-05 22:55:37.577611+00	2026-02-05 22:55:37.577627+00	6	6	43	5	\N	6	4	f	\N	\N	26
674	2026-02-09	10:30:00	11:15:00	45	realizada	\N	\N		f	\N	\N	0.00			2026-02-01 21:43:26.606546+00	2026-02-09 19:03:00.429052+00	1	1	25	4	\N	13	3	f	\N	\N	18
665	2026-02-10	11:15:00	12:00:00	45	realizada	\N	\N		f	\N	\N	0.00			2026-02-01 21:42:07.703497+00	2026-02-10 22:11:28.741478+00	1	1	61	4	\N	13	3	f	\N	\N	17
673	2026-02-05	10:30:00	11:15:00	45	permiso	\N	\N		f	\N	\N	0.00	SOLICITUD DE PERMISO POR VIAJE		2026-02-01 21:43:26.400389+00	2026-02-10 22:01:45.460629+00	1	1	25	4	\N	13	3	f	\N	\N	18
319	2026-02-03	09:00:00	09:30:00	30	realizada	\N	\N		f	\N	\N	0.00		La sesión terapéutica se llevó a cabo con la presencia de dificultades conductuales que afectaron la adherencia a las instrucciones propuestas. No obstante, se logró completar la intervención en su totalidad conforme a los objetivos establecidos.	2026-01-29 23:35:55.34912+00	2026-02-03 13:39:05.755569+00	1	8	13	3	\N	6	3	t	2026-02-03 13:39:05.755382+00	3	7
664	2026-02-05	11:15:00	12:00:00	45	realizada	\N	\N		f	\N	\N	0.00		Estimulacion de gateo	2026-02-01 21:42:07.50415+00	2026-02-10 22:02:03.922576+00	1	1	61	4	\N	13	3	f	\N	\N	17
1957	2026-02-03	17:30:00	18:00:00	30	falta	\N	\N		f	\N	\N	0.00			2026-02-05 22:57:17.180278+00	2026-02-11 13:39:09.357914+00	6	1	43	5	\N	6	4	f	\N	\N	26
597	2026-02-11	17:30:00	18:15:00	45	realizada	\N	\N		f	\N	\N	0.00			2026-02-01 21:14:01.387393+00	2026-02-12 02:49:03.711222+00	1	1	14	4	\N	13	3	f	\N	\N	15
598	2026-02-13	17:30:00	18:15:00	45	programada	\N	\N		f	\N	\N	0.00			2026-02-01 21:14:01.587802+00	2026-02-01 21:14:01.587815+00	1	1	14	4	\N	13	3	f	\N	\N	15
599	2026-02-18	17:30:00	18:15:00	45	programada	\N	\N		f	\N	\N	0.00			2026-02-01 21:14:01.935474+00	2026-02-01 21:14:01.935488+00	1	1	14	4	\N	13	3	f	\N	\N	15
600	2026-02-20	17:30:00	18:15:00	45	programada	\N	\N		f	\N	\N	0.00			2026-02-01 21:14:02.103894+00	2026-02-01 21:14:02.103906+00	1	1	14	4	\N	13	3	f	\N	\N	15
601	2026-02-25	17:30:00	18:15:00	45	programada	\N	\N		f	\N	\N	0.00			2026-02-01 21:14:02.304762+00	2026-02-01 21:14:02.304778+00	1	1	14	4	\N	13	3	f	\N	\N	15
602	2026-02-27	17:30:00	18:15:00	45	programada	\N	\N		f	\N	\N	0.00			2026-02-01 21:14:02.583154+00	2026-02-01 21:14:02.583167+00	1	1	14	4	\N	13	3	f	\N	\N	15
672	2026-02-03	10:30:00	11:15:00	45	realizada_retraso	\N	\N		f	10:50:00	20	0.00	falta de transporte	trabajamos giros y bobath	2026-02-01 21:43:26.188839+00	2026-02-04 02:42:32.817023+00	1	1	25	4	\N	13	3	f	\N	\N	18
663	2026-02-03	11:15:00	12:00:00	45	realizada	\N	\N		f	\N	\N	0.00	Retorno de su control Neuropediatrico el cual reporto un Electroencefalograma dentro de lo norma y Dra. Moreno indica que se añada una sesion y continue con la estimulacion temprana		2026-02-01 21:42:07.301534+00	2026-02-04 02:43:40.710142+00	1	1	61	4	\N	13	3	f	\N	\N	17
695	2026-02-04	10:30:00	11:00:00	30	realizada	\N	\N		f	\N	\N	0.00		La sesión se realizó sin contratiempos, con asistencia puntual del paciente. No obstante, se evidenciaron dificultades asociadas a la atención dispersa, lo que interfirió en la continuidad y fluidez del proceso terapéutico	2026-02-01 22:18:10.549853+00	2026-02-04 15:21:37.919729+00	1	8	60	3	\N	6	3	t	2026-02-04 15:21:37.919508+00	3	19
666	2026-02-12	11:15:00	12:00:00	45	programada	\N	\N		f	\N	\N	0.00			2026-02-01 21:42:07.901733+00	2026-02-01 21:42:07.901744+00	1	\N	61	4	\N	13	3	f	\N	\N	17
668	2026-02-19	11:15:00	12:00:00	45	programada	\N	\N		f	\N	\N	0.00			2026-02-01 21:42:08.302682+00	2026-02-01 21:42:08.302696+00	1	\N	61	4	\N	13	3	f	\N	\N	17
669	2026-02-24	11:15:00	12:00:00	45	programada	\N	\N		f	\N	\N	0.00			2026-02-01 21:42:08.509749+00	2026-02-01 21:42:08.509762+00	1	\N	61	4	\N	13	3	f	\N	\N	17
670	2026-02-26	11:15:00	12:00:00	45	programada	\N	\N		f	\N	\N	0.00			2026-02-01 21:42:08.783234+00	2026-02-01 21:42:08.783245+00	1	\N	61	4	\N	13	3	f	\N	\N	17
676	2026-02-12	10:30:00	11:15:00	45	programada	\N	\N		f	\N	\N	0.00			2026-02-01 21:43:27.098188+00	2026-02-01 21:43:27.098199+00	1	1	25	4	\N	13	3	f	\N	\N	18
679	2026-02-19	10:30:00	11:15:00	45	programada	\N	\N		f	\N	\N	0.00			2026-02-01 21:43:27.788498+00	2026-02-01 21:43:27.788512+00	1	1	25	4	\N	13	3	f	\N	\N	18
680	2026-02-23	10:30:00	11:15:00	45	programada	\N	\N		f	\N	\N	0.00			2026-02-01 21:43:27.999217+00	2026-02-01 21:43:27.999232+00	1	1	25	4	\N	13	3	f	\N	\N	18
681	2026-02-24	10:30:00	11:15:00	45	programada	\N	\N		f	\N	\N	0.00			2026-02-01 21:43:28.199547+00	2026-02-01 21:43:28.199565+00	1	1	25	4	\N	13	3	f	\N	\N	18
682	2026-02-26	10:30:00	11:15:00	45	programada	\N	\N		f	\N	\N	0.00			2026-02-01 21:43:28.401062+00	2026-02-01 21:43:28.401077+00	1	1	25	4	\N	13	3	f	\N	\N	18
698	2026-02-13	10:30:00	11:00:00	30	programada	\N	\N		f	\N	\N	0.00			2026-02-01 22:18:11.134325+00	2026-02-01 22:18:11.134337+00	1	1	60	3	\N	6	3	f	\N	\N	19
699	2026-02-18	10:30:00	11:00:00	30	programada	\N	\N		f	\N	\N	0.00			2026-02-01 22:18:11.336859+00	2026-02-01 22:18:11.336871+00	1	1	60	3	\N	6	3	f	\N	\N	19
700	2026-02-20	10:30:00	11:00:00	30	programada	\N	\N		f	\N	\N	0.00			2026-02-01 22:18:11.534764+00	2026-02-01 22:18:11.534776+00	1	1	60	3	\N	6	3	f	\N	\N	19
701	2026-02-25	10:30:00	11:00:00	30	programada	\N	\N		f	\N	\N	0.00			2026-02-01 22:18:11.731737+00	2026-02-01 22:18:11.731755+00	1	1	60	3	\N	6	3	f	\N	\N	19
671	2026-02-02	10:30:00	11:15:00	45	realizada_retraso	\N	\N		f	10:50:00	20	0.00		Realizamos trabajo en colchoneta, giros y pelota	2026-02-01 21:43:25.929716+00	2026-02-02 21:29:34.637771+00	1	9	25	4	\N	13	3	t	2026-02-02 21:29:34.63757+00	4	18
1547	2026-02-04	09:00:00	09:45:00	45	realizada_retraso	\N	\N		f	09:10:00	10	0.00		Se inicio de sesión posterior a los 10 minutos de retraso a la hora establecida. Se trabaja nuevamente seguimiento de órdenes simples mientras manipula materiales lúdicos No se presentó dificultad alguna durante la sesión.	2026-02-03 04:10:47.764292+00	2026-02-05 03:37:57.70691+00	1	13	22	10	\N	10	4	t	2026-02-05 03:37:57.706666+00	10	29
1095	2026-02-04	10:30:00	11:15:00	45	realizada	\N	\N		f	\N	\N	0.00		Se da inicio de sesión en la hora respectiva, haciendo la revisión rutinaria de uñas en manos y pies. Se trabajó seguimiento de órdenes simples y clasificación de colores y ejercicios en escalones, No se presentó dificultad alguna durante la sesión.	2026-02-02 02:00:39.900727+00	2026-02-05 03:39:21.474154+00	1	13	42	10	\N	10	4	t	2026-02-05 03:39:21.474003+00	10	27
704	2026-02-05	11:15:00	12:00:00	45	realizada	\N	\N		f	\N	\N	0.00		Sesión realizada, sin dificultad	2026-02-01 22:19:06.133055+00	2026-02-05 16:11:34.9079+00	1	14	60	9	\N	7	3	t	2026-02-05 16:11:34.90774+00	9	19
608	2026-02-05	17:30:00	18:00:00	30	realizada	\N	\N		f	\N	\N	0.00		Sesión realizada sin dificultad	2026-02-01 21:25:26.595499+00	2026-02-05 22:12:12.078526+00	1	8	84	3	\N	6	3	t	2026-02-05 22:12:12.078336+00	3	16
2112	2026-02-10	09:30:00	10:15:00	45	realizada	\N	\N		f	\N	\N	0.00		EVALUACION REALIZADA, PACIENTE EN ESPERA DE PROGRAMACION DE HORARIO PARA ESTIMULACION TEMPRANA DESPUES DE CARNAVAL	2026-02-09 20:11:13.821057+00	2026-02-10 22:10:57.452383+00	1	1	101	4	49	24	3	f	\N	\N	\N
1960	2026-02-24	17:30:00	18:00:00	30	programada	\N	\N		f	\N	\N	0.00			2026-02-05 22:57:17.896924+00	2026-02-05 22:57:17.896939+00	6	6	43	5	\N	6	4	f	\N	\N	26
1928	2026-02-05	14:30:00	15:15:00	45	realizada	\N	\N		f	\N	\N	70.00		Atencion sostenida mediante actividades de memoria	2026-02-05 13:18:49.429164+00	2026-02-05 22:58:17.324961+00	6	17	48	12	\N	4	4	t	2026-02-05 22:58:17.324793+00	12	\N
616	2026-02-05	16:45:00	17:30:00	45	realizada	\N	\N		f	\N	\N	0.00		Grafomotricidad escritura de nombre mediante el deletreo de letras y copia del mismo	2026-02-01 21:27:47.310186+00	2026-02-05 22:58:41.546185+00	1	12	84	7	\N	12	3	t	2026-02-05 22:58:41.546014+00	7	16
824	2026-02-05	17:30:00	18:15:00	45	falta	\N	\N		f	\N	\N	0.00		No asistió a sesión	2026-02-01 23:34:15.550122+00	2026-02-05 22:59:16.756147+00	1	12	83	7	\N	10	3	t	2026-02-05 22:59:16.755906+00	7	12
847	2026-02-05	10:30:00	11:00:00	30	realizada	\N	\N		f	\N	\N	0.00		Reconocimiento familiar	2026-02-02 01:03:07.957634+00	2026-02-05 23:03:12.821758+00	1	11	33	5	\N	6	4	t	2026-02-05 23:03:12.821554+00	5	21
1958	2026-02-10	17:30:00	18:00:00	30	realizada	\N	\N		f	\N	\N	0.00		Órdenes complejas de dos a tres instituciones	2026-02-05 22:57:17.388392+00	2026-02-11 02:46:05.506676+00	6	11	43	5	\N	6	4	t	2026-02-11 02:46:05.506528+00	5	26
1961	2026-02-04	15:30:00	16:00:00	30	realizada	\N	\N		f	\N	\N	0.00			2026-02-05 23:00:05.875095+00	2026-02-11 13:39:44.452304+00	6	1	43	5	\N	6	4	f	\N	\N	26
610	2026-02-12	17:30:00	18:00:00	30	realizada	\N	\N		f	\N	\N	0.00		Sesión realizada sin dificultad	2026-02-01 21:25:27.090361+00	2026-02-13 03:18:00.708816+00	1	8	84	3	\N	6	3	t	2026-02-13 03:18:00.708668+00	3	16
1574	2026-02-24	15:15:00	16:00:00	45	programada	\N	\N		f	\N	\N	0.00			2026-02-03 04:36:13.457975+00	2026-02-08 07:02:55.514346+00	1	1	36	14	\N	4	4	f	\N	\N	22
1576	2026-02-13	14:30:00	15:15:00	45	programada	\N	\N		f	\N	\N	300.00			2026-02-03 04:37:06.446305+00	2026-02-08 07:03:18.733056+00	1	1	36	14	\N	4	4	f	\N	\N	\N
603	2026-02-06	16:00:00	16:45:00	45	realizada	\N	\N		f	\N	\N	0.00		Se trabajo estimulación cognitiva	2026-02-01 21:24:39.690686+00	2026-02-06 23:08:42.478602+00	1	10	84	6	\N	4	3	t	2026-02-06 23:08:42.478324+00	6	16
607	2026-02-03	17:30:00	18:00:00	30	realizada	\N	\N		f	\N	\N	0.00		Realizada sin dificultad	2026-02-01 21:25:26.387839+00	2026-02-03 22:22:10.541681+00	1	8	84	3	\N	6	3	t	2026-02-03 22:22:10.541494+00	3	16
615	2026-02-03	16:45:00	17:30:00	45	realizada	\N	\N		f	\N	\N	0.00		Grafomotricidad las vocales	2026-02-01 21:27:47.100482+00	2026-02-03 23:01:27.531339+00	1	12	84	7	\N	12	3	t	2026-02-03 23:01:27.531187+00	7	16
1577	2026-02-20	14:30:00	15:15:00	45	programada	\N	\N		f	\N	\N	300.00			2026-02-03 04:37:06.742875+00	2026-02-08 07:03:36.730397+00	1	1	36	14	\N	4	4	f	\N	\N	\N
604	2026-02-13	16:00:00	16:45:00	45	programada	\N	\N		f	\N	\N	0.00			2026-02-01 21:24:39.895337+00	2026-02-01 21:24:39.895349+00	1	1	84	6	\N	4	3	f	\N	\N	16
605	2026-02-20	16:00:00	16:45:00	45	programada	\N	\N		f	\N	\N	0.00			2026-02-01 21:24:40.098684+00	2026-02-01 21:24:40.098699+00	1	1	84	6	\N	4	3	f	\N	\N	16
606	2026-02-27	16:00:00	16:45:00	45	programada	\N	\N		f	\N	\N	0.00			2026-02-01 21:24:40.29944+00	2026-02-01 21:24:40.299454+00	1	1	84	6	\N	4	3	f	\N	\N	16
1575	2026-02-06	14:30:00	15:15:00	45	realizada	\N	\N		f	\N	\N	300.00		Ordenes simples mediante el juego	2026-02-03 04:37:06.1576+00	2026-02-07 00:38:42.758491+00	1	17	36	12	\N	4	4	t	2026-02-07 00:38:42.758361+00	12	\N
1578	2026-02-27	14:30:00	15:15:00	45	programada	\N	\N		f	\N	\N	300.00			2026-02-03 04:37:06.962182+00	2026-02-08 07:03:51.437578+00	1	1	36	14	\N	4	4	f	\N	\N	\N
2045	2026-02-14	16:30:00	17:30:00	60	programada	\N	\N		f	\N	\N	0.00			2026-02-08 07:09:52.640404+00	2026-02-08 07:09:52.640419+00	1	1	38	7	\N	12	4	f	\N	\N	28
612	2026-02-19	17:30:00	18:00:00	30	programada	\N	\N		f	\N	\N	0.00			2026-02-01 21:25:27.497929+00	2026-02-01 21:25:27.49794+00	1	\N	84	3	\N	6	3	f	\N	\N	16
613	2026-02-24	17:30:00	18:00:00	30	programada	\N	\N		f	\N	\N	0.00			2026-02-01 21:25:27.695892+00	2026-02-01 21:25:27.695903+00	1	\N	84	3	\N	6	3	f	\N	\N	16
614	2026-02-26	17:30:00	18:00:00	30	programada	\N	\N		f	\N	\N	0.00			2026-02-01 21:25:27.900348+00	2026-02-01 21:25:27.900358+00	1	\N	84	3	\N	6	3	f	\N	\N	16
684	2026-02-09	11:15:00	12:00:00	45	falta	\N	\N		f	\N	\N	0.00	No comunico solicitud de permiso		2026-02-01 22:12:52.744699+00	2026-02-09 19:04:13.973588+00	1	1	61	4	\N	13	3	f	\N	\N	17
617	2026-02-10	16:45:00	17:30:00	45	programada	\N	\N		f	\N	\N	0.00			2026-02-01 21:27:47.589325+00	2026-02-01 21:27:47.589339+00	1	\N	84	7	\N	12	3	f	\N	\N	16
618	2026-02-12	16:45:00	17:30:00	45	programada	\N	\N		f	\N	\N	0.00			2026-02-01 21:27:47.79372+00	2026-02-01 21:27:47.793733+00	1	\N	84	7	\N	12	3	f	\N	\N	16
620	2026-02-19	16:45:00	17:30:00	45	programada	\N	\N		f	\N	\N	0.00			2026-02-01 21:27:48.287863+00	2026-02-01 21:27:48.287881+00	1	\N	84	7	\N	12	3	f	\N	\N	16
621	2026-02-24	16:45:00	17:30:00	45	programada	\N	\N		f	\N	\N	0.00			2026-02-01 21:27:48.497302+00	2026-02-01 21:27:48.497314+00	1	\N	84	7	\N	12	3	f	\N	\N	16
622	2026-02-26	16:45:00	17:30:00	45	programada	\N	\N		f	\N	\N	0.00			2026-02-01 21:27:48.706263+00	2026-02-01 21:27:48.706276+00	1	\N	84	7	\N	12	3	f	\N	\N	16
686	2026-02-23	11:15:00	12:00:00	45	programada	\N	\N		f	\N	\N	0.00			2026-02-01 22:12:53.057137+00	2026-02-01 22:12:53.057147+00	1	1	61	4	\N	13	3	f	\N	\N	17
683	2026-02-02	11:15:00	12:00:00	45	permiso	\N	\N		f	\N	\N	0.00		Solicito permiso por realizar control médico con Neuropediatria en la Ciudad de Sucre con la Dra. Moreno	2026-02-01 22:12:52.596132+00	2026-02-02 21:30:29.0871+00	1	9	61	4	\N	13	3	t	2026-02-02 21:30:29.086959+00	4	17
1571	2026-02-03	15:15:00	16:00:00	45	realizada	\N	\N		f	\N	\N	0.00		Trabajamos ordenes simples en actividades de acuerdo a su disposición visual	2026-02-03 04:36:12.770743+00	2026-02-04 03:08:49.023176+00	1	17	36	12	\N	4	4	t	2026-02-04 03:08:49.023037+00	12	22
687	2026-02-02	10:30:00	11:15:00	45	realizada	\N	\N		f	\N	\N	0.00			2026-02-01 22:17:21.827546+00	2026-02-04 03:15:01.687898+00	1	1	60	6	\N	4	3	f	\N	\N	19
1792	2026-02-05	09:00:00	09:45:00	45	realizada	\N	\N		f	\N	\N	0.00			2026-02-04 02:08:34.022945+00	2026-02-05 18:46:26.336826+00	1	12	71	7	\N	10	3	t	2026-02-05 18:46:26.33649+00	7	35
675	2026-02-10	10:30:00	11:15:00	45	realizada	\N	\N		f	\N	\N	0.00		SESION REALIZADA CON GABI	2026-02-01 21:43:26.892858+00	2026-02-10 22:11:18.865346+00	1	1	25	4	\N	13	3	f	\N	\N	18
2046	2026-02-21	16:30:00	17:30:00	60	programada	\N	\N		f	\N	\N	0.00			2026-02-08 07:09:52.833779+00	2026-02-08 07:09:52.833795+00	1	1	38	7	\N	12	4	f	\N	\N	28
518	2026-02-23	14:30:00	15:15:00	45	programada	\N	\N		f	\N	\N	0.00			2026-02-01 20:47:38.104258+00	2026-02-01 20:47:38.104268+00	1	1	16	6	\N	4	3	f	\N	\N	13
531	2026-02-05	15:15:00	16:00:00	45	realizada	\N	\N		f	\N	\N	0.00		Realizo actividad, cómo subir, bajar, dar volteos, saltos.	2026-02-01 20:51:00.58944+00	2026-02-05 22:42:14.619218+00	1	16	16	11	\N	9	3	t	2026-02-05 22:42:14.619009+00	11	13
1481	2026-02-06	17:00:00	17:30:00	30	realizada	\N	\N		f	\N	\N	0.00			2026-02-03 03:36:10.140938+00	2026-02-11 13:42:29.369814+00	1	1	51	5	\N	6	4	f	\N	\N	30
2047	2026-02-28	16:30:00	17:30:00	60	programada	\N	\N		f	\N	\N	0.00			2026-02-08 07:09:53.115868+00	2026-02-08 07:09:53.115881+00	1	1	38	7	\N	12	4	f	\N	\N	28
522	2026-02-24	15:15:00	16:00:00	45	programada	\N	\N		f	\N	\N	0.00			2026-02-01 20:48:28.19278+00	2026-02-01 20:48:28.192816+00	1	\N	16	6	\N	4	3	f	\N	\N	13
536	2026-02-13	16:00:00	16:45:00	45	programada	\N	\N		f	\N	\N	0.00			2026-02-01 20:51:47.885373+00	2026-02-08 17:19:30.495095+00	1	1	16	4	\N	9	3	f	\N	\N	13
525	2026-02-19	16:00:00	16:30:00	30	programada	\N	\N		f	\N	\N	0.00			2026-02-01 20:49:24.296489+00	2026-02-01 20:49:24.296501+00	1	\N	16	3	\N	6	3	f	\N	\N	13
526	2026-02-26	16:00:00	16:30:00	30	programada	\N	\N		f	\N	\N	0.00			2026-02-01 20:49:24.499525+00	2026-02-01 20:49:24.499537+00	1	\N	16	3	\N	6	3	f	\N	\N	13
537	2026-02-20	16:00:00	16:45:00	45	programada	\N	\N		f	\N	\N	0.00			2026-02-01 20:51:48.091266+00	2026-02-08 17:19:47.201085+00	1	1	16	4	\N	9	3	f	\N	\N	13
528	2026-02-13	15:30:00	16:00:00	30	programada	\N	\N		f	\N	\N	0.00			2026-02-01 20:50:07.596876+00	2026-02-01 20:50:07.596887+00	1	\N	16	3	\N	6	3	f	\N	\N	13
529	2026-02-20	15:30:00	16:00:00	30	programada	\N	\N		f	\N	\N	0.00			2026-02-01 20:50:07.797211+00	2026-02-01 20:50:07.797222+00	1	\N	16	3	\N	6	3	f	\N	\N	13
530	2026-02-27	15:30:00	16:00:00	30	programada	\N	\N		f	\N	\N	0.00			2026-02-01 20:50:08.001183+00	2026-02-01 20:50:08.001193+00	1	\N	16	3	\N	6	3	f	\N	\N	13
538	2026-02-27	16:00:00	16:45:00	45	programada	\N	\N		f	\N	\N	0.00			2026-02-01 20:51:48.297207+00	2026-02-08 17:20:04.207062+00	1	1	16	4	\N	9	3	f	\N	\N	13
533	2026-02-19	15:15:00	16:00:00	45	programada	\N	\N		f	\N	\N	0.00			2026-02-01 20:51:00.996511+00	2026-02-01 20:51:00.996523+00	1	\N	16	11	\N	9	3	f	\N	\N	13
534	2026-02-26	15:15:00	16:00:00	45	programada	\N	\N		f	\N	\N	0.00			2026-02-01 20:51:01.198936+00	2026-02-01 20:51:01.198946+00	1	\N	16	11	\N	9	3	f	\N	\N	13
624	2026-02-11	16:45:00	17:30:00	45	realizada	\N	\N		f	\N	\N	0.00		Colorear respetando los márgenes y motricidad fina para fortalecer el agarre de la pinza	2026-02-01 21:35:39.603894+00	2026-02-11 22:37:08.233938+00	1	12	16	7	\N	10	3	t	2026-02-11 22:37:08.233772+00	7	13
532	2026-02-12	15:15:00	16:00:00	45	realizada	\N	\N		f	\N	\N	0.00		Se dió inicio a la sesión programada, realizó actividad en circuito	2026-02-01 20:51:00.795407+00	2026-02-13 01:39:57.519332+00	1	16	16	11	\N	9	3	t	2026-02-13 01:39:57.519147+00	11	13
1966	2026-02-12	17:00:00	17:30:00	30	programada	\N	\N		f	\N	\N	0.00			2026-02-06 00:44:09.992194+00	2026-02-06 00:44:09.992205+00	6	6	88	5	\N	6	4	f	\N	\N	33
542	2026-02-23	15:15:00	16:00:00	45	programada	\N	\N		f	\N	\N	0.00			2026-02-01 20:52:34.40335+00	2026-02-01 20:52:34.403359+00	1	\N	16	7	\N	10	3	f	\N	\N	13
516	2026-02-09	14:30:00	15:15:00	45	realizada	\N	\N		f	\N	\N	0.00		Estimulación Cognitiva	2026-02-01 20:47:37.702183+00	2026-02-09 22:19:54.669342+00	1	10	16	6	\N	4	3	t	2026-02-09 22:19:54.669196+00	6	13
1475	2026-02-09	16:00:00	16:45:00	45	realizada	\N	\N		f	\N	\N	0.00		Se trabajo memoria de trabajo y fluidez verbal	2026-02-03 03:31:42.26111+00	2026-02-10 01:06:44.074496+00	1	41	51	14	\N	4	4	t	2026-02-10 01:06:44.074371+00	14	30
1598	2026-02-10	16:00:00	16:45:00	45	realizada	\N	\N		f	\N	\N	0.00		Trabajamos control de emociones e impulsos	2026-02-03 20:56:26.732444+00	2026-02-10 18:32:38.12293+00	6	17	31	12	\N	4	4	t	2026-02-10 18:32:38.122759+00	12	31
550	2026-02-24	14:30:00	15:15:00	45	programada	\N	\N		f	\N	\N	0.00			2026-02-01 20:54:16.499244+00	2026-02-01 20:54:16.499254+00	1	\N	16	9	\N	7	3	f	\N	\N	13
1476	2026-02-13	16:00:00	16:45:00	45	programada	\N	\N		f	\N	\N	0.00			2026-02-03 03:31:42.548337+00	2026-02-08 06:17:41.233753+00	1	1	51	14	\N	4	4	f	\N	\N	30
1478	2026-02-20	16:00:00	16:45:00	45	programada	\N	\N		f	\N	\N	0.00			2026-02-03 03:31:42.956195+00	2026-02-08 06:17:57.633993+00	1	1	51	14	\N	4	4	f	\N	\N	30
1479	2026-02-23	16:00:00	16:45:00	45	programada	\N	\N		f	\N	\N	0.00			2026-02-03 03:31:43.154991+00	2026-02-08 06:18:13.331336+00	1	1	51	14	\N	4	4	f	\N	\N	30
1480	2026-02-27	16:00:00	16:45:00	45	programada	\N	\N		f	\N	\N	0.00			2026-02-03 03:31:43.349343+00	2026-02-08 06:18:30.228592+00	1	1	51	14	\N	4	4	f	\N	\N	30
625	2026-02-18	16:45:00	17:30:00	45	programada	\N	\N		f	\N	\N	0.00			2026-02-01 21:35:39.804501+00	2026-02-01 21:35:39.804511+00	1	1	16	7	\N	10	3	f	\N	\N	13
626	2026-02-25	16:45:00	17:30:00	45	programada	\N	\N		f	\N	\N	0.00			2026-02-01 21:35:40.086455+00	2026-02-01 21:35:40.08647+00	1	1	16	7	\N	10	3	f	\N	\N	13
1483	2026-02-13	17:00:00	17:30:00	30	programada	\N	\N		f	\N	\N	0.00			2026-02-03 03:36:10.565314+00	2026-02-03 03:36:10.56533+00	1	1	51	5	\N	6	4	f	\N	\N	30
1485	2026-02-20	17:00:00	17:30:00	30	programada	\N	\N		f	\N	\N	0.00			2026-02-03 03:36:11.0589+00	2026-02-03 03:36:11.058923+00	1	1	51	5	\N	6	4	f	\N	\N	30
1486	2026-02-23	17:00:00	17:30:00	30	programada	\N	\N		f	\N	\N	0.00			2026-02-03 03:36:11.352497+00	2026-02-03 03:36:11.352516+00	1	1	51	5	\N	6	4	f	\N	\N	30
548	2026-02-10	14:30:00	15:15:00	45	realizada	\N	\N		f	\N	\N	0.00		Sesión realizada sin dificultad	2026-02-01 20:54:16.084694+00	2026-02-10 21:53:11.134113+00	1	14	16	9	\N	7	3	t	2026-02-10 21:53:11.133923+00	9	13
553	2026-02-18	15:30:00	16:30:00	60	programada	\N	\N		f	\N	\N	0.00			2026-02-01 20:55:07.588408+00	2026-02-04 02:28:46.85541+00	1	1	16	9	\N	7	3	f	\N	\N	13
554	2026-02-25	15:30:00	16:30:00	60	programada	\N	\N		f	\N	\N	0.00			2026-02-01 20:55:07.789776+00	2026-02-04 02:29:13.357118+00	1	1	16	9	\N	7	3	f	\N	\N	13
515	2026-02-02	14:30:00	15:15:00	45	realizada	\N	\N		f	\N	\N	0.00			2026-02-01 20:47:37.532349+00	2026-02-04 03:15:19.343662+00	1	1	16	6	\N	4	3	f	\N	\N	13
551	2026-02-04	15:30:00	16:30:00	60	realizada	\N	\N		f	\N	\N	0.00		Sesión realizada sin ninguna dificultad	2026-02-01 20:55:07.092125+00	2026-02-04 20:31:13.669931+00	1	14	16	9	\N	7	3	t	2026-02-04 20:31:13.669786+00	9	13
539	2026-02-02	15:15:00	16:00:00	45	realizada	\N	\N		f	\N	\N	0.00		Se trabajó lateralidad identificación de mano derecha e izquierda	2026-02-01 20:52:33.794318+00	2026-02-02 21:17:45.018866+00	1	12	16	7	\N	10	3	t	2026-02-02 21:17:45.018659+00	7	13
623	2026-02-04	16:45:00	17:30:00	45	realizada	\N	\N		f	\N	\N	0.00			2026-02-01 21:35:39.475151+00	2026-02-04 22:45:13.939407+00	1	12	16	7	\N	10	3	t	2026-02-04 22:45:13.939178+00	7	13
520	2026-02-10	15:15:00	16:00:00	45	realizada	\N	\N		f	\N	\N	0.00		Estimulación y asociación mediante imágenes .	2026-02-01 20:48:27.786456+00	2026-02-10 22:02:42.520716+00	1	10	16	6	\N	4	3	t	2026-02-10 22:02:42.520579+00	6	13
1487	2026-02-27	17:00:00	17:30:00	30	programada	\N	\N		f	\N	\N	0.00			2026-02-03 03:36:11.643315+00	2026-02-03 03:36:11.643334+00	1	1	51	5	\N	6	4	f	\N	\N	30
1967	2026-02-19	17:00:00	17:30:00	30	programada	\N	\N		f	\N	\N	0.00			2026-02-06 00:44:10.193281+00	2026-02-06 00:44:10.193295+00	6	6	88	5	\N	6	4	f	\N	\N	33
547	2026-02-03	14:30:00	15:15:00	45	realizada	\N	\N		f	\N	\N	0.00			2026-02-01 20:54:15.896064+00	2026-02-10 22:12:08.302439+00	1	1	16	9	\N	7	3	f	\N	\N	13
561	2026-02-11	16:45:00	17:30:00	45	realizada	\N	\N		f	\N	\N	50.00			2026-02-01 20:57:29.787985+00	2026-02-12 02:49:14.262801+00	1	1	10	4	\N	8	3	f	\N	\N	\N
2048	2026-02-11	16:45:00	17:30:00	45	realizada_retraso	\N	\N		f	18:15:00	90	0.00		La madre indico que se confundió referente al horario , se trabajo en dar órdenes y que siga instrucciones simples se tuvo dificultad porque el paciente mostraba una actitud hostil	2026-02-08 07:17:50.809211+00	2026-02-12 02:54:38.502032+00	1	41	38	14	\N	4	4	t	2026-02-12 02:54:38.501812+00	14	28
560	2026-02-10	16:45:00	17:30:00	45	programada	\N	\N		f	\N	\N	50.00			2026-02-01 20:57:29.507286+00	2026-02-01 20:57:29.507295+00	1	\N	10	4	\N	8	3	f	\N	\N	\N
562	2026-02-12	16:45:00	17:30:00	45	realizada	\N	\N		f	\N	\N	50.00			2026-02-01 20:57:29.997283+00	2026-02-13 01:40:16.8803+00	1	16	10	11	\N	9	3	t	2026-02-13 01:40:16.880176+00	11	\N
1489	2026-02-14	11:00:00	11:30:00	30	programada	\N	\N		f	\N	\N	0.00			2026-02-03 03:36:39.147298+00	2026-02-03 03:36:39.147314+00	1	1	51	5	\N	6	4	f	\N	\N	30
565	2026-02-18	16:45:00	17:30:00	45	programada	\N	\N		f	\N	\N	50.00			2026-02-01 20:57:30.688511+00	2026-02-01 20:57:30.688521+00	1	\N	10	4	\N	8	3	f	\N	\N	\N
568	2026-02-24	16:45:00	17:30:00	45	programada	\N	\N		f	\N	\N	50.00			2026-02-01 20:57:31.30152+00	2026-02-01 20:57:31.301534+00	1	\N	10	4	\N	8	3	f	\N	\N	\N
569	2026-02-25	16:45:00	17:30:00	45	programada	\N	\N		f	\N	\N	50.00			2026-02-01 20:57:31.504878+00	2026-02-01 20:57:31.504892+00	1	\N	10	4	\N	8	3	f	\N	\N	\N
573	2026-02-20	11:15:00	12:00:00	45	programada	\N	\N		f	\N	\N	50.00			2026-02-01 20:58:27.295016+00	2026-02-01 20:58:27.295027+00	1	\N	10	4	\N	8	3	f	\N	\N	\N
1490	2026-02-21	11:00:00	11:30:00	30	programada	\N	\N		f	\N	\N	0.00			2026-02-03 03:36:39.350462+00	2026-02-03 03:36:39.350477+00	1	1	51	5	\N	6	4	f	\N	\N	30
1491	2026-02-28	11:00:00	11:30:00	30	programada	\N	\N		f	\N	\N	0.00			2026-02-03 03:36:39.55578+00	2026-02-03 03:36:39.555793+00	1	1	51	5	\N	6	4	f	\N	\N	30
331	2026-02-02	09:45:00	10:30:00	45	realizada	\N	\N		f	\N	\N	0.00		Se trabajo en circuito motriz	2026-01-29 23:37:12.283279+00	2026-02-02 21:28:14.864407+00	1	9	13	4	\N	11	3	t	2026-02-02 21:28:14.864221+00	4	7
555	2026-02-02	16:45:00	17:30:00	45	falta	\N	\N		f	\N	\N	50.00		No asistió y no solicitó permiso	2026-02-01 20:57:28.282997+00	2026-02-02 21:32:30.692051+00	1	9	10	4	\N	8	3	t	2026-02-02 21:32:30.691912+00	4	\N
2049	2026-02-18	16:45:00	17:30:00	45	programada	\N	\N		f	\N	\N	0.00			2026-02-08 07:17:51.02127+00	2026-02-08 07:17:51.021311+00	1	1	38	14	\N	4	4	f	\N	\N	28
1600	2026-02-24	16:00:00	16:45:00	45	programada	\N	\N		f	\N	\N	0.00			2026-02-03 20:56:27.139215+00	2026-02-03 20:56:27.139227+00	6	6	31	12	\N	4	4	f	\N	\N	31
556	2026-02-03	16:45:00	17:30:00	45	realizada	\N	\N		f	\N	\N	50.00	Se ytabajo con Gabi		2026-02-01 20:57:28.49147+00	2026-02-04 02:47:36.103054+00	1	1	10	4	\N	8	3	f	\N	\N	\N
323	2026-02-04	10:00:00	10:30:00	30	realizada	\N	\N		f	\N	\N	0.00		Sesión ejecutada; se observaron manifestaciones conductuales disruptivas que interfirieron significativamente en la adherencia y cumplimiento de las instrucciones propuestas durante la intervención.	2026-01-29 23:36:28.742098+00	2026-02-04 14:39:37.38856+00	1	8	13	3	\N	6	3	t	2026-02-04 14:39:37.388427+00	3	7
567	2026-02-23	16:45:00	17:30:00	45	programada	\N	\N		f	\N	\N	50.00			2026-02-01 20:57:31.098012+00	2026-02-08 17:25:33.592703+00	1	1	10	11	\N	9	3	f	\N	\N	\N
566	2026-02-19	16:45:00	17:30:00	45	programada	\N	\N		f	\N	\N	50.00			2026-02-01 20:57:30.899267+00	2026-02-08 17:26:24.315228+00	1	1	10	11	\N	9	3	f	\N	\N	\N
570	2026-02-26	16:45:00	17:30:00	45	programada	\N	\N		f	\N	\N	50.00			2026-02-01 20:57:31.931836+00	2026-02-08 17:26:45.990192+00	1	1	10	11	\N	9	3	f	\N	\N	\N
572	2026-02-13	11:15:00	12:00:00	45	programada	\N	\N		f	\N	\N	50.00			2026-02-01 20:58:27.096685+00	2026-02-08 17:27:41.216502+00	1	1	10	11	\N	9	3	f	\N	\N	\N
574	2026-02-27	11:15:00	12:00:00	45	programada	\N	\N		f	\N	\N	50.00			2026-02-01 20:58:27.490889+00	2026-02-08 17:28:03.889838+00	1	1	10	11	\N	9	3	f	\N	\N	\N
334	2026-02-13	09:45:00	10:30:00	45	programada	\N	\N		f	\N	\N	0.00			2026-01-29 23:37:12.821975+00	2026-02-08 17:56:27.792561+00	1	1	13	11	\N	11	3	f	\N	\N	7
336	2026-02-20	09:45:00	10:30:00	45	programada	\N	\N		f	\N	\N	0.00			2026-01-29 23:37:13.137815+00	2026-02-08 17:56:46.412844+00	1	1	13	11	\N	11	3	f	\N	\N	7
338	2026-02-27	09:45:00	10:30:00	45	programada	\N	\N		f	\N	\N	0.00			2026-01-29 23:37:13.523413+00	2026-02-08 17:59:38.314429+00	1	1	13	11	\N	11	3	f	\N	\N	7
333	2026-02-09	09:45:00	10:30:00	45	realizada	\N	\N		f	\N	\N	0.00			2026-01-29 23:37:12.624551+00	2026-02-09 19:02:36.322474+00	1	1	13	4	\N	11	3	f	\N	\N	7
571	2026-02-06	11:15:00	12:00:00	45	realizada	\N	\N		f	\N	\N	50.00			2026-02-01 20:58:26.886489+00	2026-02-10 21:49:17.676415+00	1	1	10	11	\N	9	3	f	\N	\N	\N
314	2026-02-24	09:45:00	10:30:00	45	programada	\N	\N		f	\N	\N	0.00			2026-01-29 23:34:33.030977+00	2026-01-29 23:34:33.030989+00	1	1	13	6	\N	4	3	f	\N	\N	7
312	2026-02-10	09:45:00	10:30:00	45	realizada	\N	\N		f	\N	\N	0.00		Actividad dinámica, fortalecimiento de ordenes y tolerancia a frustración .	2026-01-29 23:34:32.719105+00	2026-02-10 21:50:06.310679+00	1	10	13	6	\N	4	3	t	2026-02-10 21:50:06.310502+00	6	7
316	2026-02-13	09:00:00	09:45:00	45	programada	\N	\N		f	\N	\N	0.00			2026-01-29 23:35:18.220439+00	2026-01-29 23:35:18.220452+00	1	1	13	6	\N	4	3	f	\N	\N	7
317	2026-02-20	09:00:00	09:45:00	45	programada	\N	\N		f	\N	\N	0.00			2026-01-29 23:35:18.339001+00	2026-01-29 23:35:18.339011+00	1	1	13	6	\N	4	3	f	\N	\N	7
318	2026-02-27	09:00:00	09:45:00	45	programada	\N	\N		f	\N	\N	0.00			2026-01-29 23:35:18.52694+00	2026-01-29 23:35:18.52695+00	1	1	13	6	\N	4	3	f	\N	\N	7
557	2026-02-04	16:45:00	17:30:00	45	realizada	\N	\N		f	\N	\N	50.00			2026-02-01 20:57:28.789537+00	2026-02-10 21:55:42.133191+00	1	1	10	4	\N	8	3	f	\N	\N	\N
558	2026-02-05	16:45:00	17:30:00	45	realizada	\N	\N		f	\N	\N	50.00			2026-02-01 20:57:29.088378+00	2026-02-10 22:02:14.486178+00	1	1	10	4	\N	8	3	f	\N	\N	\N
322	2026-02-24	09:00:00	09:30:00	30	programada	\N	\N		f	\N	\N	0.00			2026-01-29 23:35:55.928854+00	2026-01-29 23:35:55.928866+00	1	1	13	3	\N	6	3	f	\N	\N	7
332	2026-02-06	09:45:00	10:30:00	45	realizada	\N	\N		f	\N	\N	0.00			2026-01-29 23:37:12.433658+00	2026-02-10 22:04:30.036408+00	1	1	13	4	\N	11	3	f	\N	\N	7
327	2026-02-18	10:00:00	10:30:00	30	programada	\N	\N		f	\N	\N	0.00			2026-01-29 23:36:29.442836+00	2026-01-29 23:36:29.442853+00	1	1	13	3	\N	6	3	f	\N	\N	7
329	2026-02-25	10:00:00	10:30:00	30	programada	\N	\N		f	\N	\N	0.00			2026-01-29 23:36:29.832661+00	2026-01-29 23:36:29.832677+00	1	1	13	3	\N	6	3	f	\N	\N	7
337	2026-02-23	09:45:00	10:30:00	45	programada	\N	\N		f	\N	\N	0.00			2026-01-29 23:37:13.326976+00	2026-01-29 23:37:13.326993+00	1	1	13	4	\N	11	3	f	\N	\N	7
688	2026-02-05	10:30:00	11:15:00	45	realizada	\N	\N		f	\N	\N	0.00			2026-02-01 22:17:22.049414+00	2026-02-05 15:18:45.706608+00	1	10	60	6	\N	4	3	t	2026-02-05 15:18:45.70634+00	6	19
2050	2026-02-25	16:45:00	17:30:00	45	programada	\N	\N		f	\N	\N	0.00			2026-02-08 07:17:51.224849+00	2026-02-08 07:17:51.224864+00	1	1	38	14	\N	4	4	f	\N	\N	28
343	2026-02-18	09:00:00	10:00:00	60	programada	\N	\N		f	\N	\N	0.00			2026-01-29 23:39:07.126575+00	2026-01-29 23:39:07.126587+00	1	1	13	9	\N	7	3	f	\N	\N	7
345	2026-02-25	09:00:00	10:00:00	60	programada	\N	\N		f	\N	\N	0.00			2026-01-29 23:39:07.44686+00	2026-01-29 23:39:07.44687+00	1	1	13	9	\N	7	3	f	\N	\N	7
705	2026-02-10	11:15:00	12:00:00	45	realizada	\N	\N		f	\N	\N	0.00		Sesión realizada sin dificultad	2026-02-01 22:19:06.254418+00	2026-02-10 21:52:02.722349+00	1	14	60	9	\N	7	3	t	2026-02-10 21:52:02.722131+00	9	19
651	2026-02-03	16:30:00	17:30:00	60	falta	\N	\N		f	\N	\N	50.00			2026-02-01 21:39:36.086418+00	2026-02-10 22:12:43.419167+00	1	1	72	9	\N	7	3	f	\N	\N	\N
350	2026-02-23	10:30:00	11:15:00	45	programada	\N	\N		f	\N	\N	0.00			2026-01-30 14:55:34.258093+00	2026-01-30 14:55:34.258113+00	1	1	13	7	\N	10	3	f	\N	\N	7
1495	2026-02-12	16:30:00	17:30:00	60	programada	\N	\N		f	\N	\N	0.00			2026-02-03 03:38:52.759019+00	2026-02-03 03:38:52.759034+00	1	1	51	8	\N	7	4	f	\N	\N	30
703	2026-02-03	11:15:00	12:00:00	45	realizada	\N	\N		f	\N	\N	0.00		Sesión realizada sin ninguna dificultad	2026-02-01 22:19:05.939998+00	2026-02-03 18:38:49.867422+00	1	14	60	9	\N	7	3	t	2026-02-03 18:38:49.867288+00	9	19
1497	2026-02-19	16:30:00	17:30:00	60	programada	\N	\N		f	\N	\N	0.00			2026-02-03 03:38:53.345129+00	2026-02-03 03:38:53.345142+00	1	1	51	8	\N	7	4	f	\N	\N	30
1498	2026-02-24	16:30:00	17:30:00	60	programada	\N	\N		f	\N	\N	0.00			2026-02-03 03:38:53.558316+00	2026-02-03 03:38:53.558332+00	1	1	51	8	\N	7	4	f	\N	\N	30
1499	2026-02-26	16:30:00	17:30:00	60	programada	\N	\N		f	\N	\N	0.00			2026-02-03 03:38:53.843449+00	2026-02-03 03:38:53.843466+00	1	1	51	8	\N	7	4	f	\N	\N	30
1500	2026-02-07	10:30:00	11:00:00	30	programada	\N	\N		f	\N	\N	0.00			2026-02-03 03:39:49.419473+00	2026-02-03 03:39:49.419486+00	1	1	51	13	\N	12	4	f	\N	\N	30
1501	2026-02-14	10:30:00	11:00:00	30	programada	\N	\N		f	\N	\N	0.00			2026-02-03 03:39:49.562574+00	2026-02-03 03:39:49.56259+00	1	1	51	13	\N	12	4	f	\N	\N	30
1502	2026-02-21	10:30:00	11:00:00	30	programada	\N	\N		f	\N	\N	0.00			2026-02-03 03:39:49.843056+00	2026-02-03 03:39:49.843075+00	1	1	51	13	\N	12	4	f	\N	\N	30
644	2026-02-05	17:30:00	18:15:00	45	realizada	\N	\N		f	\N	\N	70.00			2026-02-01 21:39:02.210173+00	2026-02-05 22:10:18.708156+00	1	10	72	6	\N	4	3	t	2026-02-05 22:10:18.708002+00	6	\N
653	2026-02-10	16:30:00	17:30:00	60	realizada	\N	\N		f	\N	\N	50.00		Sesión realizada sin dificultad	2026-02-01 21:39:36.494775+00	2026-02-10 21:53:26.344005+00	1	14	72	9	\N	7	3	t	2026-02-10 21:53:26.343851+00	9	\N
645	2026-02-10	17:30:00	18:15:00	45	programada	\N	\N		f	\N	\N	70.00			2026-02-01 21:39:02.493976+00	2026-02-01 21:39:02.493989+00	1	\N	72	6	\N	4	3	f	\N	\N	\N
648	2026-02-19	17:30:00	18:15:00	45	programada	\N	\N		f	\N	\N	70.00			2026-02-01 21:39:03.192197+00	2026-02-01 21:39:03.192216+00	1	\N	72	6	\N	4	3	f	\N	\N	\N
649	2026-02-24	17:30:00	18:15:00	45	programada	\N	\N		f	\N	\N	70.00			2026-02-01 21:39:03.49151+00	2026-02-01 21:39:03.491525+00	1	\N	72	6	\N	4	3	f	\N	\N	\N
650	2026-02-26	17:30:00	18:15:00	45	programada	\N	\N		f	\N	\N	70.00			2026-02-01 21:39:03.788952+00	2026-02-01 21:39:03.788969+00	1	\N	72	6	\N	4	3	f	\N	\N	\N
1601	2026-02-02	15:00:00	15:30:00	30	realizada	\N	\N		f	\N	\N	0.00			2026-02-03 20:57:21.486478+00	2026-02-11 13:35:44.277273+00	6	1	31	5	\N	6	4	f	\N	\N	31
1835	2026-02-02	16:45:00	17:30:00	45	realizada	\N	\N		f	\N	\N	0.00			2026-02-04 15:37:51.2781+00	2026-02-11 14:23:56.695745+00	6	1	49	12	\N	4	4	f	\N	\N	6
654	2026-02-12	16:30:00	17:30:00	60	programada	\N	\N		f	\N	\N	50.00			2026-02-01 21:39:36.69954+00	2026-02-01 21:39:36.699554+00	1	\N	72	9	\N	7	3	f	\N	\N	\N
339	2026-02-04	09:00:00	10:00:00	60	realizada	\N	\N		f	\N	\N	0.00		Sesión realizada sin ninguna dificultad	2026-01-29 23:39:06.393579+00	2026-02-04 20:31:00.559512+00	1	14	13	9	\N	7	3	t	2026-02-04 20:31:00.559336+00	9	7
656	2026-02-19	16:30:00	17:30:00	60	programada	\N	\N		f	\N	\N	50.00			2026-02-01 21:39:37.101943+00	2026-02-01 21:39:37.101955+00	1	\N	72	9	\N	7	3	f	\N	\N	\N
657	2026-02-24	16:30:00	17:30:00	60	programada	\N	\N		f	\N	\N	50.00			2026-02-01 21:39:37.30623+00	2026-02-01 21:39:37.306243+00	1	\N	72	9	\N	7	3	f	\N	\N	\N
658	2026-02-26	16:30:00	17:30:00	60	programada	\N	\N		f	\N	\N	50.00			2026-02-01 21:39:37.589127+00	2026-02-01 21:39:37.589139+00	1	\N	72	9	\N	7	3	f	\N	\N	\N
341	2026-02-11	09:00:00	10:00:00	60	realizada_retraso	\N	\N		f	09:15:00	15	0.00		Sesión realizada sin ninguna otra dificultad	2026-01-29 23:39:06.726705+00	2026-02-11 14:51:28.626672+00	1	14	13	9	\N	7	3	t	2026-02-11 14:51:28.626453+00	9	7
2194	2026-02-27	09:00:00	10:00:00	60	programada	\N	\N		f	\N	\N	0.00			2026-02-11 23:05:05.624096+00	2026-02-11 23:05:05.624109+00	1	1	74	7	\N	12	3	f	\N	\N	42
652	2026-02-05	16:30:00	17:30:00	60	realizada	\N	\N		f	\N	\N	50.00		Sesión realizada sin dificultad	2026-02-01 21:39:36.287966+00	2026-02-05 22:44:45.360903+00	1	14	72	9	\N	7	3	t	2026-02-05 22:44:45.360725+00	9	\N
692	2026-02-19	10:30:00	11:15:00	45	programada	\N	\N		f	\N	\N	0.00			2026-02-01 22:17:22.839866+00	2026-02-01 22:17:22.839877+00	1	1	60	6	\N	4	3	f	\N	\N	19
693	2026-02-23	10:30:00	11:15:00	45	programada	\N	\N		f	\N	\N	0.00			2026-02-01 22:17:23.033638+00	2026-02-01 22:17:23.033649+00	1	1	60	6	\N	4	3	f	\N	\N	19
694	2026-02-26	10:30:00	11:15:00	45	programada	\N	\N		f	\N	\N	0.00			2026-02-01 22:17:23.237727+00	2026-02-01 22:17:23.237749+00	1	1	60	6	\N	4	3	f	\N	\N	19
702	2026-02-27	10:30:00	11:00:00	30	programada	\N	\N		f	\N	\N	0.00			2026-02-01 22:18:12.046962+00	2026-02-01 22:18:12.046972+00	1	1	60	3	\N	6	3	f	\N	\N	19
1968	2026-02-26	17:00:00	17:30:00	30	programada	\N	\N		f	\N	\N	0.00			2026-02-06 00:44:10.401848+00	2026-02-06 00:44:10.401863+00	6	6	88	5	\N	6	4	f	\N	\N	33
706	2026-02-12	11:15:00	12:00:00	45	realizada	\N	\N		f	\N	\N	0.00		Sesión realizada sin dificultad	2026-02-01 22:19:06.451056+00	2026-02-12 16:04:54.992457+00	1	14	60	9	\N	7	3	t	2026-02-12 16:04:54.992246+00	9	19
690	2026-02-12	10:30:00	11:15:00	45	realizada	\N	\N		f	\N	\N	0.00			2026-02-01 22:17:22.443521+00	2026-02-12 16:20:43.887342+00	1	10	60	6	\N	4	3	t	2026-02-12 16:20:43.887184+00	6	19
646	2026-02-12	17:30:00	18:15:00	45	falta	\N	\N		f	\N	\N	70.00			2026-02-01 21:39:02.706249+00	2026-02-13 00:37:53.833963+00	1	10	72	6	\N	4	3	t	2026-02-13 00:37:53.833811+00	6	\N
708	2026-02-19	11:15:00	12:00:00	45	programada	\N	\N		f	\N	\N	0.00			2026-02-01 22:19:06.850478+00	2026-02-01 22:19:06.850492+00	1	1	60	9	\N	7	3	f	\N	\N	19
709	2026-02-24	11:15:00	12:00:00	45	programada	\N	\N		f	\N	\N	0.00			2026-02-01 22:19:07.053586+00	2026-02-01 22:19:07.053596+00	1	1	60	9	\N	7	3	f	\N	\N	19
710	2026-02-26	11:15:00	12:00:00	45	programada	\N	\N		f	\N	\N	0.00			2026-02-01 22:19:07.24467+00	2026-02-01 22:19:07.244681+00	1	1	60	9	\N	7	3	f	\N	\N	19
347	2026-02-02	10:30:00	11:15:00	45	realizada	\N	\N		f	\N	\N	0.00		Se trabajó grafomotricidad presenta dificultades seguimiento de trazos	2026-01-30 14:55:33.624122+00	2026-02-02 15:58:12.965744+00	1	12	13	7	\N	10	3	t	2026-02-02 15:58:12.965421+00	7	7
340	2026-02-07	09:00:00	10:00:00	60	realizada_retraso	\N	\N		f	09:25:00	25	0.00		Sesión realizada con retraso.	2026-01-29 23:39:06.53446+00	2026-02-07 15:41:46.02434+00	1	14	13	9	\N	7	3	t	2026-02-07 15:41:46.024088+00	9	7
523	2026-02-05	16:00:00	16:30:00	30	realizada	\N	\N		f	\N	\N	0.00		Sesión realizada sin dificultad	2026-02-01 20:49:23.890167+00	2026-02-05 20:33:44.518805+00	1	8	16	3	\N	6	3	t	2026-02-05 20:33:44.518506+00	3	13
2051	2026-02-11	17:30:00	18:00:00	30	programada	\N	\N		f	\N	\N	0.00			2026-02-08 07:20:36.295508+00	2026-02-08 07:20:36.295522+00	1	1	38	5	\N	6	4	f	\N	\N	28
580	2026-02-05	14:30:00	15:15:00	45	permiso	\N	\N		f	\N	\N	0.00		Permiso a pedido de la mamá por motivo de salud	2026-02-01 21:09:48.204837+00	2026-02-05 22:41:06.261505+00	1	16	9	11	\N	13	3	t	2026-02-05 22:41:06.261191+00	11	14
2052	2026-02-18	17:30:00	18:00:00	30	programada	\N	\N		f	\N	\N	0.00			2026-02-08 07:20:36.51389+00	2026-02-08 07:20:36.513946+00	1	1	38	5	\N	6	4	f	\N	\N	28
394	2026-02-13	14:30:00	15:15:00	45	programada	\N	\N		f	\N	\N	0.00			2026-01-30 15:15:42.450033+00	2026-01-30 15:15:42.450045+00	1	1	21	6	\N	4	3	f	\N	\N	9
395	2026-02-18	14:30:00	15:15:00	45	programada	\N	\N		f	\N	\N	0.00			2026-01-30 15:15:42.642815+00	2026-01-30 15:15:42.642826+00	1	1	21	6	\N	4	3	f	\N	\N	9
396	2026-02-20	14:30:00	15:15:00	45	programada	\N	\N		f	\N	\N	0.00			2026-01-30 15:15:42.840594+00	2026-01-30 15:15:42.840606+00	1	1	21	6	\N	4	3	f	\N	\N	9
397	2026-02-25	14:30:00	15:15:00	45	programada	\N	\N		f	\N	\N	0.00			2026-01-30 15:15:43.047336+00	2026-01-30 15:15:43.047356+00	1	1	21	6	\N	4	3	f	\N	\N	9
398	2026-02-27	14:30:00	15:15:00	45	programada	\N	\N		f	\N	\N	0.00			2026-01-30 15:15:43.256432+00	2026-01-30 15:15:43.256448+00	1	1	21	6	\N	4	3	f	\N	\N	9
407	2026-02-02	15:30:00	16:30:00	60	realizada	\N	\N		f	\N	\N	0.00		El paciente asistió a sesión. No se reporta ninguna novedad	2026-01-30 15:18:59.343629+00	2026-02-03 03:25:35.237458+00	1	14	21	9	\N	7	3	t	2026-02-03 03:25:35.237296+00	9	9
393	2026-02-11	14:30:00	15:15:00	45	realizada	\N	\N		f	\N	\N	0.00			2026-01-30 15:15:42.249496+00	2026-02-11 20:10:48.155521+00	1	10	21	6	\N	4	3	t	2026-02-11 20:10:48.155392+00	6	9
1503	2026-02-28	10:30:00	11:00:00	30	programada	\N	\N		f	\N	\N	0.00			2026-02-03 03:39:50.045243+00	2026-02-03 03:39:50.045262+00	1	1	51	13	\N	12	4	f	\N	\N	30
402	2026-02-23	15:00:00	15:30:00	30	programada	\N	\N		f	\N	\N	0.00			2026-01-30 15:17:32.650782+00	2026-01-30 15:17:32.6508+00	1	1	21	3	\N	6	3	f	\N	\N	9
1147	2026-02-05	17:30:00	18:00:00	30	realizada	\N	\N		f	\N	\N	0.00		Órdenes simples	2026-02-02 02:08:17.2411+00	2026-02-05 23:11:53.608132+00	1	11	38	5	\N	6	4	t	2026-02-05 23:11:53.607964+00	5	28
2053	2026-02-25	17:30:00	18:00:00	30	programada	\N	\N		f	\N	\N	0.00			2026-02-08 07:20:36.638795+00	2026-02-08 07:20:36.638809+00	1	1	38	5	\N	6	4	f	\N	\N	28
406	2026-02-24	17:00:00	17:30:00	30	programada	\N	\N		f	\N	\N	0.00			2026-01-30 15:18:09.446182+00	2026-01-30 15:18:09.446198+00	1	1	21	3	\N	6	3	f	\N	\N	9
579	2026-02-03	14:30:00	15:15:00	45	realizada_retraso	\N	\N		f	14:55:00	25	0.00		Llegó tarde a la sesión programada. \r\nEn el tiempo restante de la sesión, repasamos el cuaderno de estimulación.	2026-02-01 21:09:48.079832+00	2026-02-03 19:18:23.602378+00	1	16	9	11	\N	13	3	t	2026-02-03 19:18:23.602176+00	11	14
410	2026-02-13	15:30:00	16:30:00	60	programada	\N	\N		f	\N	\N	0.00			2026-01-30 15:18:59.959661+00	2026-01-30 15:18:59.959675+00	1	1	21	9	\N	7	3	f	\N	\N	9
412	2026-02-20	15:30:00	16:30:00	60	programada	\N	\N		f	\N	\N	0.00			2026-01-30 15:19:00.440888+00	2026-01-30 15:19:00.440899+00	1	1	21	9	\N	7	3	f	\N	\N	9
413	2026-02-23	15:30:00	16:30:00	60	programada	\N	\N		f	\N	\N	0.00			2026-01-30 15:19:00.651433+00	2026-01-30 15:19:00.65145+00	1	1	21	9	\N	7	3	f	\N	\N	9
414	2026-02-27	15:30:00	16:30:00	60	programada	\N	\N		f	\N	\N	0.00			2026-01-30 15:19:00.935833+00	2026-01-30 15:19:00.935847+00	1	1	21	9	\N	7	3	f	\N	\N	9
2198	2026-02-24	09:00:00	10:00:00	60	programada	\N	\N		f	\N	\N	50.00			2026-02-11 23:07:48.403268+00	2026-02-11 23:07:48.403284+00	1	\N	74	9	\N	7	3	f	\N	\N	\N
416	2026-02-10	16:00:00	16:45:00	45	programada	\N	\N		f	\N	\N	0.00			2026-01-30 15:20:17.335657+00	2026-01-30 15:20:17.335672+00	1	1	21	7	\N	10	3	f	\N	\N	9
429	2026-02-19	16:00:00	16:45:00	45	programada	\N	\N		f	\N	\N	0.00			2026-01-30 15:22:51.53615+00	2026-02-08 17:23:05.231921+00	1	1	21	11	\N	11	3	f	\N	\N	9
418	2026-02-24	16:00:00	16:45:00	45	programada	\N	\N		f	\N	\N	0.00			2026-01-30 15:20:17.741451+00	2026-01-30 15:20:17.741463+00	1	1	21	7	\N	10	3	f	\N	\N	9
430	2026-02-26	16:00:00	16:45:00	45	programada	\N	\N		f	\N	\N	0.00			2026-01-30 15:22:52.020351+00	2026-02-08 17:23:24.590402+00	1	1	21	11	\N	11	3	f	\N	\N	9
421	2026-02-19	15:15:00	16:00:00	45	programada	\N	\N		f	\N	\N	0.00			2026-01-30 15:21:15.359466+00	2026-01-30 15:21:15.359572+00	1	1	21	7	\N	10	3	f	\N	\N	9
422	2026-02-26	15:15:00	16:00:00	45	programada	\N	\N		f	\N	\N	0.00			2026-01-30 15:21:15.559187+00	2026-01-30 15:21:15.559197+00	1	1	21	7	\N	10	3	f	\N	\N	9
420	2026-02-12	15:15:00	16:00:00	45	realizada	\N	\N		f	\N	\N	0.00		Se trabajó de estimulación sensorial	2026-01-30 15:21:15.234116+00	2026-02-12 21:04:15.513084+00	1	12	21	7	\N	10	3	t	2026-02-12 21:04:15.51282+00	7	9
425	2026-02-18	15:15:00	16:00:00	45	programada	\N	\N		f	\N	\N	0.00			2026-01-30 15:22:02.049051+00	2026-01-30 15:22:02.049065+00	1	1	21	4	\N	11	3	f	\N	\N	9
426	2026-02-25	15:15:00	16:00:00	45	programada	\N	\N		f	\N	\N	0.00			2026-01-30 15:22:02.244448+00	2026-01-30 15:22:02.244459+00	1	1	21	4	\N	11	3	f	\N	\N	9
582	2026-02-12	14:30:00	15:15:00	45	realizada_retraso	\N	\N		f	14:55:00	25	0.00		Se dió inicio a la sesión programada con retraso, se trabajo el reconocimiento de colores y figuras con fichas.	2026-02-01 21:09:48.604509+00	2026-02-13 01:39:30.309293+00	1	16	9	11	\N	13	3	t	2026-02-13 01:39:30.309017+00	11	14
584	2026-02-19	14:30:00	15:15:00	45	programada	\N	\N		f	\N	\N	0.00			2026-02-01 21:09:49.090648+00	2026-02-01 21:09:49.09066+00	1	1	9	11	\N	13	3	f	\N	\N	14
585	2026-02-24	14:30:00	15:15:00	45	programada	\N	\N		f	\N	\N	0.00			2026-02-01 21:09:49.293634+00	2026-02-01 21:09:49.293654+00	1	1	9	11	\N	13	3	f	\N	\N	14
586	2026-02-26	14:30:00	15:15:00	45	programada	\N	\N		f	\N	\N	0.00			2026-02-01 21:09:49.49778+00	2026-02-01 21:09:49.497818+00	1	1	9	11	\N	13	3	f	\N	\N	14
409	2026-02-09	15:30:00	16:30:00	60	permiso	\N	\N		f	\N	\N	0.00		El menor no asistió a sesión de intervención por motivos de salud	2026-01-30 15:18:59.760663+00	2026-02-09 19:58:15.329647+00	1	14	21	9	\N	7	3	t	2026-02-09 19:58:15.329462+00	9	9
1602	2026-02-09	15:00:00	15:30:00	30	realizada	\N	\N		f	\N	\N	0.00		Estructura de relatos	2026-02-03 20:57:21.648716+00	2026-02-10 02:33:23.730655+00	6	11	31	5	\N	6	4	t	2026-02-10 02:33:23.730419+00	5	31
423	2026-02-04	15:15:00	16:00:00	45	permiso	\N	\N		f	\N	\N	0.00			2026-01-30 15:22:01.546157+00	2026-02-10 21:51:02.144216+00	1	1	21	4	\N	11	3	f	\N	\N	9
427	2026-02-05	16:00:00	16:45:00	45	realizada	\N	\N		f	\N	\N	0.00			2026-01-30 15:22:51.037378+00	2026-02-10 21:51:13.842895+00	1	1	21	11	\N	11	3	f	\N	\N	9
392	2026-02-06	14:30:00	15:15:00	45	permiso	\N	\N		f	\N	\N	0.00			2026-01-30 15:15:42.050661+00	2026-02-10 21:51:25.555142+00	1	1	21	6	\N	4	3	t	2026-02-06 23:08:57.54751+00	6	9
587	2026-02-06	03:15:00	04:00:00	45	realizada	\N	\N		f	\N	\N	0.00			2026-02-01 21:10:28.586489+00	2026-02-10 22:04:03.67893+00	1	1	9	4	\N	9	3	f	\N	\N	14
404	2026-02-10	17:00:00	17:30:00	30	realizada	\N	\N		f	\N	\N	0.00		Sesión realizada sin dificultad, y en la hora prevista.\r\nSe trabajó órdenes simples, el paciente no trajo material de intervención de área	2026-01-30 15:18:09.044188+00	2026-02-10 22:04:59.26828+00	1	8	21	3	\N	6	3	t	2026-02-10 22:04:59.26811+00	3	9
767	2026-02-06	18:15:00	19:00:00	45	falta	\N	\N		f	\N	\N	50.00			2026-02-01 22:53:08.528841+00	2026-02-10 22:05:57.093203+00	1	1	12	4	\N	9	3	f	\N	\N	\N
979	2026-02-04	18:15:00	19:00:00	45	realizada	\N	\N		f	\N	\N	0.00		Se da inicio de sesión en la hora respectiva. Se trabaja aún el seguimiento de órdenes simples a complejas, trabajo en el circuito y quitado de pañal. Y No se presentó dificultad alguna durante la sesión.	2026-02-02 01:38:12.322487+00	2026-02-05 03:45:10.277736+00	1	13	39	10	\N	10	4	t	2026-02-05 03:45:10.277551+00	10	24
1728	2026-02-05	14:30:00	15:15:00	45	realizada	\N	\N		f	\N	\N	0.00		Colores reconocimiento e identificación	2026-02-04 01:39:34.44584+00	2026-02-05 21:00:18.014688+00	1	12	20	7	\N	10	3	t	2026-02-05 21:00:18.014405+00	7	34
723	2026-02-03	10:30:00	11:15:00	45	realizada	\N	\N		f	\N	\N	0.00		Grafomotricidad seguimiento lineal	2026-02-01 22:26:23.630633+00	2026-02-03 18:38:14.409976+00	1	12	60	7	\N	12	3	t	2026-02-03 18:38:14.409745+00	7	19
747	2026-02-07	10:00:00	11:00:00	60	realizada	\N	\N		f	\N	\N	50.00		Sesión realizada sin dificultad	2026-02-01 22:36:16.629517+00	2026-02-07 15:42:05.713777+00	1	14	11	9	\N	7	3	t	2026-02-07 15:42:05.713634+00	9	\N
771	2026-02-07	09:45:00	10:30:00	45	realizada	\N	\N		f	\N	\N	50.00		SESION REALIZADA CON GABI	2026-02-01 22:53:43.456243+00	2026-02-10 22:06:25.004511+00	1	1	12	4	\N	9	3	f	\N	\N	\N
731	2026-02-02	09:00:00	09:45:00	45	realizada_retraso	\N	\N		f	09:15:00	15	70.00			2026-02-01 22:29:51.600737+00	2026-02-04 03:14:45.880351+00	1	1	11	6	\N	5	3	f	\N	\N	\N
718	2026-02-23	11:15:00	12:00:00	45	programada	\N	\N		f	\N	\N	0.00			2026-02-01 22:24:33.249403+00	2026-02-01 22:24:33.249421+00	1	1	60	11	\N	9	3	f	\N	\N	19
609	2026-02-10	17:30:00	18:00:00	30	realizada	\N	\N		f	\N	\N	0.00		Sesión realizada sin dificultad.\r\nEl paciente llegó a la hora programada	2026-02-01 21:25:26.801194+00	2026-02-10 22:13:40.009871+00	1	8	84	3	\N	6	3	t	2026-02-10 22:13:40.009728+00	3	16
721	2026-02-18	11:15:00	12:00:00	45	programada	\N	\N		f	\N	\N	0.00			2026-02-01 22:24:57.736289+00	2026-02-01 22:24:57.736301+00	1	1	60	4	\N	11	3	f	\N	\N	19
722	2026-02-25	11:15:00	12:00:00	45	programada	\N	\N		f	\N	\N	0.00			2026-02-01 22:24:57.934328+00	2026-02-01 22:24:57.93434+00	1	1	60	4	\N	11	3	f	\N	\N	19
755	2026-02-07	10:30:00	11:00:00	30	realizada	\N	\N		f	\N	\N	70.00		Sesión realizada sin dificultad.\r\nLa paciente llego a la hora programada, realizando las actividades que corresponden al área de intervención	2026-02-01 22:49:06.431832+00	2026-02-07 16:10:53.891004+00	1	8	12	3	\N	6	3	t	2026-02-07 16:10:53.89081+00	3	\N
740	2026-02-12	09:00:00	10:00:00	60	realizada_retraso	\N	\N		f	09:15:00	15	50.00		Sesión realizada con retraso	2026-02-01 22:31:47.154038+00	2026-02-12 15:07:52.874957+00	1	14	11	9	\N	7	3	t	2026-02-12 15:07:52.874778+00	9	\N
726	2026-02-24	10:30:00	11:15:00	45	programada	\N	\N		f	\N	\N	0.00			2026-02-01 22:26:24.237251+00	2026-02-01 22:26:24.237264+00	1	1	60	7	\N	12	3	f	\N	\N	19
728	2026-02-13	11:00:00	12:00:00	60	programada	\N	\N		f	\N	\N	0.00			2026-02-01 22:26:54.841934+00	2026-02-01 22:26:54.841945+00	1	1	60	7	\N	12	3	f	\N	\N	19
729	2026-02-20	11:00:00	12:00:00	60	programada	\N	\N		f	\N	\N	0.00			2026-02-01 22:26:55.034136+00	2026-02-01 22:26:55.034149+00	1	1	60	7	\N	12	3	f	\N	\N	19
730	2026-02-27	11:00:00	12:00:00	60	programada	\N	\N		f	\N	\N	0.00			2026-02-01 22:26:55.154153+00	2026-02-01 22:26:55.154168+00	1	1	60	7	\N	12	3	f	\N	\N	19
732	2026-02-09	09:00:00	09:45:00	45	falta	\N	\N		f	\N	\N	70.00			2026-02-01 22:29:51.940666+00	2026-02-09 13:42:45.970469+00	1	10	11	6	\N	5	3	t	2026-02-09 13:42:45.970137+00	6	\N
2054	2026-02-09	18:15:00	19:00:00	45	realizada	\N	\N		f	\N	\N	0.00		Se trabajo en la motricidad fina , trabajo manipulación de pinzas y selección de colores	2026-02-08 07:32:51.254721+00	2026-02-10 01:07:47.890676+00	1	41	38	14	\N	4	4	t	2026-02-10 01:07:47.890535+00	14	28
734	2026-02-23	09:00:00	09:45:00	45	programada	\N	\N		f	\N	\N	70.00			2026-02-01 22:29:52.434533+00	2026-02-01 22:29:52.434544+00	1	\N	11	6	\N	5	3	f	\N	\N	\N
727	2026-02-06	11:00:00	12:00:00	60	realizada	\N	\N		f	\N	\N	0.00			2026-02-01 22:26:54.681831+00	2026-02-10 21:44:13.665235+00	1	1	60	7	\N	12	3	f	\N	\N	19
775	2026-02-06	17:30:00	18:15:00	45	falta	\N	\N		f	\N	\N	0.00			2026-02-01 22:55:06.347747+00	2026-02-10 21:44:27.536661+00	1	1	12	7	\N	12	3	f	\N	\N	20
719	2026-02-04	11:15:00	12:00:00	45	realizada	\N	\N		f	\N	\N	0.00			2026-02-01 22:24:57.329975+00	2026-02-10 21:55:11.276548+00	1	1	60	4	\N	11	3	f	\N	\N	19
741	2026-02-19	09:00:00	10:00:00	60	programada	\N	\N		f	\N	\N	50.00			2026-02-01 22:31:47.352734+00	2026-02-01 22:31:47.352742+00	1	\N	11	9	\N	7	3	f	\N	\N	\N
742	2026-02-26	09:00:00	10:00:00	60	programada	\N	\N		f	\N	\N	50.00			2026-02-01 22:31:47.631649+00	2026-02-01 22:31:47.631662+00	1	\N	11	9	\N	7	3	f	\N	\N	\N
744	2026-02-14	09:00:00	09:45:00	45	programada	\N	\N		f	\N	\N	70.00			2026-02-01 22:35:40.732793+00	2026-02-01 22:35:40.732807+00	1	\N	11	6	\N	5	3	f	\N	\N	\N
745	2026-02-21	09:00:00	09:45:00	45	programada	\N	\N		f	\N	\N	70.00			2026-02-01 22:35:40.934471+00	2026-02-01 22:35:40.934484+00	1	\N	11	6	\N	5	3	f	\N	\N	\N
746	2026-02-28	09:00:00	09:45:00	45	programada	\N	\N		f	\N	\N	70.00			2026-02-01 22:35:41.131301+00	2026-02-01 22:35:41.131314+00	1	\N	11	6	\N	5	3	f	\N	\N	\N
748	2026-02-14	10:00:00	11:00:00	60	programada	\N	\N		f	\N	\N	50.00			2026-02-01 22:36:16.832595+00	2026-02-01 22:36:16.832608+00	1	\N	11	9	\N	7	3	f	\N	\N	\N
749	2026-02-21	10:00:00	11:00:00	60	programada	\N	\N		f	\N	\N	50.00			2026-02-01 22:36:17.035167+00	2026-02-01 22:36:17.035182+00	1	\N	11	9	\N	7	3	f	\N	\N	\N
750	2026-02-28	10:00:00	11:00:00	60	programada	\N	\N		f	\N	\N	50.00			2026-02-01 22:36:17.239692+00	2026-02-01 22:36:17.239703+00	1	\N	11	9	\N	7	3	f	\N	\N	\N
752	2026-02-13	17:00:00	17:30:00	30	programada	\N	\N		f	\N	\N	70.00			2026-02-01 22:47:44.739695+00	2026-02-01 22:47:44.739705+00	1	\N	12	3	\N	6	3	f	\N	\N	\N
753	2026-02-20	17:00:00	17:30:00	30	programada	\N	\N		f	\N	\N	70.00			2026-02-01 22:47:44.936814+00	2026-02-01 22:47:44.936826+00	1	\N	12	3	\N	6	3	f	\N	\N	\N
754	2026-02-27	17:00:00	17:30:00	30	programada	\N	\N		f	\N	\N	70.00			2026-02-01 22:47:45.141405+00	2026-02-01 22:47:45.141419+00	1	\N	12	3	\N	6	3	f	\N	\N	\N
756	2026-02-14	10:30:00	11:00:00	30	programada	\N	\N		f	\N	\N	70.00			2026-02-01 22:49:06.636133+00	2026-02-01 22:49:06.636152+00	1	\N	12	3	\N	6	3	f	\N	\N	\N
757	2026-02-21	10:30:00	11:00:00	30	programada	\N	\N		f	\N	\N	70.00			2026-02-01 22:49:06.844279+00	2026-02-01 22:49:06.84429+00	1	\N	12	3	\N	6	3	f	\N	\N	\N
758	2026-02-28	10:30:00	11:00:00	30	programada	\N	\N		f	\N	\N	70.00			2026-02-01 22:49:07.045479+00	2026-02-01 22:49:07.045494+00	1	\N	12	3	\N	6	3	f	\N	\N	\N
768	2026-02-13	18:15:00	19:00:00	45	programada	\N	\N		f	\N	\N	50.00			2026-02-01 22:53:08.651756+00	2026-02-01 22:53:08.651766+00	1	\N	12	4	\N	9	3	f	\N	\N	\N
769	2026-02-20	18:15:00	19:00:00	45	programada	\N	\N		f	\N	\N	50.00			2026-02-01 22:53:08.853935+00	2026-02-01 22:53:08.853944+00	1	\N	12	4	\N	9	3	f	\N	\N	\N
770	2026-02-27	18:15:00	19:00:00	45	programada	\N	\N		f	\N	\N	50.00			2026-02-01 22:53:09.055349+00	2026-02-01 22:53:09.055363+00	1	\N	12	4	\N	9	3	f	\N	\N	\N
772	2026-02-14	09:45:00	10:30:00	45	programada	\N	\N		f	\N	\N	50.00			2026-02-01 22:53:43.732466+00	2026-02-01 22:53:43.732479+00	1	\N	12	4	\N	9	3	f	\N	\N	\N
773	2026-02-21	09:45:00	10:30:00	45	programada	\N	\N		f	\N	\N	50.00			2026-02-01 22:53:43.935076+00	2026-02-01 22:53:43.935096+00	1	\N	12	4	\N	9	3	f	\N	\N	\N
774	2026-02-28	09:45:00	10:30:00	45	programada	\N	\N		f	\N	\N	50.00			2026-02-01 22:53:44.135517+00	2026-02-01 22:53:44.135537+00	1	\N	12	4	\N	9	3	f	\N	\N	\N
776	2026-02-13	17:30:00	18:15:00	45	programada	\N	\N		f	\N	\N	0.00			2026-02-01 22:55:06.557348+00	2026-02-01 22:55:06.557364+00	1	1	12	7	\N	12	3	f	\N	\N	20
777	2026-02-20	17:30:00	18:15:00	45	programada	\N	\N		f	\N	\N	0.00			2026-02-01 22:55:06.831884+00	2026-02-01 22:55:06.831903+00	1	1	12	7	\N	12	3	f	\N	\N	20
778	2026-02-27	17:30:00	18:15:00	45	programada	\N	\N		f	\N	\N	0.00			2026-02-01 22:55:07.033618+00	2026-02-01 22:55:07.033637+00	1	1	12	7	\N	12	3	f	\N	\N	20
2056	2026-02-23	18:15:00	19:00:00	45	programada	\N	\N		f	\N	\N	0.00			2026-02-08 07:32:51.634159+00	2026-02-08 07:32:51.634169+00	1	1	38	14	\N	4	4	f	\N	\N	28
780	2026-02-14	11:00:00	12:00:00	60	programada	\N	\N		f	\N	\N	0.00			2026-02-01 22:55:39.940155+00	2026-02-01 22:55:39.940165+00	1	\N	12	7	\N	12	3	f	\N	\N	20
781	2026-02-21	11:00:00	12:00:00	60	programada	\N	\N		f	\N	\N	0.00			2026-02-01 22:55:40.138543+00	2026-02-01 22:55:40.138558+00	1	\N	12	7	\N	12	3	f	\N	\N	20
782	2026-02-28	11:00:00	12:00:00	60	programada	\N	\N		f	\N	\N	0.00			2026-02-01 22:55:40.348518+00	2026-02-01 22:55:40.348533+00	1	\N	12	7	\N	12	3	f	\N	\N	20
1604	2026-02-23	15:00:00	15:30:00	30	programada	\N	\N		f	\N	\N	0.00			2026-02-03 20:57:22.153817+00	2026-02-03 20:57:22.153828+00	6	6	31	5	\N	6	4	f	\N	\N	31
816	2026-02-04	18:15:00	19:00:00	45	realizada	\N	\N		f	\N	\N	0.00		Sesión realizada con éxito, sin mayor dificultad	2026-02-01 23:33:33.340861+00	2026-02-04 23:34:53.028344+00	1	14	83	9	\N	7	3	t	2026-02-04 23:34:53.028165+00	9	12
815	2026-02-02	18:15:00	19:00:00	45	falta	\N	\N		f	\N	\N	0.00		El paciente no asistió a sesión	2026-02-01 23:33:33.140997+00	2026-02-03 03:26:01.929394+00	1	14	83	9	\N	7	3	t	2026-02-03 03:26:01.929201+00	9	12
1608	2026-02-23	15:30:00	16:30:00	60	programada	\N	\N		f	\N	\N	0.00			2026-02-03 20:58:24.748839+00	2026-02-03 20:58:24.748852+00	6	6	31	8	\N	7	4	f	\N	\N	31
1611	2026-02-18	14:30:00	15:30:00	60	programada	\N	\N		f	\N	\N	0.00			2026-02-03 20:59:32.12873+00	2026-02-03 20:59:32.128747+00	6	6	31	8	\N	7	4	f	\N	\N	31
1612	2026-02-25	14:30:00	15:30:00	60	programada	\N	\N		f	\N	\N	0.00			2026-02-03 20:59:32.327662+00	2026-02-03 20:59:32.327679+00	6	6	31	8	\N	7	4	f	\N	\N	31
1609	2026-02-04	14:30:00	15:30:00	60	realizada	\N	\N		f	\N	\N	0.00		Durante la sesión se trabajó atención y memoria; se pudo observar un buen desenvolvimiento en las actividades asignadas	2026-02-03 20:59:31.489154+00	2026-02-05 01:30:21.834834+00	6	15	31	8	\N	7	4	t	2026-02-05 01:30:21.834663+00	8	31
799	2026-02-02	17:30:00	18:15:00	45	falta	\N	\N		f	\N	\N	0.00			2026-02-01 23:32:02.377661+00	2026-02-04 02:35:18.399313+00	1	1	83	6	\N	4	3	f	\N	\N	12
1613	2026-02-03	14:30:00	15:30:00	60	realizada	\N	\N		f	\N	\N	0.00			2026-02-03 21:00:42.10103+00	2026-02-04 03:23:58.89825+00	6	19	31	13	\N	12	4	t	2026-02-04 03:23:58.898089+00	13	31
823	2026-02-04	17:30:00	18:15:00	45	realizada	\N	\N		f	\N	\N	0.00		Ensartado \r\nsecuencia de colores\r\n tiempos de espera	2026-02-01 23:34:15.381594+00	2026-02-04 22:46:21.799054+00	1	12	83	7	\N	10	3	t	2026-02-04 22:46:21.798822+00	7	12
809	2026-02-10	18:30:00	19:00:00	30	realizada	\N	\N		f	\N	\N	0.00		Sesión realizada sin dificultad.\r\nEl paciente llego a la hora establecida, se trabajó órdenes simples con los recursos de grupos semánticos.	2026-02-01 23:32:43.233925+00	2026-02-10 22:52:24.66668+00	1	8	83	3	\N	6	3	t	2026-02-10 22:52:24.666511+00	3	12
2011	2026-02-10	16:45:00	17:30:00	45	realizada_retraso	\N	\N		f	16:55:00	10	0.00		Se da inicio de sesión con 10 minutos de retraso.\r\nRepaso de números, letras y estaciones (diferentes climas)	2026-02-08 05:19:03.469489+00	2026-02-11 01:31:22.972853+00	1	13	43	10	\N	10	4	t	2026-02-11 01:31:22.972688+00	10	26
1919	2026-02-04	15:15:00	16:00:00	45	realizada	\N	\N		f	\N	\N	50.00			2026-02-05 13:16:52.838092+00	2026-02-11 14:06:33.513297+00	6	1	48	10	\N	10	4	f	\N	\N	\N
802	2026-02-13	17:30:00	18:15:00	45	programada	\N	\N		f	\N	\N	0.00			2026-02-01 23:32:03.031596+00	2026-02-01 23:32:03.03161+00	1	1	83	6	\N	4	3	f	\N	\N	12
804	2026-02-20	17:30:00	18:15:00	45	programada	\N	\N		f	\N	\N	0.00			2026-02-01 23:32:03.431702+00	2026-02-01 23:32:03.431715+00	1	1	83	6	\N	4	3	f	\N	\N	12
805	2026-02-23	17:30:00	18:15:00	45	programada	\N	\N		f	\N	\N	0.00			2026-02-01 23:32:03.631394+00	2026-02-01 23:32:03.631407+00	1	1	83	6	\N	4	3	f	\N	\N	12
806	2026-02-27	17:30:00	18:15:00	45	programada	\N	\N		f	\N	\N	0.00			2026-02-01 23:32:03.829844+00	2026-02-01 23:32:03.829864+00	1	1	83	6	\N	4	3	f	\N	\N	12
1605	2026-02-02	15:30:00	16:30:00	60	realizada	\N	\N		f	\N	\N	0.00			2026-02-03 20:58:24.087067+00	2026-02-11 14:18:55.311562+00	6	1	31	8	\N	7	4	f	\N	\N	31
810	2026-02-13	18:30:00	19:00:00	30	programada	\N	\N		f	\N	\N	0.00			2026-02-01 23:32:43.448995+00	2026-02-01 23:32:43.449006+00	1	1	83	3	\N	6	3	f	\N	\N	12
808	2026-02-06	18:30:00	19:00:00	30	falta	\N	\N		f	\N	\N	0.00		La sesión programada no se llevó a cabo debido a la inasistencia del paciente. Se deja constancia de que Jair no se presentó en el horario establecido, motivo por el cual no fue posible realizar las actividades planificadas	2026-02-01 23:32:42.952324+00	2026-02-06 22:22:32.795716+00	1	8	83	3	\N	6	3	t	2026-02-06 22:22:32.795549+00	3	12
812	2026-02-20	18:30:00	19:00:00	30	programada	\N	\N		f	\N	\N	0.00			2026-02-01 23:32:43.851041+00	2026-02-01 23:32:43.851055+00	1	1	83	3	\N	6	3	f	\N	\N	12
813	2026-02-24	18:30:00	19:00:00	30	programada	\N	\N		f	\N	\N	0.00			2026-02-01 23:32:44.050624+00	2026-02-01 23:32:44.050637+00	1	1	83	3	\N	6	3	f	\N	\N	12
814	2026-02-27	18:30:00	19:00:00	30	programada	\N	\N		f	\N	\N	0.00			2026-02-01 23:32:44.251828+00	2026-02-01 23:32:44.25184+00	1	1	83	3	\N	6	3	f	\N	\N	12
800	2026-02-06	17:30:00	18:15:00	45	falta	\N	\N		f	\N	\N	0.00			2026-02-01 23:32:02.559029+00	2026-02-06 23:09:14.07802+00	1	10	83	6	\N	4	3	t	2026-02-06 23:09:14.077876+00	6	12
2187	2026-02-11	09:00:00	09:45:00	45	realizada	\N	\N		f	\N	\N	0.00			2026-02-10 22:21:37.105115+00	2026-02-11 16:34:16.807811+00	1	10	93	6	41	16	3	t	2026-02-11 16:34:16.807532+00	6	\N
818	2026-02-11	18:15:00	19:00:00	45	realizada	\N	\N		f	\N	\N	0.00		Sesión realizada	2026-02-01 23:33:33.734146+00	2026-02-11 22:32:34.979928+00	1	14	83	9	\N	7	3	t	2026-02-11 22:32:34.979754+00	9	12
825	2026-02-11	17:30:00	18:15:00	45	realizada	\N	\N		f	\N	\N	0.00		Se trabajó reconocimiento a identificación de colores mediante el coloreo con pintura al dedo	2026-02-01 23:34:15.752034+00	2026-02-11 22:39:15.63654+00	1	12	83	7	\N	10	3	t	2026-02-11 22:39:15.636407+00	7	12
820	2026-02-18	18:15:00	19:00:00	45	programada	\N	\N		f	\N	\N	0.00			2026-02-01 23:33:34.055074+00	2026-02-01 23:33:34.055084+00	1	1	83	9	\N	7	3	f	\N	\N	12
821	2026-02-23	18:15:00	19:00:00	45	programada	\N	\N		f	\N	\N	0.00			2026-02-01 23:33:34.252926+00	2026-02-01 23:33:34.252937+00	1	1	83	9	\N	7	3	f	\N	\N	12
822	2026-02-25	18:15:00	19:00:00	45	programada	\N	\N		f	\N	\N	0.00			2026-02-01 23:33:34.447921+00	2026-02-01 23:33:34.447932+00	1	1	83	9	\N	7	3	f	\N	\N	12
2199	2026-02-12	09:00:00	09:45:00	45	realizada_retraso	\N	\N		f	09:10:00	10	70.00		Adaptación	2026-02-11 23:08:20.303993+00	2026-02-12 16:20:17.941058+00	1	10	74	6	\N	4	3	t	2026-02-12 16:20:17.940854+00	6	\N
826	2026-02-12	17:30:00	18:15:00	45	programada	\N	\N		f	\N	\N	0.00			2026-02-01 23:34:15.948356+00	2026-02-01 23:34:15.948371+00	1	1	83	7	\N	10	3	f	\N	\N	12
827	2026-02-18	17:30:00	18:15:00	45	programada	\N	\N		f	\N	\N	0.00			2026-02-01 23:34:16.148109+00	2026-02-01 23:34:16.148119+00	1	1	83	7	\N	10	3	f	\N	\N	12
828	2026-02-19	17:30:00	18:15:00	45	programada	\N	\N		f	\N	\N	0.00			2026-02-01 23:34:16.340973+00	2026-02-01 23:34:16.340984+00	1	1	83	7	\N	10	3	f	\N	\N	12
1508	2026-02-02	16:00:00	16:45:00	45	realizada	\N	\N		f	\N	\N	0.00			2026-02-03 03:43:47.137953+00	2026-02-03 05:05:36.336897+00	1	1	51	12	\N	4	4	f	\N	\N	30
829	2026-02-25	17:30:00	18:15:00	45	programada	\N	\N		f	\N	\N	0.00			2026-02-01 23:34:16.534946+00	2026-02-01 23:34:16.534957+00	1	1	83	7	\N	10	3	f	\N	\N	12
830	2026-02-26	17:30:00	18:15:00	45	programada	\N	\N		f	\N	\N	0.00			2026-02-01 23:34:16.729428+00	2026-02-01 23:34:16.729465+00	1	1	83	7	\N	10	3	f	\N	\N	12
1922	2026-02-12	15:15:00	16:00:00	45	programada	\N	\N		f	\N	\N	50.00			2026-02-05 13:16:53.628879+00	2026-02-05 13:16:53.628897+00	6	\N	48	10	\N	10	4	f	\N	\N	\N
832	2026-02-10	17:30:00	18:15:00	45	programada	\N	\N		f	\N	\N	0.00			2026-02-01 23:35:07.629713+00	2026-02-01 23:35:07.629726+00	1	1	83	4	\N	11	3	f	\N	\N	12
834	2026-02-24	17:30:00	18:15:00	45	programada	\N	\N		f	\N	\N	0.00			2026-02-01 23:35:08.03732+00	2026-02-01 23:35:08.037335+00	1	1	83	4	\N	11	3	f	\N	\N	12
835	2026-02-05	18:15:00	19:00:00	45	programada	\N	\N		f	\N	\N	0.00			2026-02-01 23:35:53.175968+00	2026-02-01 23:35:53.175978+00	1	1	83	4	\N	11	3	f	\N	\N	12
1614	2026-02-10	14:30:00	15:30:00	60	realizada	\N	\N		f	\N	\N	0.00			2026-02-03 21:00:42.247444+00	2026-02-10 22:54:45.419343+00	6	19	31	13	\N	12	4	t	2026-02-10 22:54:45.41916+00	13	31
844	2026-02-10	10:00:00	10:30:00	30	realizada	\N	\N		f	\N	\N	0.00		Órdenes simples	2026-02-02 01:02:38.044324+00	2026-02-11 02:43:02.332854+00	1	11	33	5	\N	6	4	t	2026-02-11 02:43:02.33263+00	5	21
876	2026-02-10	14:30:00	15:00:00	30	realizada	\N	\N		f	\N	\N	0.00		Estructura de oraciones (de petición)	2026-02-02 01:12:34.140124+00	2026-02-11 02:43:46.300043+00	1	11	36	5	\N	6	4	t	2026-02-11 02:43:46.299914+00	5	22
841	2026-02-18	11:15:00	12:00:00	45	programada	\N	\N		f	\N	\N	0.00			2026-02-02 01:01:52.837941+00	2026-02-08 04:45:34.732649+00	1	1	33	14	\N	4	4	f	\N	\N	21
862	2026-02-23	09:00:00	09:45:00	45	programada	\N	\N		f	\N	\N	0.00			2026-02-02 01:05:05.433554+00	2026-02-08 06:41:30.533292+00	1	1	33	12	\N	9	4	f	\N	\N	21
864	2026-02-12	11:15:00	12:00:00	45	programada	\N	\N		f	\N	\N	0.00			2026-02-02 01:05:36.432579+00	2026-02-08 06:41:56.836982+00	1	1	33	12	\N	9	4	f	\N	\N	21
1510	2026-02-03	11:15:00	12:00:00	45	realizada	\N	\N		f	\N	\N	0.00		Reconocimiento de colores y figuras geometricas	2026-02-03 03:56:09.928205+00	2026-02-03 16:55:26.30589+00	1	17	22	12	\N	4	4	t	2026-02-03 16:55:26.305739+00	12	29
875	2026-02-03	14:30:00	15:00:00	30	realizada	\N	\N		f	\N	\N	0.00		/L/ vocalización de sonidos\r\nEstructura de palabras	2026-02-02 01:12:33.94734+00	2026-02-03 19:41:10.363471+00	1	11	36	5	\N	6	4	t	2026-02-03 19:41:10.363304+00	5	22
846	2026-02-24	10:00:00	10:30:00	30	programada	\N	\N		f	\N	\N	0.00			2026-02-02 01:02:38.429648+00	2026-02-02 01:02:38.429661+00	1	1	33	5	\N	6	4	f	\N	\N	21
865	2026-02-19	11:15:00	12:00:00	45	programada	\N	\N		f	\N	\N	0.00			2026-02-02 01:05:36.629648+00	2026-02-08 06:42:14.634854+00	1	1	33	12	\N	9	4	f	\N	\N	21
848	2026-02-12	10:30:00	11:00:00	30	programada	\N	\N		f	\N	\N	0.00			2026-02-02 01:03:08.141871+00	2026-02-02 01:03:08.141885+00	1	1	33	5	\N	6	4	f	\N	\N	21
849	2026-02-19	10:30:00	11:00:00	30	programada	\N	\N		f	\N	\N	0.00			2026-02-02 01:03:08.344333+00	2026-02-02 01:03:08.344348+00	1	1	33	5	\N	6	4	f	\N	\N	21
850	2026-02-26	10:30:00	11:00:00	30	programada	\N	\N		f	\N	\N	0.00			2026-02-02 01:03:08.547094+00	2026-02-02 01:03:08.547107+00	1	1	33	5	\N	6	4	f	\N	\N	21
1509	2026-02-02	17:00:00	17:30:00	30	realizada	\N	\N		f	\N	\N	0.00			2026-02-03 03:44:18.642209+00	2026-02-11 13:36:19.128597+00	1	1	51	5	\N	6	4	f	\N	\N	30
853	2026-02-18	10:30:00	11:15:00	45	programada	\N	\N		f	\N	\N	0.00			2026-02-02 01:04:05.838772+00	2026-02-02 01:04:05.838784+00	1	1	33	4	\N	8	4	f	\N	\N	21
854	2026-02-25	10:30:00	11:15:00	45	programada	\N	\N		f	\N	\N	0.00			2026-02-02 01:04:06.031186+00	2026-02-02 01:04:06.031199+00	1	1	33	4	\N	8	4	f	\N	\N	21
951	2026-02-02	17:30:00	18:00:00	30	realizada	\N	\N		f	\N	\N	0.00		Las vocales (vocalización)	2026-02-02 01:29:08.345682+00	2026-02-11 13:36:31.327537+00	1	1	39	5	\N	6	4	t	2026-02-02 22:52:35.452608+00	5	24
856	2026-02-13	09:00:00	09:45:00	45	programada	\N	\N		f	\N	\N	0.00			2026-02-02 01:04:28.648725+00	2026-02-02 01:04:28.648737+00	1	1	33	4	\N	8	4	f	\N	\N	21
857	2026-02-20	09:00:00	09:45:00	45	programada	\N	\N		f	\N	\N	0.00			2026-02-02 01:04:28.844125+00	2026-02-02 01:04:28.844135+00	1	1	33	4	\N	8	4	f	\N	\N	21
858	2026-02-27	09:00:00	09:45:00	45	programada	\N	\N		f	\N	\N	0.00			2026-02-02 01:04:29.040832+00	2026-02-02 01:04:29.040843+00	1	1	33	4	\N	8	4	f	\N	\N	21
843	2026-02-03	10:00:00	10:30:00	30	realizada	\N	\N		f	\N	\N	0.00		Reconocimiento familiar \r\nInicio de cuaderno de apoyo	2026-02-02 01:02:37.924009+00	2026-02-03 15:13:02.177491+00	1	11	33	5	\N	6	4	t	2026-02-03 15:13:02.177288+00	5	21
907	2026-02-04	17:00:00	17:30:00	30	realizada	\N	\N		f	\N	\N	0.00			2026-02-02 01:18:49.143695+00	2026-02-11 13:40:09.096115+00	1	1	40	5	\N	6	4	f	\N	\N	23
842	2026-02-25	11:15:00	12:00:00	45	programada	\N	\N		f	\N	\N	0.00			2026-02-02 01:01:53.031266+00	2026-02-08 04:46:09.327267+00	1	1	33	14	\N	4	4	f	\N	\N	21
2057	2026-02-02	18:15:00	19:00:00	45	realizada	\N	\N		f	\N	\N	70.00			2026-02-08 07:51:13.626541+00	2026-02-11 14:25:07.027808+00	1	1	44	12	\N	4	4	f	\N	\N	\N
866	2026-02-26	11:15:00	12:00:00	45	programada	\N	\N		f	\N	\N	0.00			2026-02-02 01:05:36.752694+00	2026-02-08 06:42:34.440068+00	1	1	33	12	\N	9	4	f	\N	\N	21
860	2026-02-09	09:00:00	09:45:00	45	realizada	\N	\N		f	\N	\N	0.00			2026-02-02 01:05:04.446584+00	2026-02-11 14:29:25.129229+00	1	1	33	12	\N	9	4	f	\N	\N	21
2058	2026-02-09	18:15:00	19:00:00	45	realizada	\N	\N		f	\N	\N	70.00			2026-02-08 07:51:13.830477+00	2026-02-11 14:31:37.682976+00	1	1	44	12	\N	4	4	f	\N	\N	\N
852	2026-02-11	10:30:00	11:15:00	45	realizada	\N	\N		f	\N	\N	0.00		Ander todavía se encuentra en periodo de adaptación por lo cual llora durante la sesión, trabajamos masajes y abdominales	2026-02-02 01:04:05.639812+00	2026-02-12 02:48:08.916546+00	1	1	33	4	\N	8	4	f	\N	\N	21
1616	2026-02-24	14:30:00	15:30:00	60	programada	\N	\N		f	\N	\N	0.00			2026-02-03 21:00:42.643404+00	2026-02-03 21:00:42.643417+00	6	6	31	13	\N	12	4	f	\N	\N	31
403	2026-02-03	17:00:00	17:30:00	30	permiso	\N	\N		f	\N	\N	0.00	Solicito permiso porque la mamá refiere que se encuentra resfriado		2026-01-30 15:18:08.83561+00	2026-02-04 02:38:02.531859+00	1	1	21	3	\N	6	3	t	2026-02-03 21:40:51.961572+00	3	9
415	2026-02-03	16:00:00	16:45:00	45	permiso	\N	\N		f	\N	\N	0.00	solicito permiso por mensaje	No asistió	2026-01-30 15:20:17.13333+00	2026-02-04 02:40:34.237794+00	1	1	21	7	\N	10	3	t	2026-02-03 23:00:25.135485+00	7	9
831	2026-02-03	17:30:00	18:15:00	45	realizada	\N	\N		f	\N	\N	0.00			2026-02-01 23:35:07.408225+00	2026-02-04 02:47:49.144742+00	1	1	83	4	\N	11	3	f	\N	\N	12
1831	2026-02-02	16:00:00	16:45:00	45	programada	\N	\N		f	\N	\N	0.00			2026-02-04 15:36:57.246882+00	2026-02-04 15:36:57.246897+00	6	6	49	11	\N	9	4	f	\N	\N	6
878	2026-02-24	14:30:00	15:00:00	30	programada	\N	\N		f	\N	\N	0.00			2026-02-02 01:12:34.529681+00	2026-02-02 01:12:34.529696+00	1	1	36	5	\N	6	4	f	\N	\N	22
1834	2026-02-23	16:00:00	16:45:00	45	programada	\N	\N		f	\N	\N	0.00			2026-02-04 15:36:57.855531+00	2026-02-08 08:09:11.335733+00	6	1	49	12	\N	9	4	f	\N	\N	6
1836	2026-02-09	16:45:00	17:30:00	45	realizada	\N	\N		f	\N	\N	0.00		Se trabajo en órdenes simples, motricidad y concentración en armado de rompecabezas	2026-02-04 15:37:51.464858+00	2026-02-10 01:09:00.292611+00	6	41	49	14	\N	4	4	t	2026-02-10 01:09:00.292449+00	14	6
851	2026-02-04	10:30:00	11:15:00	45	realizada	\N	\N		f	\N	\N	0.00			2026-02-02 01:04:05.036951+00	2026-02-10 21:54:03.294702+00	1	1	33	4	\N	8	4	f	\N	\N	21
855	2026-02-06	09:00:00	09:45:00	45	realizada	\N	\N		f	\N	\N	0.00			2026-02-02 01:04:28.511885+00	2026-02-10 22:04:19.365869+00	1	1	33	4	\N	8	4	f	\N	\N	21
916	2026-02-11	18:15:00	19:00:00	45	programada	\N	\N		f	\N	\N	0.00			2026-02-02 01:21:34.451019+00	2026-02-08 06:36:56.626403+00	1	1	40	12	\N	9	4	f	\N	\N	23
1572	2026-02-10	15:15:00	16:00:00	45	realizada	\N	\N		f	\N	\N	0.00		Se trabajo mediante la compresión de acciones y situaciones de un cuento , donde ella fue reconociendo que sucedía y que emoción expresaba la narrativa del cuento	2026-02-03 04:36:13.0448+00	2026-02-10 23:14:12.246044+00	1	41	36	14	\N	4	4	t	2026-02-10 23:14:12.245867+00	14	22
1492	2026-02-03	16:30:00	17:30:00	60	realizada	\N	\N		f	\N	\N	0.00		Durante la sesión se trabajó razonamiento perceptivo, memoria secuencial, atención; con respecto al desenvolvimiento tuvo buena respuesta a las actividades	2026-02-03 03:38:52.110316+00	2026-02-03 21:03:01.529393+00	1	15	51	8	\N	7	4	t	2026-02-03 21:03:01.529224+00	8	30
882	2026-02-23	14:30:00	15:30:00	60	programada	\N	\N		f	\N	\N	0.00			2026-02-02 01:13:17.04831+00	2026-02-02 01:13:17.048321+00	1	1	36	8	\N	7	4	f	\N	\N	22
917	2026-02-18	18:15:00	19:00:00	45	programada	\N	\N		f	\N	\N	0.00			2026-02-02 01:21:34.737371+00	2026-02-08 06:37:14.648803+00	1	1	40	12	\N	9	4	f	\N	\N	23
1993	2026-02-04	18:00:00	18:30:00	30	realizada	\N	\N		f	\N	\N	0.00			2026-02-06 22:05:20.276693+00	2026-02-11 13:40:25.513455+00	6	1	88	5	\N	6	4	f	\N	\N	33
2060	2026-02-06	16:45:00	17:30:00	45	realizada	\N	\N		f	\N	\N	70.00			2026-02-08 07:56:09.539108+00	2026-02-11 14:12:44.894007+00	1	1	44	14	\N	4	4	f	\N	\N	\N
886	2026-02-23	15:30:00	16:30:00	60	programada	\N	\N		f	\N	\N	0.00			2026-02-02 01:13:52.449973+00	2026-02-02 01:13:52.449985+00	1	1	36	13	\N	12	4	f	\N	\N	22
1756	2026-02-04	17:00:00	18:00:00	60	realizada	\N	\N		f	\N	\N	50.00		Sesión realizada con éxito, sin mayor dificultad	2026-02-04 01:58:14.843246+00	2026-02-04 23:32:42.241428+00	1	14	85	9	\N	7	3	t	2026-02-04 23:32:42.241151+00	9	\N
1753	2026-02-18	16:00:00	16:45:00	45	programada	\N	\N		f	\N	\N	70.00			2026-02-04 01:57:19.450071+00	2026-02-04 01:57:19.450086+00	1	\N	85	6	\N	5	3	f	\N	\N	\N
1755	2026-02-25	16:00:00	16:45:00	45	programada	\N	\N		f	\N	\N	70.00			2026-02-04 01:57:19.859307+00	2026-02-04 01:57:19.859322+00	1	\N	85	6	\N	5	3	f	\N	\N	\N
918	2026-02-25	18:15:00	19:00:00	45	programada	\N	\N		f	\N	\N	0.00			2026-02-02 01:21:34.938146+00	2026-02-08 06:37:33.632599+00	1	1	40	12	\N	9	4	f	\N	\N	23
899	2026-02-07	10:30:00	11:15:00	45	realizada	\N	\N		f	\N	\N	0.00			2026-02-02 01:17:44.136186+00	2026-02-11 14:28:26.145721+00	1	1	40	12	\N	4	4	f	\N	\N	23
920	2026-02-13	17:30:00	18:15:00	45	programada	\N	\N		f	\N	\N	0.00			2026-02-02 01:22:02.748706+00	2026-02-08 07:41:27.63578+00	1	1	40	12	\N	9	4	f	\N	\N	23
921	2026-02-20	17:30:00	18:15:00	45	programada	\N	\N		f	\N	\N	0.00			2026-02-02 01:22:02.942627+00	2026-02-08 07:42:45.723426+00	1	1	40	12	\N	9	4	f	\N	\N	23
922	2026-02-27	17:30:00	18:15:00	45	programada	\N	\N		f	\N	\N	0.00			2026-02-02 01:22:03.145752+00	2026-02-08 07:43:03.835828+00	1	1	40	12	\N	9	4	f	\N	\N	23
2059	2026-02-23	18:15:00	19:00:00	45	programada	\N	\N		f	\N	\N	70.00			2026-02-08 07:51:14.040315+00	2026-02-08 07:51:14.040325+00	1	\N	44	12	\N	4	4	f	\N	\N	\N
1758	2026-02-11	17:00:00	18:00:00	60	realizada	\N	\N		f	\N	\N	50.00		Sesión realizada sin dificultad	2026-02-04 01:58:15.256941+00	2026-02-11 22:32:00.449527+00	1	14	85	9	\N	7	3	t	2026-02-11 22:32:00.449374+00	9	\N
915	2026-02-04	18:15:00	19:00:00	45	realizada	\N	\N		f	\N	\N	0.00		Realizo actividad de movimiento en circuito.	2026-02-02 01:21:34.248619+00	2026-02-05 00:01:45.235866+00	1	16	40	11	\N	9	4	t	2026-02-05 00:01:45.235723+00	11	23
906	2026-02-23	18:00:00	18:30:00	30	programada	\N	\N		f	\N	\N	0.00			2026-02-02 01:18:19.953298+00	2026-02-02 01:18:19.953315+00	1	1	40	5	\N	6	4	f	\N	\N	23
908	2026-02-11	17:00:00	17:30:00	30	programada	\N	\N		f	\N	\N	0.00			2026-02-02 01:18:49.337345+00	2026-02-02 01:18:49.337359+00	1	1	40	5	\N	6	4	f	\N	\N	23
909	2026-02-18	17:00:00	17:30:00	30	programada	\N	\N		f	\N	\N	0.00			2026-02-02 01:18:49.538877+00	2026-02-02 01:18:49.538891+00	1	1	40	5	\N	6	4	f	\N	\N	23
910	2026-02-25	17:00:00	17:30:00	30	programada	\N	\N		f	\N	\N	0.00			2026-02-02 01:18:49.73993+00	2026-02-02 01:18:49.739945+00	1	1	40	5	\N	6	4	f	\N	\N	23
1749	2026-02-04	16:00:00	16:45:00	45	realizada	\N	\N		f	\N	\N	70.00			2026-02-04 01:57:18.637184+00	2026-02-05 01:18:44.083007+00	1	10	85	6	\N	5	3	t	2026-02-05 01:18:44.082698+00	6	\N
913	2026-02-18	17:30:00	18:15:00	45	programada	\N	\N		f	\N	\N	0.00			2026-02-02 01:20:22.849792+00	2026-02-02 01:20:22.849803+00	1	1	40	8	\N	7	4	f	\N	\N	23
914	2026-02-25	17:30:00	18:15:00	45	programada	\N	\N		f	\N	\N	0.00			2026-02-02 01:20:23.036811+00	2026-02-02 01:20:23.036822+00	1	1	40	8	\N	7	4	f	\N	\N	23
904	2026-02-09	18:00:00	18:30:00	30	realizada	\N	\N		f	\N	\N	0.00		Repaso de grupos semanticos (reconocimiento)	2026-02-02 01:18:19.550409+00	2026-02-10 02:36:29.002527+00	1	11	40	5	\N	6	4	t	2026-02-10 02:36:29.002375+00	5	23
2200	2026-02-19	09:00:00	09:45:00	45	programada	\N	\N		f	\N	\N	70.00			2026-02-11 23:08:20.506038+00	2026-02-11 23:08:20.506049+00	1	\N	74	6	\N	4	3	f	\N	\N	\N
1751	2026-02-11	16:00:00	16:45:00	45	realizada_retraso	\N	\N		f	16:10:00	10	70.00		Estimulación de habilidades sociales	2026-02-04 01:57:19.039355+00	2026-02-11 23:23:37.456469+00	1	10	85	6	\N	5	3	t	2026-02-11 23:23:37.456256+00	6	\N
912	2026-02-11	17:30:00	18:15:00	45	realizada	\N	\N		f	\N	\N	0.00		Durante la actividad se trabajó coordinación óculo manual y atención con material didáctico, respecto al desempeño se pudo visualizar  un avance en las actividades	2026-02-02 01:20:22.644761+00	2026-02-12 01:48:37.809827+00	1	15	40	8	\N	7	4	t	2026-02-12 01:48:37.809655+00	8	23
1923	2026-02-18	15:15:00	16:00:00	45	programada	\N	\N		f	\N	\N	50.00			2026-02-05 13:16:53.837436+00	2026-02-05 13:16:53.837488+00	6	\N	48	10	\N	10	4	f	\N	\N	\N
1513	2026-02-24	11:15:00	12:00:00	45	programada	\N	\N		f	\N	\N	0.00			2026-02-03 03:56:10.549539+00	2026-02-08 04:52:43.234437+00	1	1	22	14	\N	4	4	f	\N	\N	29
896	2026-02-13	18:15:00	19:00:00	45	programada	\N	\N		f	\N	\N	0.00			2026-02-02 01:17:13.344814+00	2026-02-08 05:07:24.83467+00	1	1	40	14	\N	4	4	f	\N	\N	23
879	2026-02-02	14:30:00	15:30:00	60	realizada_retraso	\N	\N		f	14:40:00	10	0.00		Retraso \r\nDurante la sesión se trabajó atención selectiva y percepción visual, se mostró colaborativa ante las actividades realizadas	2026-02-02 01:13:16.442781+00	2026-02-02 22:52:51.515375+00	1	15	36	8	\N	7	4	t	2026-02-02 22:52:51.515163+00	8	22
903	2026-02-02	18:00:00	18:30:00	30	realizada	\N	\N		f	\N	\N	0.00		Grupos semanticos \r\nNo trajo material de apoyo	2026-02-02 01:18:19.393248+00	2026-02-02 22:55:01.731949+00	1	11	40	5	\N	6	4	t	2026-02-02 22:55:01.73181+00	5	23
883	2026-02-02	15:30:00	16:30:00	60	realizada	\N	\N		f	\N	\N	0.00			2026-02-02 01:13:51.622667+00	2026-02-03 02:49:54.360987+00	1	19	36	13	\N	12	4	t	2026-02-03 02:49:54.360818+00	13	22
900	2026-02-14	10:30:00	11:15:00	45	programada	\N	\N		f	\N	\N	0.00			2026-02-02 01:17:44.32961+00	2026-02-08 05:07:50.233371+00	1	1	40	14	\N	4	4	f	\N	\N	23
897	2026-02-20	18:15:00	19:00:00	45	programada	\N	\N		f	\N	\N	0.00			2026-02-02 01:17:13.541684+00	2026-02-08 05:08:19.816138+00	1	1	40	14	\N	4	4	f	\N	\N	23
901	2026-02-21	10:30:00	11:15:00	45	programada	\N	\N		f	\N	\N	0.00			2026-02-02 01:17:44.451018+00	2026-02-08 05:08:44.731266+00	1	1	40	14	\N	4	4	f	\N	\N	23
898	2026-02-27	18:15:00	19:00:00	45	programada	\N	\N		f	\N	\N	0.00			2026-02-02 01:17:13.741398+00	2026-02-08 05:09:16.229094+00	1	1	40	14	\N	4	4	f	\N	\N	23
902	2026-02-28	10:30:00	11:15:00	45	programada	\N	\N		f	\N	\N	0.00			2026-02-02 01:17:44.647253+00	2026-02-08 05:09:41.95077+00	1	1	40	14	\N	4	4	f	\N	\N	23
928	2026-02-13	16:45:00	17:30:00	45	programada	\N	\N		f	\N	\N	0.00			2026-02-02 01:23:09.754108+00	2026-02-02 01:23:09.754119+00	1	1	40	10	\N	10	4	f	\N	\N	23
929	2026-02-20	16:45:00	17:30:00	45	programada	\N	\N		f	\N	\N	0.00			2026-02-02 01:23:09.954686+00	2026-02-02 01:23:09.954696+00	1	1	40	10	\N	10	4	f	\N	\N	23
930	2026-02-27	16:45:00	17:30:00	45	programada	\N	\N		f	\N	\N	0.00			2026-02-02 01:23:10.229603+00	2026-02-02 01:23:10.229617+00	1	1	40	10	\N	10	4	f	\N	\N	23
931	2026-02-07	11:15:00	12:00:00	45	programada	\N	\N		f	\N	\N	0.00			2026-02-02 01:23:42.185392+00	2026-02-02 01:23:42.185413+00	1	1	40	13	\N	12	4	f	\N	\N	23
932	2026-02-14	11:15:00	12:00:00	45	programada	\N	\N		f	\N	\N	0.00			2026-02-02 01:23:42.353702+00	2026-02-02 01:23:42.353712+00	1	1	40	13	\N	12	4	f	\N	\N	23
933	2026-02-21	11:15:00	12:00:00	45	programada	\N	\N		f	\N	\N	0.00			2026-02-02 01:23:42.551023+00	2026-02-02 01:23:42.551033+00	1	1	40	13	\N	12	4	f	\N	\N	23
934	2026-02-28	11:15:00	12:00:00	45	programada	\N	\N		f	\N	\N	0.00			2026-02-02 01:23:42.746381+00	2026-02-02 01:23:42.746401+00	1	1	40	13	\N	12	4	f	\N	\N	23
1514	2026-02-05	10:30:00	11:15:00	45	realizada	\N	\N		f	\N	\N	0.00		Motricidad fina \r\nInsertado de figuras geométricas	2026-02-03 03:56:32.340861+00	2026-02-05 19:54:03.239186+00	1	17	22	12	\N	4	4	t	2026-02-05 19:54:03.239048+00	12	29
969	2026-02-20	16:45:00	17:30:00	45	programada	\N	\N		f	\N	\N	0.00			2026-02-02 01:33:34.945888+00	2026-02-08 06:34:24.928172+00	1	1	39	12	\N	11	4	f	\N	\N	24
939	2026-02-05	16:45:00	17:30:00	45	realizada	\N	\N		f	\N	\N	0.00		Ordenes simples mediante juego de turnos	2026-02-02 01:26:30.121421+00	2026-02-05 23:31:36.183572+00	1	17	39	12	\N	4	4	t	2026-02-05 23:31:36.183332+00	12	24
970	2026-02-27	16:45:00	17:30:00	45	programada	\N	\N		f	\N	\N	0.00			2026-02-02 01:33:35.143931+00	2026-02-08 06:34:45.63308+00	1	1	39	12	\N	11	4	f	\N	\N	24
952	2026-02-09	17:30:00	18:00:00	30	realizada	\N	\N		f	\N	\N	0.00		Vocabulario, grupos semanticos	2026-02-02 01:29:08.543043+00	2026-02-10 02:35:42.239826+00	1	11	39	5	\N	6	4	t	2026-02-10 02:35:42.239696+00	5	24
936	2026-02-10	17:30:00	18:15:00	45	realizada	\N	\N		f	\N	\N	0.00		Se trabajo la concentración y memoria a corto plazo mediante el juego , estimulando la atención y memoria	2026-02-02 01:25:53.743545+00	2026-02-11 00:10:06.847277+00	1	41	39	14	\N	4	4	t	2026-02-11 00:10:06.847024+00	14	24
948	2026-02-10	17:00:00	17:30:00	30	realizada	\N	\N		f	\N	\N	0.00		Juego simbólico y sonidos onomatopeyas	2026-02-02 01:27:47.73395+00	2026-02-11 02:45:39.989585+00	1	11	39	5	\N	6	4	t	2026-02-11 02:45:39.989408+00	5	24
1151	2026-02-07	10:00:00	10:30:00	30	realizada	\N	\N		f	\N	\N	0.00		Seguimiento de órdenes simples	2026-02-02 02:08:36.994282+00	2026-02-11 14:01:09.178153+00	1	1	38	5	\N	6	4	t	2026-02-07 15:19:11.339265+00	5	28
972	2026-02-09	17:30:00	18:00:00	30	realizada	\N	\N		f	\N	\N	0.00			2026-02-02 01:37:01.832219+00	2026-02-11 14:09:59.897043+00	1	1	40	10	\N	10	4	f	\N	\N	23
980	2026-02-11	18:15:00	19:00:00	45	realizada	\N	\N		f	\N	\N	0.00		Se da inicio de sesión en la hora respectiva.\r\nSe trabaja motricidad fina y refuerzo en códigos de vestimenta.\r\nQuitado de pañal	2026-02-02 01:38:12.450723+00	2026-02-12 02:14:05.032344+00	1	13	39	10	\N	10	4	t	2026-02-12 02:14:05.032214+00	10	24
947	2026-02-03	17:00:00	17:30:00	30	realizada	\N	\N		f	\N	\N	0.00		Las vocales \r\nVocalización	2026-02-02 01:27:47.53029+00	2026-02-03 21:42:37.278078+00	1	11	39	5	\N	6	4	t	2026-02-03 21:42:37.277874+00	5	24
959	2026-02-06	17:30:00	18:30:00	60	realizada	\N	\N		f	\N	\N	0.00		Durante la sesión se trabajó el área de motricidad fina con la manipulación de fichas, asimismo se trabajó la discriminación visual; respecto a su desempeño, se pudo observar que el paciente cumplió satisfactoriamente las actividades en el tiempo establecido	2026-02-02 01:30:46.876745+00	2026-02-07 00:03:44.933927+00	1	15	39	8	\N	7	4	t	2026-02-07 00:03:44.933702+00	8	24
950	2026-02-24	17:00:00	17:30:00	30	programada	\N	\N		f	\N	\N	0.00			2026-02-02 01:27:48.138403+00	2026-02-02 01:27:48.138418+00	1	1	39	5	\N	6	4	f	\N	\N	24
974	2026-02-23	17:30:00	18:00:00	30	programada	\N	\N		f	\N	\N	0.00			2026-02-02 01:37:02.251983+00	2026-02-03 22:38:38.447014+00	1	1	40	10	\N	10	4	f	\N	\N	23
967	2026-02-06	16:45:00	17:30:00	45	realizada	\N	\N		f	\N	\N	0.00		Se dió inicio a la sesión en el horario programado, realizó actividad en circuito de subir, bajar, dar volteos.	2026-02-02 01:33:34.613199+00	2026-02-07 01:28:46.587674+00	1	16	39	11	\N	9	4	t	2026-02-07 01:28:46.587388+00	11	24
954	2026-02-23	17:30:00	18:00:00	30	programada	\N	\N		f	\N	\N	0.00			2026-02-02 01:29:08.938313+00	2026-02-02 01:29:08.938324+00	1	1	39	5	\N	6	4	f	\N	\N	24
956	2026-02-12	17:30:00	18:15:00	45	programada	\N	\N		f	\N	\N	0.00			2026-02-02 01:30:21.940101+00	2026-02-02 01:30:21.940119+00	1	1	39	8	\N	7	4	f	\N	\N	24
957	2026-02-19	17:30:00	18:15:00	45	programada	\N	\N		f	\N	\N	0.00			2026-02-02 01:30:22.152505+00	2026-02-02 01:30:22.152518+00	1	1	39	8	\N	7	4	f	\N	\N	24
958	2026-02-26	17:30:00	18:15:00	45	programada	\N	\N		f	\N	\N	0.00			2026-02-02 01:30:22.353219+00	2026-02-02 01:30:22.353232+00	1	1	39	8	\N	7	4	f	\N	\N	24
960	2026-02-13	17:30:00	18:30:00	60	programada	\N	\N		f	\N	\N	0.00			2026-02-02 01:30:47.043025+00	2026-02-02 01:30:47.043037+00	1	1	39	8	\N	7	4	f	\N	\N	24
961	2026-02-20	17:30:00	18:30:00	60	programada	\N	\N		f	\N	\N	0.00			2026-02-02 01:30:47.238519+00	2026-02-02 01:30:47.238534+00	1	1	39	8	\N	7	4	f	\N	\N	24
962	2026-02-27	17:30:00	18:30:00	60	programada	\N	\N		f	\N	\N	0.00			2026-02-02 01:30:47.436409+00	2026-02-02 01:30:47.436421+00	1	1	39	8	\N	7	4	f	\N	\N	24
1760	2026-02-18	17:00:00	18:00:00	60	programada	\N	\N		f	\N	\N	50.00			2026-02-04 01:58:15.654835+00	2026-02-04 01:58:15.654845+00	1	\N	85	9	\N	7	3	f	\N	\N	\N
1515	2026-02-12	10:30:00	11:15:00	45	programada	\N	\N		f	\N	\N	0.00			2026-02-03 03:56:32.553497+00	2026-02-08 04:51:32.132103+00	1	1	22	14	\N	4	4	f	\N	\N	29
1516	2026-02-19	10:30:00	11:15:00	45	programada	\N	\N		f	\N	\N	0.00			2026-02-03 03:56:32.768188+00	2026-02-08 04:52:15.630915+00	1	1	22	14	\N	4	4	f	\N	\N	29
1762	2026-02-25	17:00:00	18:00:00	60	programada	\N	\N		f	\N	\N	50.00			2026-02-04 01:58:16.138041+00	2026-02-04 01:58:16.138052+00	1	\N	85	9	\N	7	3	f	\N	\N	\N
978	2026-02-23	16:45:00	17:30:00	45	programada	\N	\N		f	\N	\N	0.00			2026-02-02 01:37:42.747614+00	2026-02-02 01:37:42.747631+00	1	1	39	10	\N	10	4	f	\N	\N	24
1838	2026-02-23	16:45:00	17:30:00	45	programada	\N	\N		f	\N	\N	0.00			2026-02-04 15:37:52.06035+00	2026-02-08 05:50:31.2398+00	6	1	49	14	\N	4	4	f	\N	\N	6
940	2026-02-12	16:45:00	17:30:00	45	programada	\N	\N		f	\N	\N	0.00			2026-02-02 01:26:30.251556+00	2026-02-08 06:27:34.115566+00	1	1	39	14	\N	4	4	f	\N	\N	24
941	2026-02-19	16:45:00	17:30:00	45	programada	\N	\N		f	\N	\N	0.00			2026-02-02 01:26:30.446786+00	2026-02-08 06:27:53.133229+00	1	1	39	14	\N	4	4	f	\N	\N	24
938	2026-02-24	17:30:00	18:15:00	45	programada	\N	\N		f	\N	\N	0.00			2026-02-02 01:25:54.138962+00	2026-02-08 06:28:25.225343+00	1	1	39	14	\N	4	4	f	\N	\N	24
942	2026-02-26	16:45:00	17:30:00	45	programada	\N	\N		f	\N	\N	0.00			2026-02-02 01:26:30.648197+00	2026-02-08 06:28:46.134238+00	1	1	39	14	\N	4	4	f	\N	\N	24
964	2026-02-11	17:30:00	18:15:00	45	programada	\N	\N		f	\N	\N	0.00			2026-02-02 01:31:20.048872+00	2026-02-08 06:30:05.04016+00	1	1	39	12	\N	9	4	f	\N	\N	24
965	2026-02-18	17:30:00	18:15:00	45	programada	\N	\N		f	\N	\N	0.00			2026-02-02 01:31:20.240637+00	2026-02-08 06:30:37.544948+00	1	1	39	12	\N	9	4	f	\N	\N	24
966	2026-02-25	17:30:00	18:15:00	45	programada	\N	\N		f	\N	\N	0.00			2026-02-02 01:31:20.436793+00	2026-02-08 06:30:59.340548+00	1	1	39	12	\N	9	4	f	\N	\N	24
981	2026-02-18	18:15:00	19:00:00	45	programada	\N	\N		f	\N	\N	0.00			2026-02-02 01:38:12.652918+00	2026-02-02 01:38:12.652936+00	1	1	39	10	\N	10	4	f	\N	\N	24
982	2026-02-25	18:15:00	19:00:00	45	programada	\N	\N		f	\N	\N	0.00			2026-02-02 01:38:12.852223+00	2026-02-02 01:38:12.852243+00	1	1	39	10	\N	10	4	f	\N	\N	24
1924	2026-02-19	15:15:00	16:00:00	45	programada	\N	\N		f	\N	\N	50.00			2026-02-05 13:16:54.04399+00	2026-02-05 13:16:54.044002+00	6	\N	48	10	\N	10	4	f	\N	\N	\N
1925	2026-02-25	15:15:00	16:00:00	45	programada	\N	\N		f	\N	\N	50.00			2026-02-05 13:16:54.33052+00	2026-02-05 13:16:54.330534+00	6	\N	48	10	\N	10	4	f	\N	\N	\N
1764	2026-02-06	09:45:00	10:30:00	45	realizada	\N	\N		f	\N	\N	0.00		Se Trabajo  percepción global , identificación , complementariedad mediante la parte visual cognitiva	2026-02-04 02:04:49.656112+00	2026-02-06 18:37:40.478122+00	1	10	71	6	\N	4	3	t	2026-02-06 18:37:40.477977+00	6	35
1517	2026-02-26	10:30:00	11:15:00	45	programada	\N	\N		f	\N	\N	0.00			2026-02-03 03:56:33.14085+00	2026-02-08 04:53:15.528143+00	1	1	22	14	\N	4	4	f	\N	\N	29
2061	2026-02-13	16:45:00	17:30:00	45	programada	\N	\N		f	\N	\N	70.00			2026-02-08 07:56:09.736721+00	2026-02-08 07:56:09.73673+00	1	\N	44	14	\N	4	4	f	\N	\N	\N
2062	2026-02-20	16:45:00	17:30:00	45	programada	\N	\N		f	\N	\N	70.00			2026-02-08 07:56:09.929849+00	2026-02-08 07:56:09.929869+00	1	\N	44	14	\N	4	4	f	\N	\N	\N
2063	2026-02-27	16:45:00	17:30:00	45	programada	\N	\N		f	\N	\N	70.00			2026-02-08 07:56:10.130363+00	2026-02-08 07:56:10.130377+00	1	\N	44	14	\N	4	4	f	\N	\N	\N
1519	2026-02-09	10:00:00	10:30:00	30	realizada	\N	\N		f	\N	\N	0.00		Órdenes simples \r\nNo trajo cuaderno de actividades de apoyo	2026-02-03 03:57:28.443018+00	2026-02-09 14:42:24.216082+00	1	11	22	5	\N	6	4	t	2026-02-09 14:42:24.215865+00	5	29
1765	2026-02-09	09:45:00	10:30:00	45	realizada	\N	\N		f	\N	\N	0.00		SE trabajo contención de conductas disruptivas	2026-02-04 02:04:49.863969+00	2026-02-09 15:55:24.436751+00	1	10	71	6	\N	4	3	t	2026-02-09 15:55:24.436502+00	6	35
689	2026-02-09	10:30:00	11:15:00	45	realizada	\N	\N		f	\N	\N	0.00		Se trabajo atención focalizada	2026-02-01 22:17:22.251893+00	2026-02-09 15:56:00.047626+00	1	10	60	6	\N	4	3	t	2026-02-09 15:56:00.047462+00	6	19
1488	2026-02-07	11:00:00	11:30:00	30	realizada	\N	\N		f	\N	\N	0.00			2026-02-03 03:36:38.871373+00	2026-02-11 14:01:55.598134+00	1	1	51	5	\N	6	4	f	\N	\N	30
2118	2026-02-18	16:45:00	17:30:00	45	programada	\N	\N		f	\N	\N	0.00			2026-02-09 20:28:14.900845+00	2026-02-09 20:28:14.900896+00	1	\N	92	6	\N	4	3	f	\N	\N	40
2119	2026-02-23	16:45:00	17:30:00	45	programada	\N	\N		f	\N	\N	0.00			2026-02-09 20:28:15.104343+00	2026-02-09 20:28:15.104353+00	1	\N	92	6	\N	4	3	f	\N	\N	40
2120	2026-02-25	16:45:00	17:30:00	45	programada	\N	\N		f	\N	\N	0.00			2026-02-09 20:28:15.316174+00	2026-02-09 20:28:15.316188+00	1	\N	92	6	\N	4	3	f	\N	\N	40
1606	2026-02-09	15:30:00	16:30:00	60	realizada	\N	\N		f	\N	\N	0.00		Durante la sesión se llevó a cabo razonamiento lógico y memoria operativa; con respecto al desenvolvimiento se pudo observar que el paciente tuvo una buena respuesta a las actividades.	2026-02-03 20:58:24.345142+00	2026-02-10 01:11:09.805844+00	6	15	31	8	\N	7	4	t	2026-02-10 01:11:09.805712+00	8	31
2086	2026-02-10	09:45:00	10:30:00	45	realizada	\N	\N		f	\N	\N	0.00		Motricidad	2026-02-08 17:05:23.516914+00	2026-02-10 18:31:16.108449+00	1	17	82	12	\N	11	4	t	2026-02-10 18:31:16.108177+00	12	10
1543	2026-02-10	10:30:00	11:15:00	45	realizada_retraso	\N	\N		f	10:45:00	15	0.00		Motricidad	2026-02-03 04:09:28.546364+00	2026-02-10 18:31:57.305089+00	1	17	22	12	\N	11	4	t	2026-02-10 18:31:57.304942+00	12	29
2148	2026-02-24	15:30:00	16:30:00	60	programada	\N	\N		f	\N	\N	0.00			2026-02-10 19:37:26.40248+00	2026-02-10 19:37:26.402496+00	1	\N	104	9	\N	7	3	f	\N	\N	41
2186	2026-02-11	10:30:00	11:30:00	60	realizada	\N	\N		f	\N	\N	0.00			2026-02-10 21:28:23.715587+00	2026-02-11 16:38:10.894586+00	1	10	79	6	31	22	3	t	2026-02-11 16:38:10.894421+00	6	\N
325	2026-02-11	10:00:00	10:30:00	30	realizada	\N	\N		f	\N	\N	0.00		Sesión realizada sin dificultad, el paciente llegó a la hora establecida.	2026-01-29 23:36:29.129611+00	2026-02-11 18:37:39.787515+00	1	8	13	3	\N	6	3	t	2026-02-11 18:37:39.787306+00	3	7
2183	2026-02-12	17:00:00	17:30:00	30	falta	\N	\N		f	\N	\N	0.00		El paciente faltó a la sesión programada	2026-02-10 21:25:46.030832+00	2026-02-13 03:17:46.634601+00	1	8	104	3	\N	6	3	t	2026-02-13 03:17:46.634401+00	3	41
1520	2026-02-11	10:00:00	10:30:00	30	programada	\N	\N		f	\N	\N	0.00			2026-02-03 03:57:28.643051+00	2026-02-03 03:57:28.643066+00	1	1	22	5	\N	6	4	f	\N	\N	29
1522	2026-02-18	10:00:00	10:30:00	30	programada	\N	\N		f	\N	\N	0.00			2026-02-03 03:57:29.058865+00	2026-02-03 03:57:29.05888+00	1	1	22	5	\N	6	4	f	\N	\N	29
1523	2026-02-23	10:00:00	10:30:00	30	programada	\N	\N		f	\N	\N	0.00			2026-02-03 03:57:29.262346+00	2026-02-03 03:57:29.262358+00	1	1	22	5	\N	6	4	f	\N	\N	29
1618	2026-02-12	15:15:00	16:00:00	45	programada	\N	\N		f	\N	\N	70.00			2026-02-03 22:08:48.942793+00	2026-02-03 22:08:48.942809+00	6	\N	67	14	\N	4	4	f	\N	\N	\N
1619	2026-02-19	15:15:00	16:00:00	45	programada	\N	\N		f	\N	\N	70.00			2026-02-03 22:08:49.150727+00	2026-02-03 22:08:49.150738+00	6	\N	67	14	\N	4	4	f	\N	\N	\N
2172	2026-02-18	14:30:00	15:00:00	30	programada	\N	\N		f	\N	\N	0.00			2026-02-10 21:09:17.101175+00	2026-02-10 21:09:17.101191+00	1	1	104	3	\N	6	3	f	\N	\N	41
2173	2026-02-25	14:30:00	15:00:00	30	programada	\N	\N		f	\N	\N	0.00			2026-02-10 21:09:17.299115+00	2026-02-10 21:09:17.299132+00	1	1	104	3	\N	6	3	f	\N	\N	41
2174	2026-02-13	15:30:00	16:30:00	60	programada	\N	\N		f	\N	\N	0.00			2026-02-10 21:13:33.535076+00	2026-02-10 21:13:33.535088+00	1	1	104	7	\N	12	3	f	\N	\N	41
2175	2026-02-20	15:30:00	16:30:00	60	programada	\N	\N		f	\N	\N	0.00			2026-02-10 21:13:33.717955+00	2026-02-10 21:13:33.717969+00	1	1	104	7	\N	12	3	f	\N	\N	41
1620	2026-02-26	15:15:00	16:00:00	45	programada	\N	\N		f	\N	\N	70.00			2026-02-03 22:08:49.431233+00	2026-02-03 22:08:49.431243+00	6	\N	67	14	\N	4	4	f	\N	\N	\N
2176	2026-02-27	15:30:00	16:30:00	60	programada	\N	\N		f	\N	\N	0.00			2026-02-10 21:13:34.000168+00	2026-02-10 21:13:34.00018+00	1	1	104	7	\N	12	3	f	\N	\N	41
2184	2026-02-19	17:00:00	17:30:00	30	programada	\N	\N		f	\N	\N	0.00			2026-02-10 21:25:46.305983+00	2026-02-10 21:25:46.305995+00	1	1	104	3	\N	6	3	f	\N	\N	41
2185	2026-02-26	17:00:00	17:30:00	30	programada	\N	\N		f	\N	\N	0.00			2026-02-10 21:25:46.501636+00	2026-02-10 21:25:46.501649+00	1	1	104	3	\N	6	3	f	\N	\N	41
2146	2026-02-10	15:30:00	16:30:00	60	realizada	\N	\N		f	\N	\N	0.00		Sesión realizada sin dificultad	2026-02-10 19:37:25.998673+00	2026-02-10 21:56:58.384971+00	1	14	104	9	\N	7	3	t	2026-02-10 21:56:58.384827+00	9	41
2041	2026-02-05	17:30:00	18:15:00	45	realizada	\N	\N		f	\N	\N	0.00			2026-02-08 06:23:56.859548+00	2026-02-10 22:02:26.930111+00	1	1	51	4	\N	11	4	f	\N	\N	30
2142	2026-02-06	14:30:00	15:15:00	45	realizada	\N	\N		f	\N	\N	50.00			2026-02-10 19:31:16.103966+00	2026-02-10 22:04:48.845379+00	1	1	61	4	\N	13	3	f	\N	\N	\N
1767	2026-02-13	09:45:00	10:30:00	45	programada	\N	\N		f	\N	\N	0.00			2026-02-04 02:04:50.25288+00	2026-02-04 02:04:50.252899+00	1	1	71	6	\N	4	3	f	\N	\N	35
1769	2026-02-18	09:45:00	10:30:00	45	programada	\N	\N		f	\N	\N	0.00			2026-02-04 02:04:50.646967+00	2026-02-04 02:04:50.64698+00	1	1	71	6	\N	4	3	f	\N	\N	35
1770	2026-02-20	09:45:00	10:30:00	45	programada	\N	\N		f	\N	\N	0.00			2026-02-04 02:04:50.843065+00	2026-02-04 02:04:50.843083+00	1	1	71	6	\N	4	3	f	\N	\N	35
1763	2026-02-04	09:45:00	10:30:00	45	realizada	\N	\N		f	\N	\N	0.00		Se trabajo tolerancia, seguimiento de ordenes	2026-02-04 02:04:49.450225+00	2026-02-04 14:32:41.600348+00	1	10	71	6	\N	4	3	t	2026-02-04 14:32:41.599958+00	6	35
1124	2026-02-10	18:15:00	19:00:00	45	realizada	\N	\N		f	\N	\N	0.00		Se trabajo en dar órdenes simples con dificultad por parte del paciente, debido que no quiso trabajar, se utilizó para el trabajo pequeños bloques de madera para la tarea	2026-02-02 02:05:57.951465+00	2026-02-11 00:12:00.67752+00	1	41	38	14	\N	4	4	t	2026-02-11 00:12:00.67739+00	14	28
1621	2026-02-07	11:15:00	12:00:00	45	realizada	\N	\N		f	\N	\N	70.00			2026-02-03 22:10:12.132196+00	2026-02-11 14:11:55.661061+00	6	1	67	14	\N	4	4	f	\N	\N	\N
2066	2026-02-23	18:15:00	19:00:00	45	programada	\N	\N		f	\N	\N	70.00			2026-02-08 08:14:09.615494+00	2026-02-08 08:14:09.615505+00	1	\N	88	4	\N	11	4	f	\N	\N	\N
1926	2026-02-26	15:15:00	16:00:00	45	programada	\N	\N		f	\N	\N	50.00			2026-02-05 13:16:54.540578+00	2026-02-05 13:16:54.540594+00	6	\N	48	10	\N	10	4	f	\N	\N	\N
348	2026-02-09	10:30:00	11:15:00	45	realizada	\N	\N		f	\N	\N	0.00		Grafomotricidad seguimiento lineal	2026-01-30 14:55:33.839647+00	2026-02-09 16:44:49.068759+00	1	12	13	7	\N	10	3	t	2026-02-09 16:44:49.068442+00	7	7
2121	2026-02-10	16:00:00	16:45:00	45	programada	\N	\N		f	\N	\N	0.00			2026-02-09 20:32:00.9368+00	2026-02-09 20:32:00.936819+00	1	1	92	4	\N	11	3	f	\N	\N	40
2122	2026-02-24	16:00:00	16:45:00	45	programada	\N	\N		f	\N	\N	0.00			2026-02-09 20:32:01.119379+00	2026-02-09 20:32:01.11939+00	1	1	92	4	\N	11	3	f	\N	\N	40
1981	2026-02-06	17:30:00	18:15:00	45	realizada	\N	\N		f	\N	\N	0.00			2026-02-06 21:58:07.99235+00	2026-02-11 14:12:26.593134+00	6	1	88	14	\N	4	4	f	\N	\N	33
1832	2026-02-09	16:00:00	16:45:00	45	realizada	\N	\N		f	\N	\N	0.00			2026-02-04 15:36:57.447358+00	2026-02-11 14:30:44.02707+00	6	1	49	12	\N	9	4	f	\N	\N	6
2201	2026-02-26	09:00:00	09:45:00	45	programada	\N	\N		f	\N	\N	70.00			2026-02-11 23:08:20.713972+00	2026-02-11 23:08:20.713985+00	1	\N	74	6	\N	4	3	f	\N	\N	\N
1071	2026-02-05	11:30:00	12:00:00	30	realizada	\N	\N		f	\N	\N	0.00			2026-02-02 01:54:56.688243+00	2026-02-05 23:03:23.001069+00	1	11	42	5	\N	6	4	t	2026-02-05 23:03:23.000893+00	5	27
1524	2026-02-25	10:00:00	10:30:00	30	programada	\N	\N		f	\N	\N	0.00			2026-02-03 03:57:29.467788+00	2026-02-03 03:57:29.467802+00	1	1	22	5	\N	6	4	f	\N	\N	29
1622	2026-02-14	11:15:00	12:00:00	45	programada	\N	\N		f	\N	\N	70.00			2026-02-03 22:10:12.348375+00	2026-02-03 22:10:12.348392+00	6	\N	67	14	\N	4	4	f	\N	\N	\N
1623	2026-02-21	11:15:00	12:00:00	45	programada	\N	\N		f	\N	\N	70.00			2026-02-03 22:10:12.554208+00	2026-02-03 22:10:12.554219+00	6	\N	67	14	\N	4	4	f	\N	\N	\N
1624	2026-02-28	11:15:00	12:00:00	45	programada	\N	\N		f	\N	\N	70.00			2026-02-03 22:10:12.829384+00	2026-02-03 22:10:12.829395+00	6	\N	67	14	\N	4	4	f	\N	\N	\N
1073	2026-02-12	11:30:00	12:00:00	30	programada	\N	\N		f	\N	\N	0.00			2026-02-02 01:54:57.05662+00	2026-02-02 01:54:57.056638+00	1	1	42	5	\N	6	4	f	\N	\N	27
1074	2026-02-13	11:30:00	12:00:00	30	programada	\N	\N		f	\N	\N	0.00			2026-02-02 01:54:57.334926+00	2026-02-02 01:54:57.334938+00	1	1	42	5	\N	6	4	f	\N	\N	27
1075	2026-02-19	11:30:00	12:00:00	30	programada	\N	\N		f	\N	\N	0.00			2026-02-02 01:54:57.531361+00	2026-02-02 01:54:57.531372+00	1	1	42	5	\N	6	4	f	\N	\N	27
1076	2026-02-20	11:30:00	12:00:00	30	programada	\N	\N		f	\N	\N	0.00			2026-02-02 01:54:57.652023+00	2026-02-02 01:54:57.652033+00	1	1	42	5	\N	6	4	f	\N	\N	27
1077	2026-02-26	11:30:00	12:00:00	30	programada	\N	\N		f	\N	\N	0.00			2026-02-02 01:54:57.847742+00	2026-02-02 01:54:57.84776+00	1	1	42	5	\N	6	4	f	\N	\N	27
1965	2026-02-05	17:00:00	17:30:00	30	realizada	\N	\N		f	\N	\N	0.00		Día de adaptacion	2026-02-06 00:44:09.771183+00	2026-02-06 00:50:36.836862+00	6	11	88	5	\N	6	4	t	2026-02-06 00:50:36.836666+00	5	33
1978	2026-02-12	15:00:00	16:00:00	60	programada	\N	\N		f	\N	\N	0.00			2026-02-06 01:19:52.795916+00	2026-02-06 01:19:52.795933+00	6	6	43	8	\N	7	4	f	\N	\N	26
1979	2026-02-19	15:00:00	16:00:00	60	programada	\N	\N		f	\N	\N	0.00			2026-02-06 01:19:53.000401+00	2026-02-06 01:19:53.000418+00	6	6	43	8	\N	7	4	f	\N	\N	26
1980	2026-02-26	15:00:00	16:00:00	60	programada	\N	\N		f	\N	\N	0.00			2026-02-06 01:19:53.211015+00	2026-02-06 01:19:53.211036+00	6	6	43	8	\N	7	4	f	\N	\N	26
1977	2026-02-05	15:00:00	16:00:00	60	realizada	\N	\N		f	\N	\N	0.00		Durante la sesión se trabajó actividades con respecto a la motricidad fina, como ensarte, recorte, trazado y coloreo; con respecto al desempeño se pudo observar poca colaboración por parte del paciente, mostrando resistencia para realizarlas	2026-02-06 01:19:52.512186+00	2026-02-06 01:30:59.274829+00	6	15	43	8	\N	7	4	t	2026-02-06 01:30:59.274677+00	8	26
1072	2026-02-06	11:30:00	12:00:00	30	realizada	\N	\N		f	\N	\N	0.00		Vocalización y estructura de palabras con el /bl/	2026-02-02 01:54:56.854958+00	2026-02-06 20:44:51.260139+00	1	11	42	5	\N	6	4	t	2026-02-06 20:44:51.259975+00	5	27
1982	2026-02-13	17:30:00	18:15:00	45	programada	\N	\N		f	\N	\N	0.00			2026-02-06 21:58:08.158631+00	2026-02-06 21:58:08.158643+00	6	6	88	14	\N	4	4	f	\N	\N	33
1983	2026-02-20	17:30:00	18:15:00	45	programada	\N	\N		f	\N	\N	0.00			2026-02-06 21:58:08.356166+00	2026-02-06 21:58:08.356177+00	6	6	88	14	\N	4	4	f	\N	\N	33
1984	2026-02-27	17:30:00	18:15:00	45	programada	\N	\N		f	\N	\N	0.00			2026-02-06 21:58:08.553872+00	2026-02-06 21:58:08.553884+00	6	6	88	14	\N	4	4	f	\N	\N	33
1986	2026-02-14	09:00:00	09:45:00	45	programada	\N	\N		f	\N	\N	0.00			2026-02-06 22:00:07.245406+00	2026-02-06 22:00:07.245419+00	6	6	88	14	\N	4	4	f	\N	\N	33
1987	2026-02-21	09:00:00	09:45:00	45	programada	\N	\N		f	\N	\N	0.00			2026-02-06 22:00:07.441151+00	2026-02-06 22:00:07.441163+00	6	6	88	14	\N	4	4	f	\N	\N	33
1988	2026-02-28	09:00:00	09:45:00	45	programada	\N	\N		f	\N	\N	0.00			2026-02-06 22:00:07.635589+00	2026-02-06 22:00:07.6356+00	6	6	88	14	\N	4	4	f	\N	\N	33
1994	2026-02-11	18:00:00	18:30:00	30	programada	\N	\N		f	\N	\N	0.00			2026-02-06 22:05:20.458067+00	2026-02-06 22:05:20.458078+00	6	6	88	5	\N	6	4	f	\N	\N	33
1995	2026-02-18	18:00:00	18:30:00	30	programada	\N	\N		f	\N	\N	0.00			2026-02-06 22:05:20.653316+00	2026-02-06 22:05:20.653327+00	6	6	88	5	\N	6	4	f	\N	\N	33
1066	2026-02-13	10:30:00	11:15:00	45	programada	\N	\N		f	\N	\N	0.00			2026-02-02 01:54:27.732407+00	2026-02-08 05:30:20.534002+00	1	1	42	14	\N	4	4	f	\N	\N	27
1068	2026-02-20	10:30:00	11:15:00	45	programada	\N	\N		f	\N	\N	0.00			2026-02-02 01:54:28.049802+00	2026-02-08 05:30:37.418578+00	1	1	42	14	\N	4	4	f	\N	\N	27
1069	2026-02-23	10:30:00	11:15:00	45	programada	\N	\N		f	\N	\N	0.00			2026-02-02 01:54:28.249046+00	2026-02-08 05:30:57.434215+00	1	1	42	14	\N	4	4	f	\N	\N	27
1070	2026-02-27	10:30:00	11:15:00	45	programada	\N	\N		f	\N	\N	0.00			2026-02-02 01:54:28.446846+00	2026-02-08 05:31:17.931193+00	1	1	42	14	\N	4	4	f	\N	\N	27
1970	2026-02-12	17:30:00	18:15:00	45	programada	\N	\N		f	\N	\N	0.00			2026-02-06 00:45:12.042277+00	2026-02-08 06:04:06.333153+00	6	1	88	10	\N	10	4	f	\N	\N	33
1971	2026-02-19	17:30:00	18:15:00	45	programada	\N	\N		f	\N	\N	0.00			2026-02-06 00:45:12.199078+00	2026-02-08 06:04:41.533217+00	6	1	88	10	\N	10	4	f	\N	\N	33
1972	2026-02-26	17:30:00	18:15:00	45	programada	\N	\N		f	\N	\N	0.00			2026-02-06 00:45:12.398395+00	2026-02-08 06:06:12.928499+00	6	1	88	10	\N	10	4	f	\N	\N	33
1990	2026-02-14	09:45:00	10:30:00	45	programada	\N	\N		f	\N	\N	0.00			2026-02-06 22:03:36.035434+00	2026-02-08 06:13:43.12153+00	6	1	88	10	\N	10	4	f	\N	\N	33
1991	2026-02-21	09:45:00	10:30:00	45	programada	\N	\N		f	\N	\N	0.00			2026-02-06 22:03:36.236923+00	2026-02-08 06:14:08.115909+00	6	1	88	10	\N	10	4	f	\N	\N	33
1992	2026-02-28	09:45:00	10:30:00	45	programada	\N	\N		f	\N	\N	0.00			2026-02-06 22:03:36.43835+00	2026-02-08 06:14:35.536162+00	6	1	88	10	\N	10	4	f	\N	\N	33
1078	2026-02-27	11:30:00	12:00:00	30	programada	\N	\N		f	\N	\N	0.00			2026-02-02 01:54:58.045841+00	2026-02-02 01:54:58.045852+00	1	1	42	5	\N	6	4	f	\N	\N	27
1526	2026-02-12	09:45:00	10:30:00	45	programada	\N	\N		f	\N	\N	0.00			2026-02-03 03:58:30.847315+00	2026-02-08 06:49:32.332083+00	1	1	22	12	\N	11	4	f	\N	\N	29
1625	2026-02-05	14:30:00	15:15:00	45	realizada	\N	\N		f	\N	\N	50.00			2026-02-03 22:11:48.448703+00	2026-02-11 14:07:13.302576+00	6	1	67	10	\N	10	4	f	\N	\N	\N
1634	2026-02-06	15:15:00	16:00:00	45	realizada	\N	\N		f	\N	\N	70.00			2026-02-03 22:13:56.130663+00	2026-02-11 14:13:01.127277+00	6	1	68	14	\N	4	4	f	\N	\N	\N
1633	2026-02-04	15:15:00	16:00:00	45	realizada	\N	\N		f	\N	\N	70.00			2026-02-03 22:13:55.934236+00	2026-02-11 14:13:35.940316+00	6	1	68	14	\N	4	4	f	\N	\N	\N
715	2026-02-02	11:15:00	12:00:00	45	realizada	\N	\N		f	\N	\N	0.00	Se realizo en la Suc. Japon con la Dra. Jackie		2026-02-01 22:24:32.649118+00	2026-02-03 05:01:01.046741+00	1	1	60	11	\N	9	3	f	\N	\N	19
591	2026-02-02	17:30:00	18:15:00	45	falta	\N	\N		f	\N	\N	0.00	Solicito permiso media hora antes y aum se encuentra pendiente su programacion a confirmar por la mamá		2026-02-01 21:12:39.683384+00	2026-02-03 05:02:04.94152+00	1	1	14	11	\N	9	3	f	\N	\N	15
1527	2026-02-19	09:45:00	10:30:00	45	programada	\N	\N		f	\N	\N	0.00			2026-02-03 03:58:31.048618+00	2026-02-08 06:49:53.117469+00	1	1	22	12	\N	11	4	f	\N	\N	29
1927	2026-02-04	14:30:00	15:15:00	45	realizada	\N	\N		f	\N	\N	70.00			2026-02-05 13:18:49.143481+00	2026-02-11 14:27:29.062489+00	6	1	48	12	\N	4	4	f	\N	\N	\N
1626	2026-02-12	14:30:00	15:15:00	45	programada	\N	\N		f	\N	\N	50.00			2026-02-03 22:11:48.739161+00	2026-02-03 22:11:48.739171+00	6	\N	67	10	\N	10	4	f	\N	\N	\N
1090	2026-02-23	09:30:00	10:30:00	60	programada	\N	\N		f	\N	\N	0.00			2026-02-02 01:56:10.150521+00	2026-02-02 01:56:10.150534+00	1	1	42	8	\N	7	4	f	\N	\N	27
1097	2026-02-11	10:30:00	11:15:00	45	realizada	\N	\N		f	\N	\N	0.00		Se da inicio de sesión en la hora respectiva sin dificultad alguna.\r\nSe trabajo motricidad fina (fortalecimiento de pinza fina)	2026-02-02 02:00:40.239321+00	2026-02-11 20:42:43.144955+00	1	13	42	10	\N	10	4	t	2026-02-11 20:42:43.144826+00	10	27
1093	2026-02-18	09:45:00	10:30:00	45	programada	\N	\N		f	\N	\N	0.00			2026-02-02 02:00:00.05492+00	2026-02-02 02:00:00.054932+00	1	1	42	4	\N	11	4	f	\N	\N	27
1094	2026-02-25	09:45:00	10:30:00	45	programada	\N	\N		f	\N	\N	0.00			2026-02-02 02:00:00.251526+00	2026-02-02 02:00:00.251538+00	1	1	42	4	\N	11	4	f	\N	\N	27
1528	2026-02-26	09:45:00	10:30:00	45	programada	\N	\N		f	\N	\N	0.00			2026-02-03 03:58:31.244147+00	2026-02-08 06:50:13.832297+00	1	1	22	12	\N	11	4	f	\N	\N	29
1098	2026-02-12	10:30:00	11:15:00	45	programada	\N	\N		f	\N	\N	0.00			2026-02-02 02:00:40.436802+00	2026-02-02 02:00:40.436814+00	1	1	42	10	\N	10	4	f	\N	\N	27
1099	2026-02-18	10:30:00	11:15:00	45	programada	\N	\N		f	\N	\N	0.00			2026-02-02 02:00:40.633033+00	2026-02-02 02:00:40.633048+00	1	1	42	10	\N	10	4	f	\N	\N	27
1100	2026-02-19	10:30:00	11:15:00	45	programada	\N	\N		f	\N	\N	0.00			2026-02-02 02:00:40.835579+00	2026-02-02 02:00:40.835594+00	1	1	42	10	\N	10	4	f	\N	\N	27
1101	2026-02-25	10:30:00	11:15:00	45	programada	\N	\N		f	\N	\N	0.00			2026-02-02 02:00:41.03463+00	2026-02-02 02:00:41.034644+00	1	1	42	10	\N	10	4	f	\N	\N	27
1102	2026-02-26	10:30:00	11:15:00	45	programada	\N	\N		f	\N	\N	0.00			2026-02-02 02:00:41.236457+00	2026-02-02 02:00:41.236474+00	1	1	42	10	\N	10	4	f	\N	\N	27
1126	2026-02-24	18:15:00	19:00:00	45	programada	\N	\N		f	\N	\N	0.00			2026-02-02 02:05:58.355528+00	2026-02-08 07:27:29.930579+00	1	1	38	14	\N	4	4	f	\N	\N	28
2116	2026-02-11	16:45:00	17:30:00	45	realizada	\N	\N		f	\N	\N	0.00		Adaptación	2026-02-09 20:28:14.419134+00	2026-02-11 23:23:56.102912+00	1	10	92	6	\N	4	3	t	2026-02-11 23:23:56.102776+00	6	40
1525	2026-02-05	09:45:00	10:30:00	45	realizada_retraso	\N	\N		f	09:55:00	10	0.00		Llegó con 10 min de retraso a la sesión programada. \r\nRealizo actividad de subir y bajar en circuito.	2026-02-03 03:58:30.640904+00	2026-02-06 01:23:03.747271+00	1	16	22	11	\N	9	4	t	2026-02-06 01:23:03.747074+00	11	29
1642	2026-02-06	16:00:00	16:30:00	30	realizada	\N	\N		f	\N	\N	70.00		Estructura de refranes	2026-02-03 22:15:06.929922+00	2026-02-06 20:49:40.973068+00	6	11	68	5	\N	6	4	t	2026-02-06 20:49:40.972936+00	5	\N
1627	2026-02-19	14:30:00	15:15:00	45	programada	\N	\N		f	\N	\N	50.00			2026-02-03 22:11:48.940865+00	2026-02-03 22:11:48.940876+00	6	\N	67	10	\N	10	4	f	\N	\N	\N
1104	2026-02-14	14:30:00	15:30:00	60	programada	\N	\N		f	\N	\N	0.00			2026-02-02 02:01:47.454883+00	2026-02-08 05:33:53.722772+00	1	1	42	7	\N	12	4	f	\N	\N	27
1105	2026-02-21	14:30:00	15:30:00	60	programada	\N	\N		f	\N	\N	0.00			2026-02-02 02:01:47.7327+00	2026-02-08 05:34:13.150131+00	1	1	42	7	\N	12	4	f	\N	\N	27
1106	2026-02-28	14:30:00	15:30:00	60	programada	\N	\N		f	\N	\N	0.00			2026-02-02 02:01:47.929863+00	2026-02-08 05:34:31.433383+00	1	1	42	7	\N	12	4	f	\N	\N	27
1088	2026-02-09	09:30:00	10:30:00	60	realizada	\N	\N		f	\N	\N	0.00		Durante la sesión se trabajó el área de percepción visual, discriminación auditiva y atención; con respecto a su desempeño se pudo observar que el paciente tuvo un buen avance a las actividades realizadas	2026-02-02 01:56:09.752515+00	2026-02-09 14:41:59.426364+00	1	15	42	8	\N	7	4	t	2026-02-09 14:41:59.42612+00	8	27
1103	2026-02-07	14:30:00	15:30:00	60	realizada	\N	\N		f	\N	\N	0.00		Sesion realizada con Bayron Garabito	2026-02-02 02:01:47.287601+00	2026-02-10 21:45:07.657808+00	1	1	42	7	\N	12	4	f	\N	\N	27
1091	2026-02-04	09:45:00	10:30:00	45	realizada	\N	\N		f	\N	\N	0.00			2026-02-02 01:59:59.654084+00	2026-02-10 21:53:53.635282+00	1	1	42	4	\N	11	4	f	\N	\N	27
1628	2026-02-26	14:30:00	15:15:00	45	programada	\N	\N		f	\N	\N	50.00			2026-02-03 22:11:49.139625+00	2026-02-03 22:11:49.13964+00	6	\N	67	10	\N	10	4	f	\N	\N	\N
1630	2026-02-14	10:30:00	11:15:00	45	programada	\N	\N		f	\N	\N	50.00			2026-02-03 22:12:43.95514+00	2026-02-03 22:12:43.955152+00	6	\N	67	10	\N	10	4	f	\N	\N	\N
1631	2026-02-21	10:30:00	11:15:00	45	programada	\N	\N		f	\N	\N	50.00			2026-02-03 22:12:44.232459+00	2026-02-03 22:12:44.232473+00	6	\N	67	10	\N	10	4	f	\N	\N	\N
1632	2026-02-28	10:30:00	11:15:00	45	programada	\N	\N		f	\N	\N	50.00			2026-02-03 22:12:44.437076+00	2026-02-03 22:12:44.43709+00	6	\N	67	10	\N	10	4	f	\N	\N	\N
1636	2026-02-13	15:15:00	16:00:00	45	programada	\N	\N		f	\N	\N	70.00			2026-02-03 22:13:56.53563+00	2026-02-03 22:13:56.535643+00	6	\N	68	14	\N	4	4	f	\N	\N	\N
1637	2026-02-18	15:15:00	16:00:00	45	programada	\N	\N		f	\N	\N	70.00			2026-02-03 22:13:56.739756+00	2026-02-03 22:13:56.739769+00	6	\N	68	14	\N	4	4	f	\N	\N	\N
1638	2026-02-20	15:15:00	16:00:00	45	programada	\N	\N		f	\N	\N	70.00			2026-02-03 22:13:56.944149+00	2026-02-03 22:13:56.94416+00	6	\N	68	14	\N	4	4	f	\N	\N	\N
1639	2026-02-25	15:15:00	16:00:00	45	programada	\N	\N		f	\N	\N	70.00			2026-02-03 22:13:57.140524+00	2026-02-03 22:13:57.140566+00	6	\N	68	14	\N	4	4	f	\N	\N	\N
1640	2026-02-27	15:15:00	16:00:00	45	programada	\N	\N		f	\N	\N	70.00			2026-02-03 22:13:57.346159+00	2026-02-03 22:13:57.346176+00	6	\N	68	14	\N	4	4	f	\N	\N	\N
1643	2026-02-11	16:00:00	16:30:00	30	programada	\N	\N		f	\N	\N	70.00			2026-02-03 22:15:07.132858+00	2026-02-03 22:15:07.132873+00	6	\N	68	5	\N	6	4	f	\N	\N	\N
1644	2026-02-13	16:00:00	16:30:00	30	programada	\N	\N		f	\N	\N	70.00			2026-02-03 22:15:07.337263+00	2026-02-03 22:15:07.337272+00	6	\N	68	5	\N	6	4	f	\N	\N	\N
1641	2026-02-04	16:00:00	16:30:00	30	realizada	\N	\N		f	\N	\N	70.00		Estructura de relatos	2026-02-03 22:15:06.730487+00	2026-02-04 20:36:37.574536+00	6	11	68	5	\N	6	4	t	2026-02-04 20:36:37.574412+00	5	\N
1160	2026-02-10	17:30:00	18:15:00	45	realizada	\N	\N		f	\N	\N	0.00		Durante la sesión se trabajó órdenes simples y atención pasiva	2026-02-02 02:09:54.251278+00	2026-02-11 01:21:25.250947+00	1	15	38	8	\N	7	4	t	2026-02-11 01:21:25.250804+00	8	28
1163	2026-02-07	09:00:00	10:00:00	60	realizada	\N	\N		f	\N	\N	0.00			2026-02-02 02:10:15.684628+00	2026-02-11 14:20:10.79098+00	1	1	38	8	\N	7	4	f	\N	\N	28
1649	2026-02-02	14:30:00	15:15:00	45	realizada	\N	\N		f	\N	\N	70.00			2026-02-03 22:16:26.329499+00	2026-02-11 14:23:07.970451+00	6	1	35	12	\N	4	4	f	\N	\N	\N
1777	2026-02-11	09:00:00	09:30:00	30	realizada	\N	\N		f	\N	\N	0.00		Sesión realizada sin dificultad.\r\nSe trabajo estructura de frases de tres, con el apoyo de vocalización de colores.\r\nPaciente llegó a la hora programada	2026-02-04 02:06:28.639799+00	2026-02-11 18:37:06.810154+00	1	8	71	3	\N	6	3	t	2026-02-11 18:37:06.809927+00	3	35
1775	2026-02-06	09:00:00	09:30:00	30	realizada	\N	\N		f	\N	\N	0.00		sesion realizada sin dificultad	2026-02-04 02:06:28.140833+00	2026-02-06 18:37:08.610343+00	1	8	71	3	\N	6	3	t	2026-02-06 18:37:08.610204+00	3	35
1652	2026-02-23	14:30:00	15:15:00	45	programada	\N	\N		f	\N	\N	70.00			2026-02-03 22:16:26.943855+00	2026-02-08 04:57:44.524848+00	6	1	35	14	\N	4	4	f	\N	\N	\N
1170	2026-02-23	17:30:00	18:15:00	45	programada	\N	\N		f	\N	\N	0.00			2026-02-02 02:11:10.853158+00	2026-02-08 07:32:15.223059+00	1	1	38	4	\N	11	4	f	\N	\N	28
1174	2026-02-13	18:15:00	19:00:00	45	programada	\N	\N		f	\N	\N	0.00			2026-02-02 02:11:51.254123+00	2026-02-08 07:39:50.526782+00	1	1	38	12	\N	9	4	f	\N	\N	28
1176	2026-02-20	18:15:00	19:00:00	45	programada	\N	\N		f	\N	\N	0.00			2026-02-02 02:11:51.653175+00	2026-02-08 07:40:20.128828+00	1	1	38	12	\N	9	4	f	\N	\N	28
1148	2026-02-12	17:30:00	18:00:00	30	programada	\N	\N		f	\N	\N	0.00			2026-02-02 02:08:17.443703+00	2026-02-02 02:08:17.443714+00	1	1	38	5	\N	6	4	f	\N	\N	28
1149	2026-02-19	17:30:00	18:00:00	30	programada	\N	\N		f	\N	\N	0.00			2026-02-02 02:08:17.637044+00	2026-02-02 02:08:17.637056+00	1	1	38	5	\N	6	4	f	\N	\N	28
1150	2026-02-26	17:30:00	18:00:00	30	programada	\N	\N		f	\N	\N	0.00			2026-02-02 02:08:17.83154+00	2026-02-02 02:08:17.831555+00	1	1	38	5	\N	6	4	f	\N	\N	28
2073	2026-02-12	09:45:00	10:30:00	45	programada	\N	\N		f	\N	\N	0.00			2026-02-08 16:43:43.444889+00	2026-02-08 16:43:43.444902+00	1	1	81	4	\N	13	3	f	\N	\N	37
1645	2026-02-18	16:00:00	16:30:00	30	programada	\N	\N		f	\N	\N	70.00			2026-02-03 22:15:07.548194+00	2026-02-03 22:15:07.548207+00	6	\N	68	5	\N	6	4	f	\N	\N	\N
1646	2026-02-20	16:00:00	16:30:00	30	programada	\N	\N		f	\N	\N	70.00			2026-02-03 22:15:07.753633+00	2026-02-03 22:15:07.753644+00	6	\N	68	5	\N	6	4	f	\N	\N	\N
1647	2026-02-25	16:00:00	16:30:00	30	programada	\N	\N		f	\N	\N	70.00			2026-02-03 22:15:07.949865+00	2026-02-03 22:15:07.949875+00	6	\N	68	5	\N	6	4	f	\N	\N	\N
1648	2026-02-27	16:00:00	16:30:00	30	programada	\N	\N		f	\N	\N	70.00			2026-02-03 22:15:08.150072+00	2026-02-03 22:15:08.150084+00	6	\N	68	5	\N	6	4	f	\N	\N	\N
2074	2026-02-19	09:45:00	10:30:00	45	programada	\N	\N		f	\N	\N	0.00			2026-02-08 16:43:43.621748+00	2026-02-08 16:43:43.621762+00	1	1	81	4	\N	13	3	f	\N	\N	37
1162	2026-02-24	17:30:00	18:15:00	45	programada	\N	\N		f	\N	\N	0.00			2026-02-02 02:09:54.654642+00	2026-02-02 02:09:54.654659+00	1	1	38	8	\N	7	4	f	\N	\N	28
2075	2026-02-26	09:45:00	10:30:00	45	programada	\N	\N		f	\N	\N	0.00			2026-02-08 16:43:43.892765+00	2026-02-08 16:43:43.892779+00	1	1	81	4	\N	13	3	f	\N	\N	37
1173	2026-02-12	18:15:00	19:00:00	45	programada	\N	\N		f	\N	\N	0.00			2026-02-02 02:11:51.132832+00	2026-02-08 17:12:04.951677+00	1	1	38	4	\N	9	4	f	\N	\N	28
1175	2026-02-19	18:15:00	19:00:00	45	programada	\N	\N		f	\N	\N	0.00			2026-02-02 02:11:51.452336+00	2026-02-08 17:12:23.603586+00	1	1	38	4	\N	9	4	f	\N	\N	28
1167	2026-02-02	18:15:00	19:00:00	45	realizada	\N	\N		f	\N	\N	0.00	Realizo la sesion en la Suc. Millares con Gabi		2026-02-02 02:11:10.25209+00	2026-02-03 05:03:21.849749+00	1	1	38	4	\N	11	4	f	\N	\N	28
1177	2026-02-26	18:15:00	19:00:00	45	programada	\N	\N		f	\N	\N	0.00			2026-02-02 02:11:52.129709+00	2026-02-08 17:12:42.709852+00	1	1	38	4	\N	9	4	f	\N	\N	28
1159	2026-02-03	17:30:00	18:15:00	45	realizada	\N	\N		f	\N	\N	0.00		Durante la sesión se trabajó órdenes simples, motricidad fina; respecto a la evolución aún se encuentra en proceso, puesto que las conductas disruptivas impiden el avance de las actividades	2026-02-02 02:09:54.092525+00	2026-02-03 23:52:22.677173+00	1	15	38	8	\N	7	4	t	2026-02-03 23:52:22.676877+00	8	28
1771	2026-02-23	09:45:00	10:30:00	45	programada	\N	\N		f	\N	\N	0.00			2026-02-04 02:04:51.04696+00	2026-02-04 02:04:51.046975+00	1	1	71	6	\N	4	3	f	\N	\N	35
1772	2026-02-25	09:45:00	10:30:00	45	programada	\N	\N		f	\N	\N	0.00			2026-02-04 02:04:51.250457+00	2026-02-04 02:04:51.250472+00	1	1	71	6	\N	4	3	f	\N	\N	35
1773	2026-02-27	09:45:00	10:30:00	45	programada	\N	\N		f	\N	\N	0.00			2026-02-04 02:04:51.446942+00	2026-02-04 02:04:51.446953+00	1	1	71	6	\N	4	3	f	\N	\N	35
1776	2026-02-09	09:00:00	09:30:00	30	realizada_retraso	\N	\N		f	09:10:00	10	0.00		Sesión realizada sin dificultad	2026-02-04 02:06:28.352711+00	2026-02-09 14:21:14.392276+00	1	8	71	3	\N	6	3	t	2026-02-09 14:21:14.391996+00	3	35
2124	2026-02-19	16:00:00	16:45:00	45	programada	\N	\N		f	\N	\N	0.00			2026-02-09 20:32:56.405619+00	2026-02-09 20:32:56.405633+00	1	1	92	7	\N	10	3	f	\N	\N	40
1778	2026-02-13	09:00:00	09:30:00	30	programada	\N	\N		f	\N	\N	0.00			2026-02-04 02:06:28.840375+00	2026-02-04 02:06:28.840392+00	1	1	71	3	\N	6	3	f	\N	\N	35
2125	2026-02-26	16:00:00	16:45:00	45	programada	\N	\N		f	\N	\N	0.00			2026-02-09 20:32:56.608587+00	2026-02-09 20:32:56.608599+00	1	1	92	7	\N	10	3	f	\N	\N	40
1780	2026-02-18	09:00:00	09:30:00	30	programada	\N	\N		f	\N	\N	0.00			2026-02-04 02:06:29.252178+00	2026-02-04 02:06:29.25219+00	1	1	71	3	\N	6	3	f	\N	\N	35
1781	2026-02-20	09:00:00	09:30:00	30	programada	\N	\N		f	\N	\N	0.00			2026-02-04 02:06:29.459912+00	2026-02-04 02:06:29.459931+00	1	1	71	3	\N	6	3	f	\N	\N	35
1782	2026-02-23	09:00:00	09:30:00	30	programada	\N	\N		f	\N	\N	0.00			2026-02-04 02:06:29.741565+00	2026-02-04 02:06:29.741579+00	1	1	71	3	\N	6	3	f	\N	\N	35
1774	2026-02-04	09:00:00	09:30:00	30	realizada	\N	\N		f	\N	\N	0.00		Sesión realizada	2026-02-04 02:06:27.909007+00	2026-02-04 13:48:29.955723+00	1	8	71	3	\N	6	3	t	2026-02-04 13:48:29.955495+00	3	35
2126	2026-02-13	16:45:00	17:30:00	45	programada	\N	\N		f	\N	\N	0.00			2026-02-09 20:34:19.321788+00	2026-02-09 20:34:19.321802+00	1	1	92	4	\N	11	3	f	\N	\N	40
2127	2026-02-20	16:45:00	17:30:00	45	programada	\N	\N		f	\N	\N	0.00			2026-02-09 20:34:19.511499+00	2026-02-09 20:34:19.511512+00	1	1	92	4	\N	11	3	f	\N	\N	40
2128	2026-02-27	16:45:00	17:30:00	45	programada	\N	\N		f	\N	\N	0.00			2026-02-09 20:34:19.71622+00	2026-02-09 20:34:19.716232+00	1	1	92	4	\N	11	3	f	\N	\N	40
1650	2026-02-09	14:30:00	15:15:00	45	realizada	\N	\N		f	\N	\N	70.00		Motricidad fina , memoria y concentración	2026-02-03 22:16:26.531759+00	2026-02-10 01:04:26.590188+00	6	41	35	14	\N	4	4	t	2026-02-10 01:04:26.589964+00	14	\N
1168	2026-02-09	17:30:00	18:15:00	45	realizada	\N	\N		f	\N	\N	0.00	Trabajo con Mishell		2026-02-02 02:11:10.534187+00	2026-02-10 01:31:11.729012+00	1	1	38	4	\N	11	4	f	\N	\N	28
2064	2026-02-09	18:15:00	19:00:00	45	realizada	\N	\N		f	\N	\N	70.00		Realizamos perfil sensorial con datos de la mamá y antecedentes de desarrollo infantil	2026-02-08 08:14:09.209561+00	2026-02-10 01:32:10.653916+00	1	1	88	4	\N	11	4	f	\N	\N	\N
2077	2026-02-10	09:45:00	10:30:00	45	realizada	\N	\N		f	\N	\N	0.00			2026-02-08 16:58:15.810977+00	2026-02-11 01:01:37.239434+00	1	16	81	11	\N	11	3	t	2026-02-11 01:01:37.239281+00	11	37
1666	2026-02-10	16:00:00	16:30:00	30	realizada	\N	\N		f	\N	\N	70.00		Estructura de oraciones/b/	2026-02-03 22:23:24.551051+00	2026-02-11 02:44:38.541707+00	1	11	30	5	\N	6	4	t	2026-02-11 02:44:38.541543+00	5	\N
1192	2026-02-10	18:00:00	18:30:00	30	falta	\N	\N		f	\N	\N	70.00			2026-02-02 02:17:07.45407+00	2026-02-11 02:46:16.840971+00	6	11	29	5	\N	6	4	t	2026-02-11 02:46:16.84085+00	5	\N
1653	2026-02-02	15:30:00	16:00:00	30	realizada	\N	\N		f	\N	\N	70.00			2026-02-03 22:20:11.131939+00	2026-02-11 13:36:05.173119+00	6	1	35	5	\N	6	4	f	\N	\N	\N
1674	2026-02-06	18:00:00	18:30:00	30	realizada	\N	\N		f	\N	\N	70.00			2026-02-03 22:27:00.241392+00	2026-02-11 13:42:54.478042+00	1	1	30	5	\N	6	4	f	\N	\N	\N
1199	2026-02-07	10:30:00	11:00:00	30	realizada	\N	\N		f	\N	\N	70.00			2026-02-02 02:20:19.532566+00	2026-02-11 14:01:27.792572+00	6	1	29	5	\N	6	4	f	\N	\N	\N
840	2026-02-11	11:15:00	12:00:00	45	realizada	\N	\N		f	\N	\N	0.00		Se trabajo en dar órdenes sencillas que pueda realizarlas y comprenderlas	2026-02-02 01:01:52.648857+00	2026-02-11 19:24:01.355507+00	1	41	33	14	\N	4	4	t	2026-02-11 19:24:01.355146+00	14	21
1656	2026-02-23	15:30:00	16:00:00	30	programada	\N	\N		f	\N	\N	70.00			2026-02-03 22:20:11.73384+00	2026-02-03 22:20:11.73385+00	6	\N	35	5	\N	6	4	f	\N	\N	\N
1178	2026-02-27	18:15:00	19:00:00	45	programada	\N	\N		f	\N	\N	0.00			2026-02-02 02:11:52.337477+00	2026-02-08 07:40:45.331425+00	1	1	38	12	\N	9	4	f	\N	\N	28
1930	2026-02-12	14:30:00	15:15:00	45	programada	\N	\N		f	\N	\N	70.00			2026-02-05 13:18:49.935342+00	2026-02-08 08:01:07.628478+00	6	1	48	14	\N	4	4	f	\N	\N	\N
1931	2026-02-18	14:30:00	15:15:00	45	programada	\N	\N		f	\N	\N	70.00			2026-02-05 13:18:50.144112+00	2026-02-08 08:01:24.326414+00	6	1	48	14	\N	4	4	f	\N	\N	\N
1932	2026-02-19	14:30:00	15:15:00	45	programada	\N	\N		f	\N	\N	70.00			2026-02-05 13:18:50.430996+00	2026-02-08 08:01:49.440098+00	6	1	48	14	\N	4	4	f	\N	\N	\N
1194	2026-02-24	18:00:00	18:30:00	30	programada	\N	\N		f	\N	\N	70.00			2026-02-02 02:17:07.943866+00	2026-02-02 02:17:07.943876+00	6	\N	29	5	\N	6	4	f	\N	\N	\N
1195	2026-02-06	17:30:00	18:00:00	30	programada	\N	\N		f	\N	\N	70.00			2026-02-02 02:19:23.835231+00	2026-02-02 02:19:23.835244+00	6	\N	29	5	\N	6	4	f	\N	\N	\N
1196	2026-02-13	17:30:00	18:00:00	30	programada	\N	\N		f	\N	\N	70.00			2026-02-02 02:19:24.038109+00	2026-02-02 02:19:24.038118+00	6	\N	29	5	\N	6	4	f	\N	\N	\N
1197	2026-02-20	17:30:00	18:00:00	30	programada	\N	\N		f	\N	\N	70.00			2026-02-02 02:19:24.238683+00	2026-02-02 02:19:24.238694+00	6	\N	29	5	\N	6	4	f	\N	\N	\N
1198	2026-02-27	17:30:00	18:00:00	30	programada	\N	\N		f	\N	\N	70.00			2026-02-02 02:19:24.440817+00	2026-02-02 02:19:24.440827+00	6	\N	29	5	\N	6	4	f	\N	\N	\N
1200	2026-02-14	10:30:00	11:00:00	30	programada	\N	\N		f	\N	\N	70.00			2026-02-02 02:20:19.735596+00	2026-02-02 02:20:19.735611+00	6	\N	29	5	\N	6	4	f	\N	\N	\N
1201	2026-02-21	10:30:00	11:00:00	30	programada	\N	\N		f	\N	\N	70.00			2026-02-02 02:20:19.935945+00	2026-02-02 02:20:19.935954+00	6	\N	29	5	\N	6	4	f	\N	\N	\N
1202	2026-02-28	10:30:00	11:00:00	30	programada	\N	\N		f	\N	\N	70.00			2026-02-02 02:20:20.136539+00	2026-02-02 02:20:20.136552+00	6	\N	29	5	\N	6	4	f	\N	\N	\N
1786	2026-02-10	10:00:00	11:00:00	60	falta	\N	\N		f	\N	\N	0.00		No asistió a sesión, debido a motivos personales	2026-02-04 02:08:05.944682+00	2026-02-10 14:27:51.328664+00	1	14	71	9	\N	7	3	t	2026-02-10 14:27:51.328457+00	9	35
1787	2026-02-12	10:00:00	11:00:00	60	realizada	\N	\N		f	\N	\N	0.00		Sesión realizada sin dificultad	2026-02-04 02:08:06.143884+00	2026-02-12 15:08:32.500462+00	1	14	71	9	\N	7	3	t	2026-02-12 15:08:32.500324+00	9	35
1658	2026-02-11	16:30:00	17:00:00	30	programada	\N	\N		f	\N	\N	70.00			2026-02-03 22:21:02.632375+00	2026-02-03 22:21:02.632388+00	6	\N	35	5	\N	6	4	f	\N	\N	\N
1659	2026-02-18	16:30:00	17:00:00	30	programada	\N	\N		f	\N	\N	70.00			2026-02-03 22:21:02.852265+00	2026-02-03 22:21:02.852278+00	6	\N	35	5	\N	6	4	f	\N	\N	\N
1660	2026-02-25	16:30:00	17:00:00	30	programada	\N	\N		f	\N	\N	70.00			2026-02-03 22:21:03.127685+00	2026-02-03 22:21:03.127699+00	6	\N	35	5	\N	6	4	f	\N	\N	\N
1662	2026-02-14	11:00:00	12:00:00	60	programada	\N	\N		f	\N	\N	50.00			2026-02-03 22:23:13.548325+00	2026-02-03 22:23:13.548334+00	6	\N	35	8	\N	7	4	f	\N	\N	\N
1663	2026-02-21	11:00:00	12:00:00	60	programada	\N	\N		f	\N	\N	50.00			2026-02-03 22:23:13.827623+00	2026-02-03 22:23:13.827637+00	6	\N	35	8	\N	7	4	f	\N	\N	\N
1664	2026-02-28	11:00:00	12:00:00	60	programada	\N	\N		f	\N	\N	50.00			2026-02-03 22:23:13.969781+00	2026-02-03 22:23:13.969793+00	6	\N	35	8	\N	7	4	f	\N	\N	\N
1668	2026-02-24	16:00:00	16:30:00	30	programada	\N	\N		f	\N	\N	70.00			2026-02-03 22:23:25.041725+00	2026-02-03 22:23:25.041736+00	1	\N	30	5	\N	6	4	f	\N	\N	\N
1671	2026-02-18	15:30:00	16:30:00	60	programada	\N	\N		f	\N	\N	20.00			2026-02-03 22:24:44.93422+00	2026-02-03 22:24:44.934247+00	6	\N	35	13	\N	12	4	f	\N	\N	\N
1672	2026-02-25	15:30:00	16:30:00	60	programada	\N	\N		f	\N	\N	20.00			2026-02-03 22:24:45.136279+00	2026-02-03 22:24:45.13629+00	6	\N	35	13	\N	12	4	f	\N	\N	\N
1675	2026-02-12	18:00:00	18:30:00	30	programada	\N	\N		f	\N	\N	70.00			2026-02-03 22:27:00.45494+00	2026-02-03 22:27:00.45495+00	1	\N	30	5	\N	6	4	f	\N	\N	\N
1676	2026-02-13	18:00:00	18:30:00	30	programada	\N	\N		f	\N	\N	70.00			2026-02-03 22:27:00.72748+00	2026-02-03 22:27:00.727498+00	1	\N	30	5	\N	6	4	f	\N	\N	\N
1677	2026-02-19	18:00:00	18:30:00	30	programada	\N	\N		f	\N	\N	70.00			2026-02-03 22:27:00.933112+00	2026-02-03 22:27:00.933125+00	1	\N	30	5	\N	6	4	f	\N	\N	\N
1678	2026-02-20	18:00:00	18:30:00	30	programada	\N	\N		f	\N	\N	70.00			2026-02-03 22:27:01.137568+00	2026-02-03 22:27:01.137581+00	1	\N	30	5	\N	6	4	f	\N	\N	\N
1679	2026-02-26	18:00:00	18:30:00	30	programada	\N	\N		f	\N	\N	70.00			2026-02-03 22:27:01.34802+00	2026-02-03 22:27:01.348035+00	1	\N	30	5	\N	6	4	f	\N	\N	\N
1680	2026-02-27	18:00:00	18:30:00	30	programada	\N	\N		f	\N	\N	70.00			2026-02-03 22:27:01.546499+00	2026-02-03 22:27:01.546512+00	1	\N	30	5	\N	6	4	f	\N	\N	\N
1665	2026-02-03	16:00:00	16:30:00	30	realizada	\N	\N		f	\N	\N	70.00		Repaso de /p/ sonidos palabras	2026-02-03 22:23:24.333094+00	2026-02-03 22:40:52.405904+00	1	11	30	5	\N	6	4	t	2026-02-03 22:40:52.405712+00	5	\N
1783	2026-02-25	09:00:00	09:30:00	30	programada	\N	\N		f	\N	\N	0.00			2026-02-04 02:06:29.941783+00	2026-02-04 02:06:29.941795+00	1	1	71	3	\N	6	3	f	\N	\N	35
1784	2026-02-27	09:00:00	09:30:00	30	programada	\N	\N		f	\N	\N	0.00			2026-02-04 02:06:30.139885+00	2026-02-04 02:06:30.139896+00	1	1	71	3	\N	6	3	f	\N	\N	35
1789	2026-02-19	10:00:00	11:00:00	60	programada	\N	\N		f	\N	\N	0.00			2026-02-04 02:08:06.535776+00	2026-02-04 02:08:06.535791+00	1	1	71	9	\N	7	3	f	\N	\N	35
1790	2026-02-24	10:00:00	11:00:00	60	programada	\N	\N		f	\N	\N	0.00			2026-02-04 02:08:06.739427+00	2026-02-04 02:08:06.73944+00	1	1	71	9	\N	7	3	f	\N	\N	35
1791	2026-02-26	10:00:00	11:00:00	60	programada	\N	\N		f	\N	\N	0.00			2026-02-04 02:08:06.863026+00	2026-02-04 02:08:06.863037+00	1	1	71	9	\N	7	3	f	\N	\N	35
1191	2026-02-03	18:00:00	18:30:00	30	falta	\N	\N		f	\N	\N	70.00			2026-02-02 02:17:07.329327+00	2026-02-04 03:05:48.701773+00	6	11	29	5	\N	6	4	t	2026-02-04 03:05:48.701484+00	5	\N
1657	2026-02-04	16:30:00	17:00:00	30	realizada	\N	\N		f	\N	\N	70.00		Vocalización de fonemas /b//m//p//d//t/ \r\nEstructura de oraciones	2026-02-03 22:21:02.342369+00	2026-02-04 20:38:18.930782+00	6	11	35	5	\N	6	4	t	2026-02-04 20:38:18.930596+00	5	\N
1669	2026-02-04	15:30:00	16:30:00	60	realizada	\N	\N		f	\N	\N	20.00			2026-02-03 22:24:44.532929+00	2026-02-04 22:48:01.505344+00	6	19	35	13	\N	12	4	t	2026-02-04 22:48:01.505165+00	13	\N
1933	2026-02-25	14:30:00	15:15:00	45	programada	\N	\N		f	\N	\N	70.00			2026-02-05 13:18:50.637062+00	2026-02-08 08:02:07.630421+00	6	1	48	14	\N	4	4	f	\N	\N	\N
1682	2026-02-13	15:30:00	16:30:00	60	programada	\N	\N		f	\N	\N	50.00			2026-02-03 22:36:49.929642+00	2026-02-03 22:36:49.929661+00	6	\N	90	8	\N	7	4	f	\N	\N	\N
1683	2026-02-20	15:30:00	16:30:00	60	programada	\N	\N		f	\N	\N	50.00			2026-02-03 22:36:50.134765+00	2026-02-03 22:36:50.134778+00	6	\N	90	8	\N	7	4	f	\N	\N	\N
1684	2026-02-27	15:30:00	16:30:00	60	programada	\N	\N		f	\N	\N	50.00			2026-02-03 22:36:50.334786+00	2026-02-03 22:36:50.334798+00	6	\N	90	8	\N	7	4	f	\N	\N	\N
1934	2026-02-26	14:30:00	15:15:00	45	programada	\N	\N		f	\N	\N	70.00			2026-02-05 13:18:50.849238+00	2026-02-08 08:02:25.639774+00	6	1	48	14	\N	4	4	f	\N	\N	\N
1687	2026-02-13	15:00:00	15:30:00	30	programada	\N	\N		f	\N	\N	70.00			2026-02-03 22:38:17.529087+00	2026-02-03 22:38:17.529099+00	6	\N	90	5	\N	6	4	f	\N	\N	\N
1686	2026-02-10	15:00:00	15:30:00	30	realizada	\N	\N		f	\N	\N	70.00		Estructura de oraciones con /r/	2026-02-03 22:38:17.250622+00	2026-02-11 02:44:09.575489+00	6	11	90	5	\N	6	4	t	2026-02-11 02:44:09.575313+00	5	\N
1689	2026-02-20	15:00:00	15:30:00	30	programada	\N	\N		f	\N	\N	70.00			2026-02-03 22:38:17.941028+00	2026-02-03 22:38:17.941039+00	6	\N	90	5	\N	6	4	f	\N	\N	\N
1690	2026-02-24	15:00:00	15:30:00	30	programada	\N	\N		f	\N	\N	70.00			2026-02-03 22:38:18.146475+00	2026-02-03 22:38:18.146487+00	6	\N	90	5	\N	6	4	f	\N	\N	\N
1691	2026-02-27	15:00:00	15:30:00	30	programada	\N	\N		f	\N	\N	70.00			2026-02-03 22:38:18.432203+00	2026-02-03 22:38:18.432216+00	6	\N	90	5	\N	6	4	f	\N	\N	\N
1844	2026-02-12	16:45:00	17:30:00	45	programada	\N	\N		f	\N	\N	0.00			2026-02-04 15:40:29.756563+00	2026-02-08 08:09:37.030516+00	6	1	49	12	\N	9	4	f	\N	\N	6
1935	2026-02-02	17:00:00	18:00:00	60	realizada	\N	\N		f	\N	\N	50.00			2026-02-05 13:20:02.342264+00	2026-02-11 14:19:09.896274+00	6	1	48	8	\N	7	4	f	\N	\N	\N
2085	2026-02-09	09:45:00	10:30:00	45	realizada	\N	\N		f	\N	\N	0.00			2026-02-08 17:05:23.381303+00	2026-02-11 14:29:52.481262+00	1	1	82	12	\N	11	4	f	\N	\N	10
1899	2026-02-05	14:30:00	15:30:00	60	realizada	\N	\N		f	\N	\N	0.00			2026-02-04 22:10:28.571766+00	2026-02-06 01:30:56.374769+00	6	19	90	13	\N	12	4	t	2026-02-06 01:30:56.374575+00	13	32
1841	2026-02-18	17:30:00	18:15:00	45	programada	\N	\N		f	\N	\N	0.00			2026-02-04 15:39:35.853565+00	2026-02-08 05:50:10.723044+00	6	1	49	14	\N	4	4	f	\N	\N	6
1842	2026-02-25	17:30:00	18:15:00	45	programada	\N	\N		f	\N	\N	0.00			2026-02-04 15:39:36.065877+00	2026-02-08 05:50:53.127621+00	6	1	49	14	\N	4	4	f	\N	\N	6
1845	2026-02-19	16:45:00	17:30:00	45	programada	\N	\N		f	\N	\N	0.00			2026-02-04 15:40:29.958233+00	2026-02-08 08:09:53.11568+00	6	1	49	12	\N	9	4	f	\N	\N	6
1846	2026-02-26	16:45:00	17:30:00	45	programada	\N	\N		f	\N	\N	0.00			2026-02-04 15:40:30.166105+00	2026-02-08 08:10:11.433943+00	6	1	49	12	\N	9	4	f	\N	\N	6
2080	2026-02-23	09:45:00	10:30:00	45	programada	\N	\N		f	\N	\N	0.00			2026-02-08 16:58:16.410851+00	2026-02-08 16:58:16.410864+00	1	1	81	11	\N	11	3	f	\N	\N	37
2081	2026-02-24	09:45:00	10:30:00	45	programada	\N	\N		f	\N	\N	0.00			2026-02-08 16:58:16.61105+00	2026-02-08 16:58:16.611071+00	1	1	81	11	\N	11	3	f	\N	\N	37
2082	2026-02-13	10:30:00	11:15:00	45	programada	\N	\N		f	\N	\N	0.00			2026-02-08 17:04:36.79193+00	2026-02-08 17:04:36.791941+00	1	1	82	4	\N	13	4	f	\N	\N	10
2083	2026-02-20	10:30:00	11:15:00	45	programada	\N	\N		f	\N	\N	0.00			2026-02-08 17:04:36.91454+00	2026-02-08 17:04:36.914555+00	1	1	82	4	\N	13	4	f	\N	\N	10
2084	2026-02-27	10:30:00	11:15:00	45	programada	\N	\N		f	\N	\N	0.00			2026-02-08 17:04:37.118657+00	2026-02-08 17:04:37.118668+00	1	1	82	4	\N	13	4	f	\N	\N	10
1896	2026-02-11	14:30:00	15:30:00	60	realizada	\N	\N		f	\N	\N	0.00			2026-02-04 22:09:35.54715+00	2026-02-11 20:34:18.967846+00	6	19	90	13	\N	12	4	t	2026-02-11 20:34:18.967656+00	13	32
2087	2026-02-23	09:45:00	10:30:00	45	programada	\N	\N		f	\N	\N	0.00			2026-02-08 17:05:23.796537+00	2026-02-08 17:05:23.796548+00	1	1	82	12	\N	11	4	f	\N	\N	10
1793	2026-02-10	09:00:00	09:45:00	45	falta	\N	\N		f	\N	\N	0.00		No asistió a sesión	2026-02-04 02:08:34.145924+00	2026-02-10 19:13:30.805139+00	1	12	71	7	\N	10	3	t	2026-02-10 19:13:30.804972+00	7	35
1843	2026-02-05	16:45:00	17:30:00	45	realizada	\N	\N		f	\N	\N	0.00			2026-02-04 15:40:29.632773+00	2026-02-10 21:48:33.146344+00	6	1	49	11	\N	9	4	f	\N	\N	6
1796	2026-02-19	09:00:00	09:45:00	45	programada	\N	\N		f	\N	\N	0.00			2026-02-04 02:08:34.759625+00	2026-02-04 02:08:34.759638+00	1	1	71	7	\N	10	3	f	\N	\N	35
1797	2026-02-24	09:00:00	09:45:00	45	programada	\N	\N		f	\N	\N	0.00			2026-02-04 02:08:35.040205+00	2026-02-04 02:08:35.040225+00	1	1	71	7	\N	10	3	f	\N	\N	35
1798	2026-02-26	09:00:00	09:45:00	45	programada	\N	\N		f	\N	\N	0.00			2026-02-04 02:08:35.240984+00	2026-02-04 02:08:35.241005+00	1	1	71	7	\N	10	3	f	\N	\N	35
1597	2026-02-03	16:00:00	16:45:00	45	realizada	\N	\N		f	\N	\N	0.00		Trabajamos atencion en tareas mas estructuradas respaldando un mejor control de emociones	2026-02-03 20:56:26.454912+00	2026-02-04 03:10:48.632352+00	6	17	31	12	\N	4	4	t	2026-02-04 03:10:48.632147+00	12	31
935	2026-02-03	17:30:00	18:15:00	45	realizada	\N	\N		f	\N	\N	0.00		Trabajamos ordenes simples toma, dame, espera mediante actividades mas didácticas	2026-02-02 01:25:53.538917+00	2026-02-04 03:12:17.137506+00	1	17	39	12	\N	4	4	t	2026-02-04 03:12:17.137368+00	12	24
1840	2026-02-11	17:30:00	18:15:00	45	falta	\N	\N		f	\N	\N	0.00			2026-02-04 15:39:35.637996+00	2026-02-12 02:50:46.479239+00	6	41	49	14	\N	4	4	t	2026-02-12 02:50:46.479065+00	14	6
1794	2026-02-12	09:00:00	09:45:00	45	realizada	\N	\N		f	\N	\N	0.00		Grafomotricidad para mejorar el agarre de la pinza fina mediante actividades de secuencia de colores	2026-02-04 02:08:34.341742+00	2026-02-12 18:40:23.800207+00	1	12	71	7	\N	10	3	t	2026-02-12 18:40:23.800012+00	7	35
1518	2026-02-04	10:00:00	10:30:00	30	realizada	\N	\N		f	\N	\N	0.00		Sonidos onomatopeyas (animales)	2026-02-03 03:57:28.190915+00	2026-02-04 20:34:31.934454+00	1	11	22	5	\N	6	4	t	2026-02-04 20:34:31.934321+00	5	29
1311	2026-02-04	09:00:00	10:00:00	60	realizada	\N	\N		f	\N	\N	50.00		Durante la sesión se trabajó las áreas de Razonamiento Perceptivo, memoria secuencial y atención selectiva; con respecto al desenvolvimiento en las actividades se mostró poco colaborativo para realizar algunas, por lo que se debe seguir trabajando	2026-02-02 13:15:55.312531+00	2026-02-04 20:52:05.435918+00	6	15	86	8	\N	7	4	t	2026-02-04 20:52:05.435724+00	8	\N
1889	2026-02-18	15:30:00	16:30:00	60	programada	\N	\N		f	\N	\N	50.00			2026-02-04 22:04:11.342147+00	2026-02-04 22:04:11.342163+00	6	\N	44	8	\N	7	4	f	\N	\N	\N
1890	2026-02-25	15:30:00	16:30:00	60	programada	\N	\N		f	\N	\N	50.00			2026-02-04 22:04:11.624025+00	2026-02-04 22:04:11.624041+00	6	\N	44	8	\N	7	4	f	\N	\N	\N
1891	2026-02-02	16:30:00	17:30:00	60	programada	\N	\N		f	\N	\N	0.00			2026-02-04 22:08:16.169599+00	2026-02-04 22:08:16.169619+00	6	6	90	13	\N	12	4	f	\N	\N	32
1892	2026-02-09	16:30:00	17:30:00	60	programada	\N	\N		f	\N	\N	0.00			2026-02-04 22:08:16.424516+00	2026-02-04 22:08:16.424535+00	6	6	90	13	\N	12	4	f	\N	\N	32
1894	2026-02-23	16:30:00	17:30:00	60	programada	\N	\N		f	\N	\N	0.00			2026-02-04 22:08:16.744879+00	2026-02-04 22:08:16.7449+00	6	6	90	13	\N	12	4	f	\N	\N	32
1897	2026-02-18	14:30:00	15:30:00	60	programada	\N	\N		f	\N	\N	0.00			2026-02-04 22:09:35.743771+00	2026-02-04 22:09:35.743782+00	6	6	90	13	\N	12	4	f	\N	\N	32
1898	2026-02-25	14:30:00	15:30:00	60	programada	\N	\N		f	\N	\N	0.00			2026-02-04 22:09:35.935071+00	2026-02-04 22:09:35.935082+00	6	6	90	13	\N	12	4	f	\N	\N	32
2133	2026-02-11	17:00:00	17:30:00	30	realizada	\N	\N		f	\N	\N	0.00		Evaluación concluida	2026-02-10 18:50:21.205201+00	2026-02-11 22:55:28.732151+00	1	8	95	3	44	15	3	t	2026-02-11 22:55:28.732015+00	3	\N
1692	2026-02-03	15:00:00	15:30:00	30	realizada	\N	\N		f	\N	\N	70.00		Reincorporación \r\nRepaso del cuaderno de actividades	2026-02-03 22:42:35.828039+00	2026-02-03 22:43:58.238818+00	6	11	90	5	\N	6	4	t	2026-02-03 22:43:58.23865+00	5	\N
2088	2026-02-24	09:45:00	10:30:00	45	programada	\N	\N		f	\N	\N	0.00			2026-02-08 17:05:23.994573+00	2026-02-08 17:05:23.994584+00	1	1	82	12	\N	11	4	f	\N	\N	10
716	2026-02-09	11:15:00	12:00:00	45	realizada_retraso	\N	\N		f	11:25:00	10	0.00		Se dio inicio a la sesion programada con 10 min de retraso por que el menor demoro en salir en su sesion anterior.\r\nEn el tiempo restante realizo actividad en circuito como subir, bajar y dar volteos, a la vez realizo movimientos de arraste como secuencia en el circuito.	2026-02-01 22:24:32.848399+00	2026-02-09 18:30:28.564947+00	1	16	60	11	\N	9	3	t	2026-02-09 18:30:28.564667+00	11	19
2076	2026-02-09	09:45:00	10:30:00	45	realizada	\N	\N		f	\N	\N	0.00			2026-02-08 16:58:15.65063+00	2026-02-09 18:30:46.715449+00	1	16	81	11	\N	11	3	t	2026-02-09 18:30:46.715287+00	11	37
884	2026-02-09	15:30:00	16:30:00	60	realizada	\N	\N		f	\N	\N	0.00			2026-02-02 01:13:52.033496+00	2026-02-09 20:42:15.792491+00	1	19	36	13	\N	12	4	t	2026-02-09 20:42:15.792354+00	13	22
1308	2026-02-09	10:30:00	11:30:00	60	realizada	\N	\N		f	\N	\N	50.00		Durante la sesión se trabajó memoria secuencial y razonamiento lógico-perceptivo; con respecto al desempeño, se tuvo un buen avance en las actividades realizadas, no obstante, se recomienda seguir trabajando.	2026-02-02 13:14:18.229367+00	2026-02-10 00:27:55.880806+00	6	15	86	8	\N	7	4	t	2026-02-10 00:27:55.880575+00	8	\N
1800	2026-02-13	16:30:00	17:00:00	30	programada	\N	\N		f	\N	\N	70.00			2026-02-04 02:19:06.360902+00	2026-02-04 02:19:06.360912+00	1	\N	18	3	\N	6	3	f	\N	\N	\N
1801	2026-02-20	16:30:00	17:00:00	30	programada	\N	\N		f	\N	\N	70.00			2026-02-04 02:19:06.635783+00	2026-02-04 02:19:06.635799+00	1	\N	18	3	\N	6	3	f	\N	\N	\N
1802	2026-02-27	16:30:00	17:00:00	30	programada	\N	\N		f	\N	\N	70.00			2026-02-04 02:19:06.837869+00	2026-02-04 02:19:06.83788+00	1	\N	18	3	\N	6	3	f	\N	\N	\N
2002	2026-02-09	17:30:00	18:15:00	45	falta	\N	\N		f	\N	\N	0.00		No asistió en fecha y hora programada	2026-02-08 05:14:33.81472+00	2026-02-10 01:41:35.436231+00	1	41	43	14	\N	4	4	t	2026-02-10 01:41:35.436081+00	14	26
1804	2026-02-14	11:00:00	12:00:00	60	programada	\N	\N		f	\N	\N	50.00			2026-02-04 02:21:38.739621+00	2026-02-04 02:21:38.739634+00	1	\N	18	9	\N	7	3	f	\N	\N	\N
1805	2026-02-21	11:00:00	12:00:00	60	programada	\N	\N		f	\N	\N	50.00			2026-02-04 02:21:38.938855+00	2026-02-04 02:21:38.938866+00	1	\N	18	9	\N	7	3	f	\N	\N	\N
1806	2026-02-28	11:00:00	12:00:00	60	programada	\N	\N		f	\N	\N	50.00			2026-02-04 02:21:39.13981+00	2026-02-04 02:21:39.13982+00	1	\N	18	9	\N	7	3	f	\N	\N	\N
1936	2026-02-09	17:00:00	18:00:00	60	realizada	\N	\N		f	\N	\N	50.00		Durante la sesión se trabajó proceso léxico, memoria operativa y control inhibitorio ; respecto a su desempeño se pudo observar un buen avance en las diferentes actividades realizadas	2026-02-05 13:20:02.634218+00	2026-02-10 02:36:47.496676+00	6	15	48	8	\N	7	4	t	2026-02-10 02:36:47.496536+00	8	\N
1808	2026-02-13	17:00:00	18:00:00	60	programada	\N	\N		f	\N	\N	50.00			2026-02-04 02:22:22.839903+00	2026-02-04 02:22:22.839914+00	1	\N	18	9	\N	7	3	f	\N	\N	\N
1809	2026-02-20	17:00:00	18:00:00	60	programada	\N	\N		f	\N	\N	50.00			2026-02-04 02:22:23.048212+00	2026-02-04 02:22:23.048227+00	1	\N	18	9	\N	7	3	f	\N	\N	\N
1810	2026-02-27	17:00:00	18:00:00	60	programada	\N	\N		f	\N	\N	50.00			2026-02-04 02:22:23.26111+00	2026-02-04 02:22:23.261119+00	1	\N	18	9	\N	7	3	f	\N	\N	\N
1123	2026-02-03	18:15:00	19:00:00	45	realizada	\N	\N		f	\N	\N	0.00		Trabajamos motricidad fina en actividades de ensartado de figuras geométricas y colores	2026-02-02 02:05:57.823788+00	2026-02-04 03:14:43.716061+00	1	17	38	12	\N	4	4	t	2026-02-04 03:14:43.715907+00	12	28
1304	2026-02-13	09:45:00	10:30:00	45	programada	\N	\N		f	\N	\N	70.00			2026-02-02 13:13:18.91814+00	2026-02-02 13:13:18.918151+00	6	\N	86	12	\N	4	4	f	\N	\N	\N
1305	2026-02-20	09:45:00	10:30:00	45	programada	\N	\N		f	\N	\N	70.00			2026-02-02 13:13:19.114948+00	2026-02-02 13:13:19.114962+00	6	\N	86	12	\N	4	4	f	\N	\N	\N
1306	2026-02-27	09:45:00	10:30:00	45	programada	\N	\N		f	\N	\N	70.00			2026-02-02 13:13:19.314138+00	2026-02-02 13:13:19.314149+00	6	\N	86	12	\N	4	4	f	\N	\N	\N
1532	2026-02-24	10:30:00	11:15:00	45	programada	\N	\N		f	\N	\N	0.00			2026-02-03 04:06:44.240818+00	2026-02-03 04:06:44.240837+00	1	1	33	10	\N	10	4	f	\N	\N	21
2203	2026-02-19	09:30:00	10:00:00	30	programada	\N	\N		f	\N	\N	0.00			2026-02-11 23:30:52.20311+00	2026-02-11 23:33:02.811194+00	1	1	13	3	\N	6	3	f	\N	\N	7
1310	2026-02-23	10:30:00	11:30:00	60	programada	\N	\N		f	\N	\N	50.00			2026-02-02 13:14:18.632277+00	2026-02-02 13:14:18.632295+00	6	\N	86	8	\N	7	4	f	\N	\N	\N
1534	2026-02-06	09:45:00	10:30:00	45	realizada	\N	\N		f	\N	\N	0.00		Se da inicio de sesión en la hora correspondiente. Se trabaja órdenes simples. \r\nEl pequeño se encuentra en proceso de adaptación	2026-02-03 04:08:08.648489+00	2026-02-06 19:13:56.814827+00	1	13	33	10	\N	10	4	t	2026-02-06 19:13:56.814632+00	10	21
1313	2026-02-18	09:00:00	10:00:00	60	programada	\N	\N		f	\N	\N	50.00			2026-02-02 13:15:55.7313+00	2026-02-02 13:15:55.731316+00	6	\N	86	8	\N	7	4	f	\N	\N	\N
1314	2026-02-25	09:00:00	10:00:00	60	programada	\N	\N		f	\N	\N	50.00			2026-02-02 13:15:56.012075+00	2026-02-02 13:15:56.012092+00	6	\N	86	8	\N	7	4	f	\N	\N	\N
1799	2026-02-06	16:30:00	17:00:00	30	realizada	\N	\N		f	\N	\N	70.00		La sesión se desarrolló sin dificultad.\r\n El paciente llegó puntualmente a la hora programada. \r\n- No trajo el material para la sesión (cuaderno) por lo que se trabajo con material del área: vocalización de grupos semánticos y estructura de frases complejas de 3 y 4.	2026-02-04 02:19:06.235616+00	2026-02-06 21:19:21.936746+00	1	8	18	3	\N	6	3	t	2026-02-06 21:19:21.936556+00	3	\N
2204	2026-02-26	09:30:00	10:00:00	30	programada	\N	\N		f	\N	\N	0.00			2026-02-11 23:30:52.399149+00	2026-02-11 23:33:24.313202+00	1	1	13	3	\N	6	3	f	\N	\N	7
2202	2026-02-12	09:30:00	10:00:00	30	realizada	\N	\N		f	\N	\N	0.00		sesión realizada sin dificultad	2026-02-11 23:30:51.952311+00	2026-02-12 18:33:55.133577+00	1	8	13	3	\N	6	3	t	2026-02-12 18:33:55.133213+00	3	7
1807	2026-02-06	17:00:00	18:00:00	60	realizada	\N	\N		f	\N	\N	50.00		Sesión realizada sin dificultad	2026-02-04 02:22:22.637945+00	2026-02-07 01:06:00.583948+00	1	14	18	9	\N	7	3	t	2026-02-07 01:06:00.583742+00	9	\N
1803	2026-02-07	11:00:00	12:00:00	60	realizada	\N	\N		f	\N	\N	50.00		Sesión realizada sin dificultad	2026-02-04 02:21:38.542769+00	2026-02-07 16:17:56.425679+00	1	14	18	9	\N	7	3	t	2026-02-07 16:17:56.425496+00	9	\N
1307	2026-02-02	10:30:00	11:30:00	60	falta	\N	\N		f	\N	\N	50.00			2026-02-02 13:14:18.026906+00	2026-02-02 15:07:52.685372+00	6	15	86	8	\N	7	4	t	2026-02-02 15:07:52.685182+00	8	\N
1535	2026-02-13	09:45:00	10:30:00	45	programada	\N	\N		f	\N	\N	0.00			2026-02-03 04:08:08.863316+00	2026-02-03 04:08:08.863328+00	1	1	33	10	\N	10	4	f	\N	\N	21
1536	2026-02-20	09:45:00	10:30:00	45	programada	\N	\N		f	\N	\N	0.00			2026-02-03 04:08:09.154787+00	2026-02-03 04:08:09.154807+00	1	1	33	10	\N	10	4	f	\N	\N	21
1537	2026-02-27	09:45:00	10:30:00	45	programada	\N	\N		f	\N	\N	0.00			2026-02-03 04:08:09.445163+00	2026-02-03 04:08:09.445183+00	1	1	33	10	\N	10	4	f	\N	\N	21
1811	2026-02-06	18:15:00	19:00:00	45	realizada	\N	\N		f	\N	\N	70.00		se trabajo atencion, concentracion	2026-02-04 02:23:07.327838+00	2026-02-06 23:09:55.429508+00	1	10	18	6	\N	4	3	t	2026-02-06 23:09:55.429314+00	6	\N
1852	2026-02-10	17:00:00	18:00:00	60	realizada	\N	\N		f	\N	\N	0.00			2026-02-04 15:42:30.048708+00	2026-02-10 22:55:03.028329+00	6	19	49	13	\N	12	4	t	2026-02-10 22:55:03.028117+00	13	6
1864	2026-02-12	16:00:00	16:45:00	45	programada	\N	\N		f	\N	\N	0.00			2026-02-04 15:45:29.157175+00	2026-02-08 05:53:22.81595+00	6	1	49	10	\N	10	4	f	\N	\N	6
1700	2026-02-24	14:30:00	15:30:00	60	programada	\N	\N		f	\N	\N	50.00			2026-02-03 22:55:47.54079+00	2026-02-03 22:55:47.540801+00	6	\N	44	8	\N	7	4	f	\N	\N	\N
807	2026-02-03	18:30:00	19:00:00	30	realizada	\N	\N		f	\N	\N	0.00		Realizada sin dificultad	2026-02-01 23:32:42.753389+00	2026-02-03 22:58:39.325883+00	1	8	83	3	\N	6	3	t	2026-02-03 22:58:39.325732+00	3	12
519	2026-02-03	15:15:00	16:00:00	45	realizada	\N	\N		f	\N	\N	0.00			2026-02-01 20:48:27.582517+00	2026-02-03 22:59:37.144601+00	1	10	16	6	\N	4	3	t	2026-02-03 22:59:37.144414+00	6	13
643	2026-02-03	17:30:00	18:15:00	45	falta	\N	\N		f	\N	\N	70.00			2026-02-01 21:39:01.996442+00	2026-02-03 22:59:48.869065+00	1	10	72	6	\N	4	3	t	2026-02-03 22:59:48.868853+00	6	\N
1697	2026-02-03	14:30:00	15:30:00	60	realizada	\N	\N		f	\N	\N	50.00		Durante la sesión se trabajó las áreas de atención, velocidad de procesamiento y control inhibitorio; con respecto al desenvolvimiento, se pudo observar una buena aceptación a las actividades, culminando de forma óptima las mismas	2026-02-03 22:55:46.929694+00	2026-02-03 23:56:05.231797+00	6	15	44	8	\N	7	4	t	2026-02-03 23:56:05.231626+00	8	\N
1812	2026-02-13	18:15:00	19:00:00	45	programada	\N	\N		f	\N	\N	70.00			2026-02-04 02:23:07.549485+00	2026-02-04 02:23:07.549501+00	1	\N	18	6	\N	4	3	f	\N	\N	\N
1813	2026-02-20	18:15:00	19:00:00	45	programada	\N	\N		f	\N	\N	70.00			2026-02-04 02:23:07.762073+00	2026-02-04 02:23:07.762084+00	1	\N	18	6	\N	4	3	f	\N	\N	\N
1814	2026-02-27	18:15:00	19:00:00	45	programada	\N	\N		f	\N	\N	70.00			2026-02-04 02:23:08.044138+00	2026-02-04 02:23:08.044156+00	1	\N	18	6	\N	4	3	f	\N	\N	\N
1856	2026-02-10	16:30:00	17:00:00	30	realizada	\N	\N		f	\N	\N	0.00		Reconocimiento de colores	2026-02-04 15:43:22.151746+00	2026-02-11 02:44:58.509557+00	6	11	49	5	\N	6	4	t	2026-02-11 02:44:58.509414+00	5	6
1824	2026-02-13	15:15:00	16:00:00	45	programada	\N	\N		f	\N	\N	0.00			2026-02-04 11:23:27.238427+00	2026-02-04 11:23:27.238442+00	1	1	20	4	\N	11	3	f	\N	\N	34
1825	2026-02-20	15:15:00	16:00:00	45	programada	\N	\N		f	\N	\N	0.00			2026-02-04 11:23:27.444407+00	2026-02-04 11:23:27.444423+00	1	1	20	4	\N	11	3	f	\N	\N	34
1826	2026-02-27	15:15:00	16:00:00	45	programada	\N	\N		f	\N	\N	0.00			2026-02-04 11:23:27.656708+00	2026-02-04 11:23:27.656729+00	1	1	20	4	\N	11	3	f	\N	\N	34
1849	2026-02-18	16:30:00	17:30:00	60	programada	\N	\N		f	\N	\N	0.00			2026-02-04 15:41:38.946521+00	2026-02-04 15:41:38.946532+00	6	6	49	8	\N	7	4	f	\N	\N	6
1850	2026-02-25	16:30:00	17:30:00	60	programada	\N	\N		f	\N	\N	0.00			2026-02-04 15:41:39.157331+00	2026-02-04 15:41:39.157347+00	6	6	49	8	\N	7	4	f	\N	\N	6
1855	2026-02-03	16:30:00	17:00:00	30	realizada	\N	\N		f	\N	\N	0.00			2026-02-04 15:43:22.025014+00	2026-02-11 13:39:23.660354+00	6	1	49	5	\N	6	4	f	\N	\N	6
1851	2026-02-03	17:00:00	18:00:00	60	programada	\N	\N		f	\N	\N	0.00			2026-02-04 15:42:29.850463+00	2026-02-04 15:42:29.850476+00	6	6	49	13	\N	12	4	f	\N	\N	6
1859	2026-02-06	18:30:00	19:00:00	30	realizada	\N	\N		f	\N	\N	0.00			2026-02-04 15:44:08.63642+00	2026-02-11 13:43:20.798311+00	6	1	49	5	\N	6	4	f	\N	\N	6
1867	2026-02-06	17:30:00	18:15:00	45	realizada	\N	\N		f	\N	\N	0.00			2026-02-04 15:46:22.663705+00	2026-02-11 14:08:45.141086+00	6	1	49	10	\N	10	4	f	\N	\N	6
1854	2026-02-24	17:00:00	18:00:00	60	programada	\N	\N		f	\N	\N	0.00			2026-02-04 15:42:30.540618+00	2026-02-04 15:42:30.540637+00	6	6	49	13	\N	12	4	f	\N	\N	6
552	2026-02-11	15:30:00	16:30:00	60	realizada_retraso	\N	\N		f	15:45:00	15	0.00		Sesión realizada con retraso, sin mayor dificultad	2026-02-01 20:55:07.310312+00	2026-02-11 22:31:21.797257+00	1	14	16	9	\N	7	3	t	2026-02-11 22:31:21.797099+00	9	13
1858	2026-02-24	16:30:00	17:00:00	30	programada	\N	\N		f	\N	\N	0.00			2026-02-04 15:43:22.540324+00	2026-02-04 15:43:22.540345+00	6	6	49	5	\N	6	4	f	\N	\N	6
1860	2026-02-13	18:30:00	19:00:00	30	programada	\N	\N		f	\N	\N	0.00			2026-02-04 15:44:08.757452+00	2026-02-04 15:44:08.757467+00	6	6	49	5	\N	6	4	f	\N	\N	6
1861	2026-02-20	18:30:00	19:00:00	30	programada	\N	\N		f	\N	\N	0.00			2026-02-04 15:44:08.951861+00	2026-02-04 15:44:08.951872+00	6	6	49	5	\N	6	4	f	\N	\N	6
1862	2026-02-27	18:30:00	19:00:00	30	programada	\N	\N		f	\N	\N	0.00			2026-02-04 15:44:09.14494+00	2026-02-04 15:44:09.144953+00	6	6	49	5	\N	6	4	f	\N	\N	6
2090	2026-02-19	18:15:00	19:00:00	45	programada	\N	\N		f	\N	\N	0.00			2026-02-08 17:16:28.121093+00	2026-02-08 17:16:28.121105+00	1	1	83	11	\N	9	3	f	\N	\N	12
2091	2026-02-26	18:15:00	19:00:00	45	programada	\N	\N		f	\N	\N	0.00			2026-02-08 17:16:28.392364+00	2026-02-08 17:16:28.392377+00	1	1	83	11	\N	9	3	f	\N	\N	12
2105	2026-02-10	16:00:00	16:45:00	45	programada	\N	\N		f	\N	\N	300.00			2026-02-09 19:12:45.696615+00	2026-02-09 19:12:45.696625+00	1	\N	94	6	\N	16	3	f	\N	\N	\N
1868	2026-02-13	17:30:00	18:15:00	45	programada	\N	\N		f	\N	\N	0.00			2026-02-04 15:46:22.937255+00	2026-02-04 15:46:22.937274+00	6	6	49	10	\N	10	4	f	\N	\N	6
1869	2026-02-20	17:30:00	18:15:00	45	programada	\N	\N		f	\N	\N	0.00			2026-02-04 15:46:23.14588+00	2026-02-04 15:46:23.145895+00	6	6	49	10	\N	10	4	f	\N	\N	6
1870	2026-02-27	17:30:00	18:15:00	45	programada	\N	\N		f	\N	\N	0.00			2026-02-04 15:46:23.34277+00	2026-02-04 15:46:23.342782+00	6	6	49	10	\N	10	4	f	\N	\N	6
1865	2026-02-19	16:00:00	16:45:00	45	programada	\N	\N		f	\N	\N	0.00			2026-02-04 15:45:29.352366+00	2026-02-08 05:53:52.136609+00	6	1	49	10	\N	10	4	f	\N	\N	6
1866	2026-02-26	16:00:00	16:45:00	45	programada	\N	\N		f	\N	\N	0.00			2026-02-04 15:45:29.552507+00	2026-02-08 05:54:16.722997+00	6	1	49	10	\N	10	4	f	\N	\N	6
1063	2026-02-02	10:30:00	11:15:00	45	realizada	\N	\N		f	\N	\N	0.00		Atencion sostenida mediante armado de rompe cabezas y secuencia de colores.	2026-02-02 01:54:27.131613+00	2026-02-02 14:41:54.864522+00	1	17	42	12	\N	4	4	t	2026-02-02 14:41:54.864195+00	12	27
1654	2026-02-09	15:30:00	16:00:00	30	realizada	\N	\N		f	\N	\N	70.00		Repaso de fonemas y grupos semanticos	2026-02-03 22:20:11.332439+00	2026-02-10 02:33:54.063205+00	6	11	35	5	\N	6	4	t	2026-02-10 02:33:54.063086+00	5	\N
1087	2026-02-02	09:30:00	10:30:00	60	realizada_retraso	\N	\N		f	09:40:00	10	0.00		Llegó 10 minutos tarde, el motivo por falta de transporte\r\nDurante la sesión se trabajó la atención selectiva, discriminación visual y control inhibitorio, se tuvo buena respuesta por parte del paciente	2026-02-02 01:56:09.591713+00	2026-02-02 15:07:09.486888+00	1	15	42	8	\N	7	4	t	2026-02-02 15:07:09.486696+00	8	27
859	2026-02-02	09:00:00	09:45:00	45	realizada	\N	\N		f	\N	\N	0.00			2026-02-02 01:05:04.311609+00	2026-02-02 22:29:13.907314+00	1	16	33	11	\N	9	4	t	2026-02-02 22:29:13.907017+00	11	21
2129	2026-02-10	15:00:00	15:30:00	30	realizada	\N	\N		f	\N	\N	0.00		Evaluacion realizada y concluida.	2026-02-09 21:15:09.701081+00	2026-02-10 22:04:15.676584+00	1	8	97	3	46	22	3	t	2026-02-10 22:04:15.676437+00	3	\N
399	2026-02-02	15:00:00	15:30:00	30	realizada	\N	\N		f	\N	\N	0.00		Sesión realizada sin dificultad	2026-01-30 15:17:32.016453+00	2026-02-03 05:04:51.427995+00	1	1	21	3	\N	6	3	t	2026-02-02 21:14:55.241591+00	3	9
1823	2026-02-06	15:15:00	16:00:00	45	realizada	\N	\N		f	\N	\N	0.00			2026-02-04 11:23:26.983182+00	2026-02-10 22:04:59.710265+00	1	1	20	4	\N	11	3	f	\N	\N	34
1938	2026-02-23	17:00:00	18:00:00	60	programada	\N	\N		f	\N	\N	50.00			2026-02-05 13:20:03.144353+00	2026-02-05 13:20:03.144368+00	6	\N	48	8	\N	7	4	f	\N	\N	\N
1717	2026-02-05	15:30:00	16:30:00	60	realizada	\N	\N		f	\N	\N	0.00		Sesión realizada sin dificultad	2026-02-04 01:36:44.905518+00	2026-02-05 20:40:10.257516+00	1	14	20	9	\N	7	3	t	2026-02-05 20:40:10.257207+00	9	34
1545	2026-02-24	10:30:00	11:15:00	45	programada	\N	\N		f	\N	\N	0.00			2026-02-03 04:09:28.956937+00	2026-02-08 06:49:06.230687+00	1	1	22	12	\N	11	4	f	\N	\N	29
1702	2026-02-06	14:30:00	15:00:00	30	realizada_retraso	\N	\N		f	14:45:00	15	0.00		sesión realizada sin dificultad.\r\nLa paciente llegó con atraso de 15 minutos por lo que el tiempo de sesión fue corto.	2026-02-04 01:34:52.254962+00	2026-02-06 19:18:06.736788+00	1	8	20	3	\N	6	3	t	2026-02-06 19:18:06.736625+00	3	34
1713	2026-02-02	14:30:00	15:30:00	60	realizada	\N	\N		f	\N	\N	0.00			2026-02-04 01:36:17.069897+00	2026-02-10 22:11:58.098609+00	1	1	20	9	\N	7	3	f	\N	\N	34
1704	2026-02-13	14:30:00	15:00:00	30	programada	\N	\N		f	\N	\N	0.00			2026-02-04 01:34:52.656265+00	2026-02-04 01:34:52.656278+00	1	1	20	3	\N	6	3	f	\N	\N	34
1706	2026-02-20	14:30:00	15:00:00	30	programada	\N	\N		f	\N	\N	0.00			2026-02-04 01:34:53.047933+00	2026-02-04 01:34:53.047944+00	1	1	20	3	\N	6	3	f	\N	\N	34
1698	2026-02-10	14:30:00	15:30:00	60	realizada	\N	\N		f	\N	\N	50.00		Durante la sesión se trabajó memoria operativa, organización secuencial y atención, respecto al desempeño se pudo observar que el paciente tuvo buena respuesta a las actividades	2026-02-03 22:55:47.151475+00	2026-02-11 01:06:29.237727+00	6	15	44	8	\N	7	4	t	2026-02-11 01:06:29.23749+00	8	\N
581	2026-02-10	14:30:00	15:15:00	45	realizada_retraso	\N	\N		f	15:00:00	30	0.00		Se inició la sesión con retraso de 30 min a la hora programada. \r\nRecordamos la familia en el cuaderno de estimulación.	2026-02-01 21:09:48.40104+00	2026-02-11 01:06:47.007464+00	1	16	9	11	\N	13	3	t	2026-02-11 01:06:47.007225+00	11	14
1546	2026-02-02	09:00:00	09:45:00	45	realizada_retraso	\N	\N		f	09:40:00	40	0.00	Ya no realizado		2026-02-03 04:10:47.581205+00	2026-02-11 14:04:23.232509+00	1	1	22	10	\N	10	4	f	\N	\N	29
1548	2026-02-09	09:00:00	09:45:00	45	realizada	\N	\N		f	\N	\N	0.00			2026-02-03 04:10:47.968035+00	2026-02-11 14:09:19.470394+00	1	1	22	10	\N	10	4	f	\N	\N	29
1707	2026-02-24	14:30:00	15:00:00	30	programada	\N	\N		f	\N	\N	0.00			2026-02-04 01:34:53.246298+00	2026-02-04 01:34:53.24631+00	1	1	20	3	\N	6	3	f	\N	\N	34
1985	2026-02-07	09:00:00	09:45:00	45	realizada	\N	\N		f	\N	\N	0.00			2026-02-06 22:00:07.103242+00	2026-02-11 14:11:39.088038+00	6	1	88	14	\N	4	4	f	\N	\N	33
1549	2026-02-11	09:00:00	09:45:00	45	realizada_retraso	\N	\N		f	09:15:00	15	0.00		Se da inicio de sesión con 15 de retraso a la hora programada.\r\nSe trabaja seguimiento de órdenes simples y motricidad fina.	2026-02-03 04:10:48.255615+00	2026-02-11 20:41:03.861546+00	1	13	22	10	\N	10	4	t	2026-02-11 20:41:03.861338+00	10	29
1708	2026-02-27	14:30:00	15:00:00	30	programada	\N	\N		f	\N	\N	0.00			2026-02-04 01:34:53.447116+00	2026-02-04 01:34:53.447132+00	1	1	20	3	\N	6	3	f	\N	\N	34
1381	2026-02-02	10:30:00	11:15:00	45	realizada	\N	\N		f	\N	\N	50.00		Primera sesión de adaptación	2026-02-02 22:56:32.371671+00	2026-02-02 23:06:02.720036+00	6	16	82	11	\N	13	4	t	2026-02-02 23:06:02.719812+00	11	\N
1392	2026-02-23	18:30:00	19:00:00	30	programada	\N	\N		f	\N	\N	70.00			2026-02-02 23:06:52.584805+00	2026-02-02 23:06:52.584824+00	6	\N	64	5	\N	6	4	f	\N	\N	\N
1711	2026-02-18	15:30:00	16:00:00	30	programada	\N	\N		f	\N	\N	0.00			2026-02-04 01:35:34.239037+00	2026-02-04 01:35:34.239053+00	1	1	20	3	\N	6	3	f	\N	\N	34
1712	2026-02-25	15:30:00	16:00:00	30	programada	\N	\N		f	\N	\N	0.00			2026-02-04 01:35:34.444132+00	2026-02-04 01:35:34.444144+00	1	1	20	3	\N	6	3	f	\N	\N	34
1551	2026-02-18	09:00:00	09:45:00	45	programada	\N	\N		f	\N	\N	0.00			2026-02-03 04:10:48.650382+00	2026-02-03 04:10:48.650396+00	1	1	22	10	\N	10	4	f	\N	\N	29
1552	2026-02-23	09:00:00	09:45:00	45	programada	\N	\N		f	\N	\N	0.00			2026-02-03 04:10:48.850114+00	2026-02-03 04:10:48.850134+00	1	1	22	10	\N	10	4	f	\N	\N	29
1553	2026-02-25	09:00:00	09:45:00	45	programada	\N	\N		f	\N	\N	0.00			2026-02-03 04:10:49.059961+00	2026-02-03 04:10:49.059972+00	1	1	22	10	\N	10	4	f	\N	\N	29
1389	2026-02-02	18:30:00	19:00:00	30	realizada	\N	\N		f	\N	\N	70.00		Estructura de relatos \r\nNo trajo material de apoyo	2026-02-02 23:06:51.727087+00	2026-02-02 23:09:27.631122+00	6	11	64	5	\N	6	4	t	2026-02-02 23:09:27.63097+00	5	\N
1714	2026-02-09	14:30:00	15:30:00	60	realizada	\N	\N		f	\N	\N	0.00		Sesión realizada sin dificultad	2026-02-04 01:36:17.255776+00	2026-02-09 19:42:55.045185+00	1	14	20	9	\N	7	3	t	2026-02-09 19:42:55.044991+00	9	34
1390	2026-02-09	18:30:00	19:00:00	30	realizada	\N	\N		f	\N	\N	70.00		Estructura de relatos, lectura comprensiva	2026-02-02 23:06:52.135856+00	2026-02-10 02:37:25.896626+00	6	11	64	5	\N	6	4	t	2026-02-10 02:37:25.896473+00	5	\N
1725	2026-02-10	15:15:00	16:00:00	45	realizada	\N	\N		f	\N	\N	0.00		Se trabajó identificación y reconocimiento de los colores primarios	2026-02-04 01:39:09.435759+00	2026-02-10 20:11:10.304938+00	1	12	20	7	\N	10	3	t	2026-02-10 20:11:10.304759+00	7	34
1721	2026-02-04	14:30:00	15:15:00	45	realizada	\N	\N		f	\N	\N	0.00			2026-02-04 01:38:14.71439+00	2026-02-10 21:46:06.373947+00	1	1	20	11	\N	9	3	f	\N	\N	34
1716	2026-02-23	14:30:00	15:30:00	60	programada	\N	\N		f	\N	\N	0.00			2026-02-04 01:36:17.737963+00	2026-02-04 01:36:17.737984+00	1	1	20	9	\N	7	3	f	\N	\N	34
1703	2026-02-10	14:30:00	15:00:00	30	realizada_retraso	\N	\N		f	14:40:00	10	0.00		Sesión realizada sin dificultad.\r\nLa paciente llegó con retraso al proceso terapéutico, sin embargo, se realizó la práctica prevista para la sesión.	2026-02-04 01:34:52.460822+00	2026-02-10 22:03:55.26166+00	1	8	20	3	\N	6	3	t	2026-02-10 22:03:55.261511+00	3	34
1718	2026-02-12	15:30:00	16:30:00	60	programada	\N	\N		f	\N	\N	0.00			2026-02-04 01:36:45.048762+00	2026-02-04 01:36:45.048773+00	1	1	20	9	\N	7	3	f	\N	\N	34
1719	2026-02-19	15:30:00	16:30:00	60	programada	\N	\N		f	\N	\N	0.00			2026-02-04 01:36:45.24546+00	2026-02-04 01:36:45.245473+00	1	1	20	9	\N	7	3	f	\N	\N	34
1720	2026-02-26	15:30:00	16:30:00	60	programada	\N	\N		f	\N	\N	0.00			2026-02-04 01:36:45.439703+00	2026-02-04 01:36:45.439715+00	1	1	20	9	\N	7	3	f	\N	\N	34
1723	2026-02-18	14:30:00	15:15:00	45	programada	\N	\N		f	\N	\N	0.00			2026-02-04 01:38:15.060962+00	2026-02-04 01:38:15.060977+00	1	1	20	11	\N	9	3	f	\N	\N	34
1724	2026-02-25	14:30:00	15:15:00	45	programada	\N	\N		f	\N	\N	0.00			2026-02-04 01:38:15.335964+00	2026-02-04 01:38:15.335983+00	1	1	20	11	\N	9	3	f	\N	\N	34
1727	2026-02-24	15:15:00	16:00:00	45	programada	\N	\N		f	\N	\N	0.00			2026-02-04 01:39:09.839796+00	2026-02-04 01:39:09.839806+00	1	1	20	7	\N	10	3	f	\N	\N	34
1542	2026-02-03	10:30:00	11:15:00	45	realizada	\N	\N		f	\N	\N	0.00			2026-02-03 04:09:28.299351+00	2026-02-04 02:50:44.392929+00	1	1	22	11	\N	9	4	f	\N	\N	29
1701	2026-02-03	14:30:00	15:00:00	30	realizada	\N	\N		f	\N	\N	0.00		Sesión realizada sin dificultad.\r\nLa paciente llegó con atraso, teniendo solamente 15 minutos de sesión terapéutica	2026-02-04 01:34:52.133922+00	2026-02-04 03:06:32.878147+00	1	8	20	3	\N	6	3	t	2026-02-04 03:06:32.877957+00	3	34
1709	2026-02-04	15:30:00	16:00:00	30	realizada	\N	\N		f	\N	\N	0.00		Sesión realizada sin dificultad en la hora establecida.\r\nTrabajo de reconocimiento de la familia y sonidos onomatopéyicos.	2026-02-04 01:35:33.815393+00	2026-02-04 21:30:34.268473+00	1	8	20	3	\N	6	3	t	2026-02-04 21:30:34.268256+00	3	34
1557	2026-02-12	17:30:00	18:15:00	45	programada	\N	\N		f	\N	\N	70.00			2026-02-03 04:19:38.755494+00	2026-02-03 04:19:38.755506+00	1	\N	64	12	\N	4	4	f	\N	\N	\N
971	2026-02-02	17:30:00	18:00:00	30	realizada_retraso	\N	\N		f	17:05:00	695	0.00		Se da comienzo al inicio de sesión con 5 minutos de retraso a la hora establecida haciendo la revisión rutinaria de uñas en manos y pies. Se trabajó seguimiento de órdenes simples y clasificación de colores. No se presentó dificultad alguna durante la sesión.	2026-02-02 01:37:01.599599+00	2026-02-03 22:36:43.650586+00	1	1	40	10	\N	10	4	t	2026-02-03 01:04:44.845061+00	10	23
1559	2026-02-19	17:30:00	18:15:00	45	programada	\N	\N		f	\N	\N	70.00			2026-02-03 04:19:39.255144+00	2026-02-03 04:19:39.25516+00	1	\N	64	12	\N	4	4	f	\N	\N	\N
1560	2026-02-23	17:30:00	18:15:00	45	programada	\N	\N		f	\N	\N	70.00			2026-02-03 04:19:39.458213+00	2026-02-03 04:19:39.458225+00	1	\N	64	12	\N	4	4	f	\N	\N	\N
1561	2026-02-26	17:30:00	18:15:00	45	programada	\N	\N		f	\N	\N	70.00			2026-02-03 04:19:39.664318+00	2026-02-03 04:19:39.66433+00	1	\N	64	12	\N	4	4	f	\N	\N	\N
1563	2026-02-12	18:30:00	19:00:00	30	programada	\N	\N		f	\N	\N	70.00			2026-02-03 04:20:22.858541+00	2026-02-03 04:20:22.858559+00	1	\N	64	5	\N	6	4	f	\N	\N	\N
1564	2026-02-19	18:30:00	19:00:00	30	programada	\N	\N		f	\N	\N	70.00			2026-02-03 04:20:23.066185+00	2026-02-03 04:20:23.066203+00	1	\N	64	5	\N	6	4	f	\N	\N	\N
1565	2026-02-26	18:30:00	19:00:00	30	programada	\N	\N		f	\N	\N	70.00			2026-02-03 04:20:23.355391+00	2026-02-03 04:20:23.355407+00	1	\N	64	5	\N	6	4	f	\N	\N	\N
1566	2026-02-02	17:30:00	18:15:00	45	realizada	\N	\N		f	\N	\N	70.00			2026-02-03 04:21:46.540907+00	2026-02-03 05:06:25.411109+00	1	1	64	12	\N	4	4	f	\N	\N	\N
1562	2026-02-05	18:30:00	19:00:00	30	realizada	\N	\N		f	\N	\N	70.00		Estructura de relatos	2026-02-03 04:20:22.649598+00	2026-02-05 23:13:55.841546+00	1	11	64	5	\N	6	4	t	2026-02-05 23:13:55.841323+00	5	\N
1555	2026-02-05	17:30:00	18:15:00	45	realizada	\N	\N		f	\N	\N	70.00		Reconocimiento se emociones mediante los monstruos de emociones	2026-02-03 04:19:38.247384+00	2026-02-05 23:32:36.782204+00	1	17	64	12	\N	4	4	t	2026-02-05 23:32:36.782041+00	12	\N
1815	2026-02-07	09:45:00	10:30:00	45	realizada	\N	\N		f	\N	\N	70.00		Trabajo en estimulación cognitiva	2026-02-04 02:25:05.639927+00	2026-02-07 16:04:22.271541+00	1	10	18	6	\N	4	3	t	2026-02-07 16:04:22.271391+00	6	\N
540	2026-02-09	15:15:00	16:00:00	45	realizada	\N	\N		f	\N	\N	0.00		Reconocimiento de los 5 sentidos	2026-02-01 20:52:33.99459+00	2026-02-09 22:15:00.101559+00	1	12	16	7	\N	10	3	t	2026-02-09 22:15:00.101267+00	7	13
2115	2026-02-09	16:45:00	17:30:00	45	realizada	\N	\N		f	\N	\N	0.00		Adaptación	2026-02-09 20:28:14.217249+00	2026-02-09 22:20:38.58859+00	1	10	92	6	\N	4	3	t	2026-02-09 22:20:38.58845+00	6	40
801	2026-02-09	17:30:00	18:15:00	45	falta	\N	\N		f	\N	\N	0.00			2026-02-01 23:32:02.759877+00	2026-02-09 22:20:58.85522+00	1	10	83	6	\N	4	3	t	2026-02-09 22:20:58.855094+00	6	12
1730	2026-02-19	14:30:00	15:15:00	45	programada	\N	\N		f	\N	\N	0.00			2026-02-04 01:39:34.856793+00	2026-02-04 01:39:34.85681+00	1	1	20	7	\N	10	3	f	\N	\N	34
975	2026-02-02	16:45:00	17:30:00	45	realizada	\N	\N		f	\N	\N	0.00		Se da comienzo al inicio de sesión en la hora respectiva, haciendo la revisión rutinaria de uñas en manos y pies. Se trabajó seguimiento de órdenes simples y clasificación de colores. No se presentó dificultad alguna durante la sesión.	2026-02-02 01:37:42.059028+00	2026-02-03 01:02:53.115091+00	1	13	39	10	\N	10	4	t	2026-02-03 01:02:53.114912+00	10	24
1482	2026-02-09	17:00:00	17:30:00	30	realizada	\N	\N		f	\N	\N	0.00		Repaso de /g/ vocalización estructura de palabras, estructura de frases y oraciones	2026-02-03 03:36:10.348823+00	2026-02-10 02:34:45.242583+00	1	11	51	5	\N	6	4	t	2026-02-10 02:34:45.242416+00	5	30
1731	2026-02-26	14:30:00	15:15:00	45	programada	\N	\N		f	\N	\N	0.00			2026-02-04 01:39:35.059895+00	2026-02-04 01:39:35.059907+00	1	1	20	7	\N	10	3	f	\N	\N	34
724	2026-02-10	10:30:00	11:15:00	45	realizada	\N	\N		f	\N	\N	0.00		Se trabajo motricidad seguimiento de líneas segmentadas	2026-02-01 22:26:23.830024+00	2026-02-10 19:14:13.743105+00	1	12	60	7	\N	12	3	t	2026-02-10 19:14:13.74291+00	7	19
457	2026-02-10	14:30:00	15:15:00	45	realizada_retraso	\N	\N		f	14:55:00	25	0.00		Se trabajo actividades de pintado respetando los márgenes\r\nSu trabajo poco tiempo porque llegó muy atrasado	2026-02-01 19:56:10.71732+00	2026-02-10 19:17:03.808197+00	1	12	4	7	\N	10	3	t	2026-02-10 19:17:03.808032+00	7	11
1816	2026-02-14	09:45:00	10:30:00	45	programada	\N	\N		f	\N	\N	70.00			2026-02-04 02:25:05.845648+00	2026-02-04 02:25:05.845663+00	1	\N	18	6	\N	4	3	f	\N	\N	\N
1817	2026-02-21	09:45:00	10:30:00	45	programada	\N	\N		f	\N	\N	70.00			2026-02-04 02:25:06.051644+00	2026-02-04 02:25:06.051655+00	1	\N	18	6	\N	4	3	f	\N	\N	\N
1818	2026-02-28	09:45:00	10:30:00	45	programada	\N	\N		f	\N	\N	70.00			2026-02-04 02:25:06.259659+00	2026-02-04 02:25:06.259674+00	1	\N	18	6	\N	4	3	f	\N	\N	\N
1554	2026-02-02	10:00:00	10:30:00	30	realizada	\N	\N		f	\N	\N	0.00			2026-02-03 04:12:07.809481+00	2026-02-11 13:35:28.047069+00	1	1	22	5	\N	6	4	f	\N	\N	29
1820	2026-02-14	09:00:00	09:30:00	30	programada	\N	\N		f	\N	\N	70.00			2026-02-04 02:25:46.846176+00	2026-02-04 02:25:46.846191+00	1	\N	18	3	\N	6	3	f	\N	\N	\N
1821	2026-02-21	09:00:00	09:30:00	30	programada	\N	\N		f	\N	\N	70.00			2026-02-04 02:25:47.056917+00	2026-02-04 02:25:47.056934+00	1	\N	18	3	\N	6	3	f	\N	\N	\N
1822	2026-02-28	09:00:00	09:30:00	30	programada	\N	\N		f	\N	\N	70.00			2026-02-04 02:25:47.260733+00	2026-02-04 02:25:47.260743+00	1	\N	18	3	\N	6	3	f	\N	\N	\N
1732	2026-02-03	15:15:00	16:00:00	45	realizada	\N	\N		f	\N	\N	0.00			2026-02-04 01:40:58.485003+00	2026-02-04 02:40:02.480136+00	1	1	20	7	\N	10	3	f	\N	\N	34
1556	2026-02-09	17:30:00	18:15:00	45	realizada	\N	\N		f	\N	\N	70.00			2026-02-03 04:19:38.544967+00	2026-02-11 14:31:19.543703+00	1	1	64	12	\N	4	4	f	\N	\N	\N
1729	2026-02-12	14:30:00	15:15:00	45	realizada	\N	\N		f	\N	\N	0.00		Reconocimiento identificación de colores mediante el pintado con pintura al dedo	2026-02-04 01:39:34.649175+00	2026-02-12 20:33:04.936802+00	1	12	20	7	\N	10	3	t	2026-02-12 20:33:04.936651+00	7	34
839	2026-02-04	11:15:00	12:00:00	45	realizada	\N	\N		f	\N	\N	0.00		Adaptación	2026-02-02 01:01:52.459171+00	2026-02-04 20:03:28.379053+00	1	17	33	12	\N	4	4	t	2026-02-04 20:03:28.378791+00	12	21
1847	2026-02-04	16:30:00	17:30:00	60	realizada_retraso	\N	\N		f	16:40:00	10	0.00		Retraso sin justificación\r\nSe trabajó el área de discriminación y percepción visual, motricidad fina con la manipulación de diferentes materiales; respecto al desempeño se pudo observar un avance en cada una de las actividades, no obstante se debe seguir trabajando	2026-02-04 15:41:38.595229+00	2026-02-04 21:37:41.641519+00	6	15	49	8	\N	7	4	t	2026-02-04 21:37:41.641324+00	8	6
911	2026-02-04	17:30:00	18:15:00	45	realizada	\N	\N		f	\N	\N	0.00		Durante la sesión se trabajó discriminación visual, motricidad fina y atención selectiva, se pudo observar buena aceptación a las actividades, sin embargo, se recomienda seguir trabajando	2026-02-02 01:20:22.457067+00	2026-02-04 21:40:22.274445+00	1	15	40	8	\N	7	4	t	2026-02-04 21:40:22.274328+00	8	23
1900	2026-02-12	14:30:00	15:30:00	60	programada	\N	\N		f	\N	\N	0.00			2026-02-04 22:10:28.74245+00	2026-02-04 22:10:28.742462+00	6	6	90	13	\N	12	4	f	\N	\N	32
1901	2026-02-19	14:30:00	15:30:00	60	programada	\N	\N		f	\N	\N	0.00			2026-02-04 22:10:28.938582+00	2026-02-04 22:10:28.938593+00	6	6	90	13	\N	12	4	f	\N	\N	32
1902	2026-02-26	14:30:00	15:30:00	60	programada	\N	\N		f	\N	\N	0.00			2026-02-04 22:10:29.136891+00	2026-02-04 22:10:29.136904+00	6	6	90	13	\N	12	4	f	\N	\N	32
1908	2026-02-10	15:30:00	16:30:00	60	realizada	\N	\N		f	\N	\N	0.00			2026-02-04 22:13:30.726252+00	2026-02-10 22:54:55.204609+00	6	19	44	13	\N	12	4	t	2026-02-10 22:54:55.204476+00	13	36
2188	2026-02-13	09:00:00	10:00:00	60	programada	\N	\N		f	\N	\N	0.00			2026-02-11 23:05:04.002304+00	2026-02-11 23:05:04.002315+00	1	1	74	7	\N	12	3	f	\N	\N	42
2190	2026-02-18	09:00:00	10:00:00	60	programada	\N	\N		f	\N	\N	0.00			2026-02-11 23:05:04.322324+00	2026-02-11 23:05:04.322335+00	1	1	74	7	\N	12	3	f	\N	\N	42
1907	2026-02-03	15:30:00	16:30:00	60	programada	\N	\N		f	\N	\N	0.00			2026-02-04 22:13:30.54351+00	2026-02-04 22:13:30.543522+00	6	6	44	13	\N	12	4	f	\N	\N	36
1910	2026-02-24	15:30:00	16:30:00	60	programada	\N	\N		f	\N	\N	0.00			2026-02-04 22:13:31.125581+00	2026-02-04 22:13:31.1256+00	6	6	44	13	\N	12	4	f	\N	\N	36
1903	2026-02-02	17:30:00	18:15:00	45	programada	\N	\N		f	\N	\N	0.00			2026-02-04 22:12:39.56933+00	2026-02-08 07:48:40.625407+00	6	1	44	13	\N	12	4	f	\N	\N	36
1912	2026-02-12	16:30:00	17:30:00	60	programada	\N	\N		f	\N	\N	0.00			2026-02-04 22:34:15.04172+00	2026-02-04 22:34:15.041734+00	6	6	44	13	\N	12	4	f	\N	\N	36
1913	2026-02-19	16:30:00	17:30:00	60	programada	\N	\N		f	\N	\N	0.00			2026-02-04 22:34:15.245417+00	2026-02-04 22:34:15.245435+00	6	6	44	13	\N	12	4	f	\N	\N	36
1914	2026-02-26	16:30:00	17:30:00	60	programada	\N	\N		f	\N	\N	0.00			2026-02-04 22:34:15.529226+00	2026-02-04 22:34:15.529242+00	6	6	44	13	\N	12	4	f	\N	\N	36
1895	2026-02-04	14:30:00	15:30:00	60	realizada	\N	\N		f	\N	\N	0.00			2026-02-04 22:09:35.345104+00	2026-02-04 22:47:29.814946+00	6	19	90	13	\N	12	4	t	2026-02-04 22:47:29.814807+00	13	32
1839	2026-02-04	17:30:00	18:15:00	45	realizada	\N	\N		f	\N	\N	0.00		Motricidad fina\r\nTolerancia a la frustracion	2026-02-04 15:39:35.366779+00	2026-02-04 23:07:15.03465+00	6	17	49	12	\N	4	4	t	2026-02-04 23:07:15.034418+00	12	6
1904	2026-02-09	17:30:00	18:15:00	45	programada	\N	\N		f	\N	\N	0.00			2026-02-04 22:12:39.738737+00	2026-02-08 07:49:01.029056+00	6	1	44	13	\N	12	4	f	\N	\N	36
419	2026-02-05	15:15:00	16:00:00	45	realizada	\N	\N		f	\N	\N	0.00		Ensarté secuencia de colores	2026-01-30 15:21:15.040094+00	2026-02-05 21:01:04.224759+00	1	12	21	7	\N	10	3	t	2026-02-05 21:01:04.224539+00	7	9
1906	2026-02-23	17:30:00	18:15:00	45	programada	\N	\N		f	\N	\N	0.00			2026-02-04 22:12:40.124064+00	2026-02-08 07:49:24.135736+00	6	1	44	13	\N	12	4	f	\N	\N	36
1915	2026-02-06	16:00:00	16:45:00	45	programada	\N	\N		f	\N	\N	0.00			2026-02-04 22:35:05.433088+00	2026-02-08 07:52:29.435043+00	6	1	44	13	\N	12	4	f	\N	\N	36
1916	2026-02-13	16:00:00	16:45:00	60	programada	\N	\N		f	\N	\N	0.00			2026-02-04 22:35:05.63787+00	2026-02-08 07:52:48.737331+00	6	1	44	13	\N	12	4	f	\N	\N	36
1917	2026-02-20	16:00:00	16:45:00	45	programada	\N	\N		f	\N	\N	0.00			2026-02-04 22:35:05.922036+00	2026-02-08 07:53:12.056404+00	6	1	44	13	\N	12	4	f	\N	\N	36
1918	2026-02-27	16:00:00	16:45:00	45	programada	\N	\N		f	\N	\N	0.00			2026-02-04 22:35:06.123972+00	2026-02-08 07:53:36.232187+00	6	1	44	13	\N	12	4	f	\N	\N	36
2107	2026-02-10	16:45:00	17:30:00	45	programada	\N	\N		f	\N	\N	0.00			2026-02-09 19:29:27.200774+00	2026-02-09 19:29:27.200785+00	1	\N	80	6	32	21	3	f	\N	\N	\N
817	2026-02-09	18:15:00	19:00:00	45	falta	\N	\N		f	\N	\N	0.00		El menor no asistió a sesión de intervención. Sin motivo aparente	2026-02-01 23:33:33.539259+00	2026-02-09 22:24:28.734129+00	1	14	83	9	\N	7	3	t	2026-02-09 22:24:28.734004+00	9	12
320	2026-02-10	09:00:00	09:30:00	30	realizada_retraso	\N	\N		f	09:10:00	10	0.00		Sesión realizada sin dificultad.\r\nEl paciente llego con retraso a la sesión programada, sin embargo, se realizó la actividad programada.	2026-01-29 23:35:55.536821+00	2026-02-10 13:30:10.427722+00	1	8	13	3	\N	6	3	t	2026-02-10 13:30:10.427519+00	3	7
1673	2026-02-05	18:00:00	18:30:00	30	realizada	\N	\N		f	\N	\N	70.00		/b/ vocalización y palabras	2026-02-03 22:27:00.036777+00	2026-02-05 23:12:28.026688+00	1	11	30	5	\N	6	4	t	2026-02-05 23:12:28.026482+00	5	\N
955	2026-02-05	17:30:00	18:15:00	45	realizada	\N	\N		f	\N	\N	0.00		Durante la sesión se trabajó discriminación y percepción visual con el reconocimiento de diversas imágenes y orden de sucuencias con   colores; a partir de las actividades mencionadas, se pudo observar un buen desempeño por parte del paciente, sin embargo se recomienda continuar reforzando las áreas trabajadas	2026-02-02 01:30:21.549933+00	2026-02-06 00:04:21.98681+00	1	15	39	8	\N	7	4	t	2026-02-06 00:04:21.986591+00	8	24
1493	2026-02-05	16:30:00	17:30:00	60	realizada	\N	\N		f	\N	\N	0.00		Durante la sesión se trabajó razonamiento perceptivo y memoria secuencial; con respecto al desempeño en las actividades realizadas, se pudo observar un buen avance, cumpliendo satisfactoriamente con cada una de ellas	2026-02-03 03:38:52.350316+00	2026-02-06 00:16:04.438374+00	1	15	51	8	\N	7	4	t	2026-02-06 00:16:04.438169+00	8	30
1939	2026-02-05	18:15:00	19:00:00	45	realizada	\N	\N		f	\N	\N	0.00			2026-02-05 14:48:08.107062+00	2026-02-06 00:54:01.0106+00	1	10	93	6	41	16	3	t	2026-02-06 00:54:01.010371+00	6	\N
1920	2026-02-05	15:15:00	16:00:00	45	realizada	\N	\N		f	\N	\N	50.00		Se da inicio de sesión en la hora respectiva sin dificultad alguna.\r\nSe trabaja seguimiento de órdenes complejas y reforzamiento de lectura y comprensión.	2026-02-05 13:16:53.12881+00	2026-02-06 01:05:39.450055+00	6	13	48	10	\N	10	4	t	2026-02-06 01:05:39.449827+00	10	\N
863	2026-02-05	11:15:00	12:00:00	45	realizada	\N	\N		f	\N	\N	0.00		Llegó puntual a la sesión programada, estuvo sobre la pelota. \r\nToda la sesión estuvo irritado teniendo llanto como respuesta, por lo que no se pudo realizar los movimientos en la actividad.	2026-02-02 01:05:36.22888+00	2026-02-06 01:27:43.273111+00	1	16	33	11	\N	9	4	t	2026-02-06 01:27:43.272917+00	11	21
1911	2026-02-05	16:30:00	17:30:00	60	falta	\N	\N		f	\N	\N	0.00			2026-02-04 22:34:14.896155+00	2026-02-06 01:31:22.764305+00	6	19	44	13	\N	12	4	t	2026-02-06 01:31:22.764098+00	13	36
315	2026-02-06	09:00:00	09:45:00	45	realizada	\N	\N		f	\N	\N	0.00		Se trabajo establecimiento y aceptación de limites  con cambio de actividades, permanecía en la silla	2026-01-29 23:35:17.833514+00	2026-02-06 18:35:26.19668+00	1	10	13	6	\N	4	3	t	2026-02-06 18:35:26.196178+00	6	7
1949	2026-02-06	10:30:00	11:15:00	45	cancelada	\N	\N		f	\N	\N	0.00			2026-02-05 21:22:56.874344+00	2026-02-06 18:38:23.092904+00	1	10	79	6	\N	22	3	t	2026-02-06 18:38:23.092749+00	6	\N
696	2026-02-06	10:30:00	11:00:00	30	realizada	\N	\N		f	\N	\N	0.00		Sesión realizasa sin dificultad	2026-02-01 22:18:10.743406+00	2026-02-06 18:39:16.85439+00	1	8	60	3	\N	6	3	t	2026-02-06 18:39:16.854238+00	3	19
448	2026-02-06	14:30:00	15:15:00	45	realizada_retraso	\N	\N		f	14:50:00	20	0.00		El paciente llegó tarde a sesión; sin embargo, se realizó sin mayor dificultad	2026-02-01 19:54:03.341743+00	2026-02-06 20:28:32.146146+00	1	14	4	9	\N	7	3	t	2026-02-06 20:28:32.145803+00	9	11
408	2026-02-06	15:30:00	16:30:00	60	permiso	\N	\N		f	\N	\N	0.00		El paciente no asistió a sesión por motivo de salud	2026-01-30 15:18:59.55511+00	2026-02-06 20:37:23.684578+00	1	14	21	9	\N	7	3	t	2026-02-06 20:37:23.684439+00	9	9
1685	2026-02-06	15:00:00	15:30:00	30	realizada	\N	\N		f	\N	\N	70.00		Ejercicios de vocalización /bl/ /br/ estructura de palabras y oraciones	2026-02-03 22:38:17.035689+00	2026-02-06 20:46:04.21937+00	6	11	90	5	\N	6	4	t	2026-02-06 20:46:04.219147+00	5	\N
1969	2026-02-05	17:30:00	18:15:00	45	realizada	\N	\N		f	\N	\N	0.00		Se da inicio de sesión en el área con el menor previo diagnostico presentado en el horario correspondiente. \r\nLa sesión programada estuvo a cargo de la licenciada María Rodríguez	2026-02-06 00:45:11.650962+00	2026-02-08 06:03:30.714253+00	6	1	88	10	\N	10	4	t	2026-02-06 01:47:13.236143+00	11	33
1950	2026-02-06	15:30:00	16:00:00	30	realizada	\N	\N		f	\N	\N	0.00		Sonidos onomatopeyas (animales)	2026-02-05 22:55:36.222177+00	2026-02-06 20:48:53.552392+00	6	11	43	5	\N	6	4	t	2026-02-06 20:48:53.5522+00	5	26
527	2026-02-06	15:30:00	16:00:00	30	realizada	\N	\N		f	\N	\N	0.00		La sesión se desarrolló sin dificultad. El paciente llegó puntualmente a la hora programada.\r\n- Se trabajó en actividades de identificación y reconocimiento de los miembros de la familia, orientadas al fortalecimiento del vocabulario semántico. Posteriormente, se realizaron ejercicios de práctica y producción de sonidos onomatopéyicos, con el objetivo de estimular la conciencia fonológica y la articulación motora del habla.	2026-02-01 20:50:07.392226+00	2026-02-06 21:16:19.708919+00	1	8	16	3	\N	6	3	t	2026-02-06 21:16:19.708695+00	3	13
440	2026-02-06	16:00:00	16:30:00	30	realizada	\N	\N		f	\N	\N	0.00		La sesión se desarrolló sin dificultad. El paciente llegó puntualmente a la hora programada de sesión en área. \r\nSe trabajó ejercicios de práctica y producción de sonidos onomatopéyicos, con el objetivo de estimular la conciencia fonológica y la articulación motora del habla.	2026-02-01 19:52:24.447989+00	2026-02-06 21:17:30.491679+00	1	8	4	3	\N	6	3	t	2026-02-06 21:17:30.491466+00	3	11
751	2026-02-06	17:00:00	17:30:00	30	falta	\N	\N		f	\N	\N	70.00		La paciente no asistió a la sesión programada.	2026-02-01 22:47:44.542339+00	2026-02-06 21:31:25.347367+00	1	8	12	3	\N	6	3	t	2026-02-06 21:31:25.347231+00	3	\N
2092	2026-02-10	14:30:00	15:15:00	45	programada	\N	\N		f	\N	\N	50.00			2026-02-08 17:43:29.090312+00	2026-02-08 17:43:29.090325+00	1	\N	100	4	\N	8	3	f	\N	\N	\N
1494	2026-02-10	16:30:00	17:30:00	60	realizada	\N	\N		f	\N	\N	0.00		Durante la sesión se trabajó razonamiento perceptivo y atención ; con respecto al desempeño se pudo observar un buen avance en las diferentes actividades	2026-02-03 03:38:52.556155+00	2026-02-11 01:09:26.474568+00	1	15	51	8	\N	7	4	t	2026-02-11 01:09:26.474426+00	8	30
2095	2026-02-18	14:30:00	15:15:00	45	programada	\N	\N		f	\N	\N	50.00			2026-02-08 17:43:29.795568+00	2026-02-08 17:43:29.795582+00	1	\N	100	4	\N	8	3	f	\N	\N	\N
2096	2026-02-24	14:30:00	15:15:00	45	programada	\N	\N		f	\N	\N	50.00			2026-02-08 17:43:30.004162+00	2026-02-08 17:43:30.004173+00	1	\N	100	4	\N	8	3	f	\N	\N	\N
2097	2026-02-25	14:30:00	15:15:00	45	programada	\N	\N		f	\N	\N	50.00			2026-02-08 17:43:30.205394+00	2026-02-08 17:43:30.205405+00	1	\N	100	4	\N	8	3	f	\N	\N	\N
1533	2026-02-03	10:30:00	11:15:00	45	realizada	\N	\N		f	\N	\N	0.00		Se da inicio a la sesión programada en la hora correspondiente.\r\nEl pequeño se encuentra en proceso de adaptación previa evaluación realizada, y de igual manera dando inicio a seguimiento de órdenes simples. Se desarrolla con total regularidad	2026-02-03 04:07:31.601992+00	2026-02-11 14:05:42.630638+00	1	1	33	10	\N	10	4	t	2026-02-03 15:53:24.731635+00	10	21
1096	2026-02-05	10:30:00	11:15:00	45	realizada	\N	\N		f	\N	\N	0.00		Se da inicio de sesión en la hora respectiva sin dificultad alguna.\r\nSe trabaja seguimiento de órdenes complejas, alimentación complementaria y actividad física (trabajo en trampolín)	2026-02-02 02:00:40.045427+00	2026-02-11 14:06:48.677294+00	1	1	42	10	\N	10	4	t	2026-02-06 01:07:02.375519+00	10	27
2098	2026-02-03	14:30:00	15:15:00	45	realizada	\N	\N		f	\N	\N	60.00	trabajo con Gabriela\n[2026-02-08] Ajuste 'Pago Completo': 50.00 -> 60.00		2026-02-08 17:46:35.893198+00	2026-02-08 17:49:42.15758+00	1	1	100	4	\N	8	3	f	\N	\N	\N
2099	2026-02-04	14:30:00	15:15:00	45	realizada	\N	\N		f	\N	\N	60.00	trabajo con Gabriela\n[2026-02-08] Ajuste 'Pago Completo': 50.00 -> 60.00		2026-02-08 17:46:36.093874+00	2026-02-08 17:50:14.440941+00	1	1	100	4	\N	8	3	f	\N	\N	\N
1863	2026-02-05	16:00:00	16:45:00	45	realizada	\N	\N		f	\N	\N	0.00		Se da inicio de sesión en la hora respectiva sin dificultad alguna.\r\nSe trabaja seguimiento de órdenes complejas y alimentación complementaria. (Selectividad alimenticia)	2026-02-04 15:45:28.979668+00	2026-02-11 14:07:33.678244+00	6	1	49	10	\N	10	4	t	2026-02-06 00:59:17.987727+00	10	6
592	2026-02-09	17:30:00	18:15:00	45	realizada_retraso	\N	\N		f	17:55:00	25	0.00		Se dio inicio a la sesion con un retraso de 25 minutos a la hora programada.\r\nRepaso el cuaderno de estimulacion, donde estan la familia, partes del cuerpo, los animales, estuvo sentadito en el tiempo restante de la sesion, y para terminar utilizamos ganchos en distintas partes de su ropa para que el pequeño realice movimientos finos como la presion para poder sacar cada uno.	2026-02-01 21:12:39.896192+00	2026-02-09 22:48:56.194113+00	1	16	14	11	\N	9	3	t	2026-02-09 22:48:56.193941+00	11	15
2180	2026-02-12	17:30:00	18:15:00	45	falta	\N	\N		f	\N	\N	0.00			2026-02-10 21:24:46.472977+00	2026-02-13 01:40:45.602203+00	1	16	104	11	\N	9	3	t	2026-02-13 01:40:45.602032+00	11	41
2152	2026-02-23	14:30:00	15:15:00	45	programada	\N	\N		f	\N	\N	0.00			2026-02-10 19:41:17.006555+00	2026-02-10 19:41:17.006568+00	1	1	104	7	\N	12	3	f	\N	\N	41
2155	2026-02-23	15:15:00	16:00:00	45	programada	\N	\N		f	\N	\N	0.00			2026-02-10 19:44:27.118656+00	2026-02-10 19:44:27.118673+00	1	\N	104	6	\N	4	3	f	\N	\N	41
2161	2026-02-24	14:30:00	15:15:00	45	programada	\N	\N		f	\N	\N	0.00			2026-02-10 19:50:35.512769+00	2026-02-10 19:50:35.51278+00	1	\N	104	6	\N	4	3	f	\N	\N	41
2169	2026-02-18	15:15:00	16:00:00	45	programada	\N	\N		f	\N	\N	50.00			2026-02-10 20:58:54.713581+00	2026-02-10 20:58:54.713596+00	1	\N	104	11	\N	9	3	f	\N	\N	\N
2170	2026-02-25	15:15:00	16:00:00	45	programada	\N	\N		f	\N	\N	50.00			2026-02-10 20:58:54.912762+00	2026-02-10 20:58:54.912778+00	1	\N	104	11	\N	9	3	f	\N	\N	\N
2177	2026-02-13	16:30:00	17:00:00	30	programada	\N	\N		f	\N	\N	0.00			2026-02-10 21:16:54.498973+00	2026-02-10 21:16:54.498995+00	1	1	104	9	\N	7	3	f	\N	\N	41
2178	2026-02-20	16:30:00	17:00:00	30	programada	\N	\N		f	\N	\N	0.00			2026-02-10 21:16:54.700969+00	2026-02-10 21:16:54.700982+00	1	1	104	9	\N	7	3	f	\N	\N	41
2179	2026-02-27	16:30:00	17:00:00	30	programada	\N	\N		f	\N	\N	0.00			2026-02-10 21:16:54.903747+00	2026-02-10 21:16:54.903759+00	1	1	104	9	\N	7	3	f	\N	\N	41
2181	2026-02-19	17:30:00	18:15:00	45	programada	\N	\N		f	\N	\N	0.00			2026-02-10 21:24:46.612378+00	2026-02-10 21:24:46.612396+00	1	1	104	11	\N	9	3	f	\N	\N	41
2182	2026-02-26	17:30:00	18:15:00	45	programada	\N	\N		f	\N	\N	0.00			2026-02-10 21:24:46.815741+00	2026-02-10 21:24:46.815758+00	1	1	104	11	\N	9	3	f	\N	\N	41
1171	2026-02-05	18:15:00	19:00:00	45	realizada	\N	\N		f	\N	\N	0.00			2026-02-02 02:11:50.806645+00	2026-02-10 21:48:43.10537+00	1	1	38	11	\N	9	4	f	\N	\N	28
1538	2026-02-06	09:45:00	10:30:00	45	realizada_retraso	\N	\N		f	10:00:00	15	0.00			2026-02-03 04:08:36.149811+00	2026-02-10 21:49:07.041623+00	1	1	22	11	\N	9	4	f	\N	\N	29
391	2026-02-04	14:30:00	15:15:00	45	permiso	\N	\N		f	\N	\N	0.00	Solicitud de permiso ya que la mama refiere que se encontraba con diarrea		2026-01-30 15:15:41.890777+00	2026-02-10 21:50:47.109004+00	1	1	21	6	\N	4	3	t	2026-02-04 18:53:55.313859+00	6	9
559	2026-02-09	16:45:00	17:30:00	45	realizada	\N	\N		f	\N	\N	50.00			2026-02-01 20:57:29.303164+00	2026-02-10 21:52:34.485389+00	1	1	10	11	\N	9	3	f	\N	\N	\N
2159	2026-02-10	14:30:00	15:15:00	45	realizada	\N	\N		f	\N	\N	0.00			2026-02-10 19:50:35.098849+00	2026-02-10 21:58:03.304663+00	1	10	104	6	\N	4	3	t	2026-02-10 21:58:03.304519+00	6	41
1996	2026-02-25	18:00:00	18:30:00	30	programada	\N	\N		f	\N	\N	0.00			2026-02-06 22:05:20.850638+00	2026-02-06 22:05:20.850649+00	6	6	88	5	\N	6	4	f	\N	\N	33
2000	2026-02-09	16:30:00	17:00:00	30	realizada	\N	\N		f	\N	\N	0.00			2026-02-07 15:50:21.030193+00	2026-02-10 22:08:44.359833+00	1	1	97	3	46	22	3	f	\N	\N	\N
2001	2026-02-09	17:00:00	17:30:00	30	realizada	\N	\N		f	\N	\N	0.00			2026-02-07 15:51:07.191545+00	2026-02-10 22:08:58.231239+00	1	1	95	3	44	15	3	f	\N	\N	\N
1962	2026-02-06	17:30:00	18:00:00	30	realizada	\N	\N		f	\N	\N	0.00		Evaluación realizada y programada para lunes 9 de febrero	2026-02-05 23:04:30.671787+00	2026-02-06 23:11:37.125848+00	1	8	96	3	45	15	3	t	2026-02-06 23:11:37.125662+00	3	\N
1681	2026-02-06	15:30:00	16:30:00	60	realizada	\N	\N		f	\N	\N	50.00		El paciente inicio sesión en la presente fecha; se trabajó razonamiento perceptivo a través de la copia de modelos presentados, con respecto al desenvolvimiento, se pudo observar una buena colaboración por parte del paciente	2026-02-03 22:36:49.729046+00	2026-02-07 00:01:18.177269+00	6	15	90	8	\N	7	4	t	2026-02-07 00:01:18.176942+00	8	\N
1303	2026-02-06	09:45:00	10:30:00	45	realizada_retraso	\N	\N		f	09:55:00	10	70.00		Juego de turnos, trabajamos el respeto de turnos y la tolerancia	2026-02-02 13:13:18.714504+00	2026-02-07 00:36:02.516683+00	6	17	86	12	\N	4	4	t	2026-02-07 00:36:02.51634+00	12	\N
1064	2026-02-06	10:30:00	11:15:00	45	realizada	\N	\N		f	\N	\N	0.00		Motricidad fina mediante juegos de encaje	2026-02-02 01:54:27.333551+00	2026-02-07 00:37:02.400804+00	1	17	42	12	\N	4	4	t	2026-02-07 00:37:02.400647+00	12	27
1474	2026-02-06	16:00:00	16:45:00	45	realizada	\N	\N		f	\N	\N	0.00		Funciones ejecutivas	2026-02-03 03:31:42.109072+00	2026-02-07 00:39:35.951962+00	1	17	51	12	\N	4	4	t	2026-02-07 00:39:35.951841+00	12	30
1127	2026-02-06	17:30:00	18:15:00	45	realizada	\N	\N		f	\N	\N	0.00		Ejercicios para mantener la calma	2026-02-02 02:06:29.827223+00	2026-02-07 00:40:26.498566+00	1	17	38	12	\N	4	4	t	2026-02-07 00:40:26.498395+00	12	28
895	2026-02-06	18:15:00	19:00:00	45	realizada	\N	\N		f	\N	\N	0.00		Manejo reestablecrmos ordenes simples para reforzar el trabajo	2026-02-02 01:17:13.200279+00	2026-02-07 00:41:59.75998+00	1	17	40	12	\N	4	4	t	2026-02-07 00:41:59.759827+00	12	23
919	2026-02-06	17:30:00	18:15:00	45	realizada	\N	\N		f	\N	\N	0.00		Se dió inicio a la sesión en la hora programada, realizó actividad de subir y bajar, dar volteos.	2026-02-02 01:22:02.577377+00	2026-02-07 01:32:18.599819+00	1	16	40	11	\N	9	4	t	2026-02-07 01:32:18.599663+00	11	23
1172	2026-02-06	18:15:00	19:00:00	45	realizada	\N	\N		f	\N	\N	0.00		Se dió inicio a la sesión en la hora programada. \r\nEstuvo irritado en toda la sesión teniendo llanto como respuesta.	2026-02-02 02:11:50.942725+00	2026-02-07 01:34:49.537892+00	1	16	38	11	\N	9	4	t	2026-02-07 01:34:49.537766+00	11	28
743	2026-02-07	09:00:00	09:45:00	45	realizada_retraso	\N	\N		f	09:40:00	40	70.00		No se realizo ninguna actividad estructurada  debido al retraso de ingreso a la terapia	2026-02-01 22:35:40.455736+00	2026-02-07 13:44:08.581244+00	1	10	11	6	\N	5	3	t	2026-02-07 13:44:08.580901+00	6	\N
1819	2026-02-07	09:00:00	09:30:00	30	realizada_retraso	\N	\N		f	09:15:00	15	70.00		Sesión realizada sin dificultad.\r\nPaciente llegó con demora a la hora establecida de terapia, por lo que el tiempo de intervención fue corto.	2026-02-04 02:25:46.637151+00	2026-02-07 14:55:06.490938+00	1	8	18	3	\N	6	3	t	2026-02-07 14:55:06.490694+00	3	\N
324	2026-02-07	10:00:00	10:30:00	30	realizada	\N	\N		f	\N	\N	0.00		Sesión realizada a la hora programada, sin dificultad en la realización de actividades terapéuticas	2026-01-29 23:36:28.93791+00	2026-02-07 14:55:57.263841+00	1	8	13	3	\N	6	3	t	2026-02-07 14:55:57.263707+00	3	7
1530	2026-02-10	10:30:00	11:15:00	45	realizada	\N	\N		f	\N	\N	0.00		Se da inicio de sesión en la hora respectiva sin dificultad alguna.\r\nAún se encuentra en proceso de adaptación.	2026-02-03 04:06:43.774352+00	2026-02-11 01:28:06.937309+00	1	13	33	10	\N	10	4	t	2026-02-11 01:28:06.937081+00	10	21
779	2026-02-07	11:00:00	12:00:00	60	realizada	\N	\N		f	\N	\N	0.00		Repaso reconocimiento y escritura de vocales	2026-02-01 22:55:39.74459+00	2026-02-07 15:40:22.587783+00	1	12	12	7	\N	12	3	t	2026-02-07 15:40:22.587567+00	7	20
1948	2026-02-07	11:00:00	11:30:00	30	realizada	\N	\N		f	\N	\N	0.00		Evaluación realizada, con posterior programación (Lunes a las 5pm)	2026-02-05 21:08:30.475112+00	2026-02-07 16:11:33.831375+00	1	8	95	3	44	15	3	t	2026-02-07 16:11:33.831195+00	3	\N
1661	2026-02-07	11:00:00	12:00:00	60	realizada	\N	\N		f	\N	\N	50.00		Durante la sesión se trabajó conceptos básicos, nociones espaciales y percepción visual; con respecto al desempeño va mostrando un buen avance en las actividades realizadas	2026-02-03 22:23:13.345282+00	2026-02-08 06:59:21.040919+00	6	1	35	8	\N	7	4	t	2026-02-08 01:18:38.082695+00	8	\N
1629	2026-02-07	10:30:00	11:15:00	45	realizada	\N	\N		f	\N	\N	50.00		Se da inicio de sesión en la hora establecida en si dificultad alguna. Se trabajó código de vestimenta con prendas simples (sacar y poner), juntamente a la variación alimenticia.	2026-02-03 22:12:43.751022+00	2026-02-08 03:17:08.458047+00	6	13	67	10	\N	10	4	t	2026-02-08 03:17:08.457878+00	10	\N
2004	2026-02-23	17:30:00	18:15:00	45	programada	\N	\N		f	\N	\N	0.00			2026-02-08 05:14:34.234404+00	2026-02-08 05:14:34.234415+00	1	1	43	14	\N	4	4	f	\N	\N	26
2006	2026-02-18	16:00:00	16:45:00	45	programada	\N	\N		f	\N	\N	0.00			2026-02-08 05:15:15.018697+00	2026-02-08 05:15:15.018709+00	1	1	43	14	\N	4	4	f	\N	\N	26
2007	2026-02-25	16:00:00	16:45:00	45	programada	\N	\N		f	\N	\N	0.00			2026-02-08 05:15:15.21744+00	2026-02-08 05:15:15.217451+00	1	1	43	14	\N	4	4	f	\N	\N	26
2100	2026-02-13	09:45:00	10:30:00	45	programada	\N	\N		f	\N	\N	50.00			2026-02-08 18:00:41.99575+00	2026-02-08 18:00:41.995761+00	1	\N	22	4	\N	8	4	f	\N	\N	\N
2101	2026-02-20	09:45:00	10:30:00	45	programada	\N	\N		f	\N	\N	50.00			2026-02-08 18:00:42.194569+00	2026-02-08 18:00:42.194582+00	1	\N	22	4	\N	8	4	f	\N	\N	\N
2013	2026-02-24	16:45:00	17:30:00	45	programada	\N	\N		f	\N	\N	0.00			2026-02-08 05:19:03.836077+00	2026-02-08 05:19:03.836093+00	1	1	43	10	\N	10	4	f	\N	\N	26
2014	2026-02-13	16:00:00	16:45:00	45	programada	\N	\N		f	\N	\N	0.00			2026-02-08 05:19:42.821438+00	2026-02-08 05:19:42.821459+00	1	1	43	10	\N	10	4	f	\N	\N	26
2010	2026-02-23	18:15:00	19:00:00	45	programada	\N	\N		f	\N	\N	0.00			2026-02-08 05:16:23.917602+00	2026-02-08 05:22:44.430291+00	1	1	43	8	\N	7	4	f	\N	\N	26
2102	2026-02-27	09:45:00	10:30:00	45	programada	\N	\N		f	\N	\N	50.00			2026-02-08 18:00:42.414457+00	2026-02-08 18:00:42.41447+00	1	\N	22	4	\N	8	4	f	\N	\N	\N
1997	2026-02-09	09:30:00	10:00:00	30	realizada	\N	\N		f	\N	\N	0.00		evaluación realizada sin dificultad	2026-02-06 22:09:10.833741+00	2026-02-09 15:08:08.852492+00	1	8	96	3	45	15	3	t	2026-02-09 15:08:08.852296+00	3	\N
1998	2026-02-09	09:00:00	09:30:00	30	realizada	\N	\N		f	\N	\N	0.00		Programar estimulación temprana	2026-02-06 22:10:27.06887+00	2026-02-09 19:02:11.721828+00	1	1	96	4	48	20	3	f	\N	\N	\N
1999	2026-02-09	14:30:00	15:00:00	30	realizada	\N	\N		f	\N	\N	0.00		Evaluación concluida	2026-02-07 15:14:10.768794+00	2026-02-09 19:53:26.211005+00	1	8	94	3	43	15	3	t	2026-02-09 19:53:26.210781+00	3	\N
400	2026-02-09	15:00:00	15:30:00	30	permiso	\N	\N		f	\N	\N	0.00		La madre solicito permiso debido al estado de salud de su hijito	2026-01-30 15:17:32.244782+00	2026-02-09 19:53:57.091241+00	1	8	21	3	\N	6	3	t	2026-02-09 19:53:57.091044+00	3	9
1065	2026-02-09	10:30:00	11:15:00	45	realizada	\N	\N		f	\N	\N	0.00		La sesión se trabajo motricidad fina y concentración	2026-02-02 01:54:27.533369+00	2026-02-09 23:38:32.269212+00	1	41	42	14	\N	4	4	t	2026-02-09 23:38:32.269068+00	14	27
2015	2026-02-20	16:00:00	16:45:00	45	programada	\N	\N		f	\N	\N	0.00			2026-02-08 05:19:43.018263+00	2026-02-08 05:19:43.018276+00	1	1	43	10	\N	10	4	f	\N	\N	26
2016	2026-02-27	16:00:00	16:45:00	45	programada	\N	\N		f	\N	\N	0.00			2026-02-08 05:19:43.139451+00	2026-02-08 05:19:43.139461+00	1	1	43	10	\N	10	4	f	\N	\N	26
2104	2026-02-09	17:30:00	18:00:00	30	realizada	\N	\N		f	\N	\N	0.00		ENTREGA DE INFORME	2026-02-09 14:29:37.721349+00	2026-02-10 22:09:18.552719+00	1	1	69	3	33	15	3	f	\N	\N	\N
2018	2026-02-03	16:45:00	17:30:00	45	falta	\N	\N		f	\N	\N	0.00			2026-02-08 05:25:46.895552+00	2026-02-11 14:06:00.408507+00	1	1	43	10	\N	10	4	f	\N	\N	26
2025	2026-02-23	11:15:00	12:00:00	45	programada	\N	\N		f	\N	\N	0.00			2026-02-08 05:39:25.337382+00	2026-02-08 05:39:25.337409+00	1	1	42	12	\N	9	4	f	\N	\N	27
2026	2026-02-02	09:30:00	10:30:00	60	programada	\N	\N		f	\N	\N	0.00			2026-02-08 05:44:09.068314+00	2026-02-08 05:44:09.06833+00	1	1	86	13	\N	12	4	f	\N	\N	39
2021	2026-02-06	16:00:00	16:45:00	45	realizada	\N	\N		f	\N	\N	0.00			2026-02-08 05:27:53.483425+00	2026-02-11 14:07:56.399562+00	1	1	43	10	\N	10	4	f	\N	\N	26
2028	2026-02-23	09:30:00	10:30:00	60	programada	\N	\N		f	\N	\N	0.00			2026-02-08 05:44:09.438635+00	2026-02-08 05:44:09.438646+00	1	1	86	13	\N	12	4	f	\N	\N	39
2029	2026-02-04	10:00:00	11:00:00	60	programada	\N	\N		f	\N	\N	0.00			2026-02-08 05:44:34.554458+00	2026-02-08 05:44:34.554471+00	1	1	86	13	\N	12	4	f	\N	\N	39
2031	2026-02-18	10:00:00	11:00:00	60	programada	\N	\N		f	\N	\N	0.00			2026-02-08 05:44:34.928177+00	2026-02-08 05:44:34.928196+00	1	1	86	13	\N	12	4	f	\N	\N	39
2032	2026-02-25	10:00:00	11:00:00	60	programada	\N	\N		f	\N	\N	0.00			2026-02-08 05:44:35.130495+00	2026-02-08 05:44:35.130507+00	1	1	86	13	\N	12	4	f	\N	\N	39
2033	2026-02-06	10:30:00	11:30:00	60	programada	\N	\N		f	\N	\N	0.00			2026-02-08 05:45:01.495481+00	2026-02-08 05:45:01.495493+00	1	1	86	13	\N	12	4	f	\N	\N	39
2034	2026-02-13	10:30:00	11:30:00	60	programada	\N	\N		f	\N	\N	0.00			2026-02-08 05:45:01.717671+00	2026-02-08 05:45:01.717688+00	1	1	86	13	\N	12	4	f	\N	\N	39
2035	2026-02-20	10:30:00	11:30:00	60	programada	\N	\N		f	\N	\N	0.00			2026-02-08 05:45:02.049522+00	2026-02-08 05:45:02.049533+00	1	1	86	13	\N	12	4	f	\N	\N	39
2036	2026-02-27	10:30:00	11:30:00	60	programada	\N	\N		f	\N	\N	0.00			2026-02-08 05:45:02.226047+00	2026-02-08 05:45:02.226061+00	1	1	86	13	\N	12	4	f	\N	\N	39
927	2026-02-06	16:45:00	17:30:00	45	realizada	\N	\N		f	\N	\N	0.00			2026-02-02 01:23:09.545334+00	2026-02-11 14:08:27.409286+00	1	1	40	10	\N	10	4	f	\N	\N	23
2038	2026-02-12	18:15:00	19:00:00	45	programada	\N	\N		f	\N	\N	0.00			2026-02-08 06:11:15.919622+00	2026-02-08 06:11:15.919634+00	1	1	88	12	\N	9	4	f	\N	\N	33
2039	2026-02-19	18:15:00	19:00:00	45	programada	\N	\N		f	\N	\N	0.00			2026-02-08 06:11:16.116087+00	2026-02-08 06:11:16.116101+00	1	1	88	12	\N	9	4	f	\N	\N	33
2040	2026-02-26	18:15:00	19:00:00	45	programada	\N	\N		f	\N	\N	0.00			2026-02-08 06:11:16.317218+00	2026-02-08 06:11:16.317236+00	1	1	88	12	\N	9	4	f	\N	\N	33
1989	2026-02-07	09:45:00	10:30:00	45	realizada	\N	\N		f	\N	\N	0.00		Se da inicio de sesión en la hora establecida en si dificultad alguna. Por el momento se trabaja el seguimiento de órdenes simples, debido a que el niño se encuentra en etapa de adaptación.\r\nLa sesión programada estuvo a cargo de la licenciada María Rodríguez	2026-02-06 22:03:35.830102+00	2026-02-08 06:13:08.325362+00	6	1	88	10	\N	10	4	t	2026-02-08 03:12:05.589948+00	11	33
976	2026-02-09	16:45:00	17:30:00	45	realizada	\N	\N		f	\N	\N	0.00			2026-02-02 01:37:42.260876+00	2026-02-11 14:09:37.668285+00	1	1	39	10	\N	10	4	f	\N	\N	24
2042	2026-02-12	17:30:00	18:15:00	45	programada	\N	\N		f	\N	\N	0.00			2026-02-08 06:23:57.119598+00	2026-02-08 06:23:57.119618+00	1	1	51	4	\N	11	4	f	\N	\N	30
2043	2026-02-19	17:30:00	18:15:00	45	programada	\N	\N		f	\N	\N	0.00			2026-02-08 06:23:57.321375+00	2026-02-08 06:23:57.321387+00	1	1	51	4	\N	11	4	f	\N	\N	30
2044	2026-02-26	17:30:00	18:15:00	45	programada	\N	\N		f	\N	\N	0.00			2026-02-08 06:23:57.52727+00	2026-02-08 06:23:57.527288+00	1	1	51	4	\N	11	4	f	\N	\N	30
2103	2026-02-09	15:30:00	16:00:00	30	reprogramada	2026-02-10	10:00:00	A solicitud de la madre, ya que no podrá asistir a la hora indicada	t	\N	\N	0.00		Evaluación reprogramada a solicitud de la madre	2026-02-09 14:28:24.919586+00	2026-02-09 20:01:33.826104+00	1	8	96	3	\N	15	3	t	2026-02-09 20:01:33.825944+00	3	\N
2017	2026-02-02	17:30:00	18:15:00	45	falta	\N	\N		f	\N	\N	0.00			2026-02-08 05:24:59.488352+00	2026-02-11 14:11:00.630159+00	1	1	43	14	\N	4	4	f	\N	\N	26
2110	2026-02-13	16:45:00	17:30:00	45	programada	\N	\N		f	\N	\N	0.00			2026-02-09 20:08:18.303919+00	2026-02-09 20:08:18.303931+00	1	\N	99	6	50	16	3	f	\N	\N	\N
2111	2026-02-13	17:30:00	18:00:00	30	programada	\N	\N		f	\N	\N	250.00			2026-02-09 20:09:39.525288+00	2026-02-09 20:09:39.525301+00	1	\N	99	3	\N	15	3	f	\N	\N	\N
2027	2026-02-09	09:30:00	10:30:00	60	realizada	\N	\N		f	\N	\N	0.00			2026-02-08 05:44:09.316355+00	2026-02-09 20:42:01.093965+00	1	19	86	13	\N	12	4	t	2026-02-09 20:42:01.093776+00	13	39
880	2026-02-09	14:30:00	15:30:00	60	realizada	\N	\N		f	\N	\N	0.00		Durante la sesión se trabajó, percepción, discriminación visual y memoria secuencial; respecto al desempeño se pudo observar una buena respuesta a las actividades, sin embargo, se recomienda continuar trabajando con las áreas correspondientes	2026-02-02 01:13:16.640609+00	2026-02-10 00:35:18.035166+00	1	15	36	8	\N	7	4	t	2026-02-10 00:35:18.035009+00	8	22
2008	2026-02-09	18:15:00	19:00:00	45	realizada	\N	\N		f	\N	\N	0.00		Durante la sesión se trabajó coordinación óculo-manual (motricidad fina), percepción visual y discriminación auditiva ; con respecto al desempeño del paciente, se pudo evidenciar un avance progresivo en las distintas actividades	2026-02-08 05:16:23.495057+00	2026-02-10 02:38:36.008186+00	1	15	43	8	\N	7	4	t	2026-02-10 02:38:36.008039+00	8	26
1511	2026-02-10	11:15:00	12:00:00	45	realizada	\N	\N		f	\N	\N	0.00		Se trabajo en la autonomía elección de objetos reforzando positivamente sus desiciones, así con el apoyo de acciones referentes a la vida diaria como la comida con apoyo de motricidad	2026-02-03 03:56:10.05958+00	2026-02-10 17:50:25.794761+00	1	41	22	14	\N	4	4	t	2026-02-10 17:50:25.794557+00	14	29
2143	2026-02-13	14:30:00	15:15:00	45	programada	\N	\N		f	\N	\N	50.00			2026-02-10 19:31:16.309622+00	2026-02-10 19:31:16.309637+00	1	\N	61	4	\N	13	3	f	\N	\N	\N
2144	2026-02-20	14:30:00	15:15:00	45	programada	\N	\N		f	\N	\N	50.00			2026-02-10 19:31:16.513806+00	2026-02-10 19:31:16.513817+00	1	\N	61	4	\N	13	3	f	\N	\N	\N
2145	2026-02-27	14:30:00	15:15:00	45	programada	\N	\N		f	\N	\N	50.00			2026-02-10 19:31:16.719352+00	2026-02-10 19:31:16.719362+00	1	\N	61	4	\N	13	3	f	\N	\N	\N
2020	2026-02-04	16:00:00	16:45:00	45	realizada	\N	\N		f	\N	\N	0.00			2026-02-08 05:27:11.83053+00	2026-02-11 14:13:50.789206+00	1	1	43	14	\N	4	4	f	\N	\N	26
2019	2026-02-02	18:15:00	19:00:00	45	falta	\N	\N		f	\N	\N	0.00			2026-02-08 05:26:28.866481+00	2026-02-11 14:19:36.868551+00	1	1	43	8	\N	7	4	f	\N	\N	26
2022	2026-02-02	11:15:00	12:00:00	45	realizada	\N	\N		f	\N	\N	0.00			2026-02-08 05:39:24.803139+00	2026-02-11 14:22:48.311448+00	1	1	42	12	\N	9	4	f	\N	\N	27
2037	2026-02-05	18:15:00	19:00:00	45	realizada	\N	\N		f	\N	\N	0.00			2026-02-08 06:11:15.717748+00	2026-02-11 14:27:58.634002+00	1	1	88	12	\N	9	4	f	\N	\N	33
2023	2026-02-09	11:15:00	12:00:00	45	realizada	\N	\N		f	\N	\N	0.00			2026-02-08 05:39:24.930707+00	2026-02-11 14:30:23.541563+00	1	1	42	12	\N	9	4	f	\N	\N	27
2030	2026-02-11	10:00:00	11:00:00	60	realizada	\N	\N		f	\N	\N	0.00			2026-02-08 05:44:34.730997+00	2026-02-11 20:33:15.06112+00	1	19	86	13	\N	12	4	t	2026-02-11 20:33:15.060973+00	13	39
2191	2026-02-20	09:00:00	10:00:00	60	programada	\N	\N		f	\N	\N	0.00			2026-02-11 23:05:04.51638+00	2026-02-11 23:05:04.516392+00	1	1	74	7	\N	12	3	f	\N	\N	42
1766	2026-02-11	09:45:00	10:30:00	45	realizada	\N	\N		f	\N	\N	0.00		Se trabajo aceptación y cooperación ante nuevos estimulos , se trabajo mediante la aceptación de la merienda logrando que el menor acepte ingerir nuevos alimentos hubo colaboración no desbordándose en conductas disruptivas pero escasa aceptación	2026-02-04 02:04:50.055741+00	2026-02-11 16:37:49.584863+00	1	10	71	6	\N	4	3	t	2026-02-11 16:37:49.584707+00	6	35
697	2026-02-11	10:30:00	11:00:00	30	realizada	\N	\N		f	\N	\N	0.00		Sesión realizada sin dificultad, se trabajó órdenes simples, estamos a la esperar de la realización del cuaderno de apoyo del área	2026-02-01 22:18:10.939606+00	2026-02-11 18:38:37.244036+00	1	8	60	3	\N	6	3	t	2026-02-11 18:38:37.243867+00	3	19
458	2026-02-11	14:30:00	15:15:00	45	realizada_retraso	\N	\N		f	14:55:00	25	0.00		Se trabajo el coloreado mediante la identificación del color.\r\nSolo se trabajo 20 min por qué llegó tarde	2026-02-01 19:56:10.91915+00	2026-02-11 20:02:11.033794+00	1	12	4	7	\N	10	3	t	2026-02-11 20:02:11.033539+00	7	11
2171	2026-02-11	14:30:00	15:00:00	30	realizada_retraso	\N	\N		f	14:55:00	25	0.00		El paciente llego con cinco minutos restantes de sesión por lo que la sesión no fue llevada a cabo.	2026-02-10 21:09:16.892563+00	2026-02-11 20:30:15.142307+00	1	8	104	3	\N	6	3	t	2026-02-11 20:30:15.142122+00	3	41
1670	2026-02-11	15:30:00	16:30:00	60	realizada	\N	\N		f	\N	\N	20.00		Se paso en el mismo horario con Bayron Garabito	2026-02-03 22:24:44.733328+00	2026-02-11 20:35:56.176075+00	6	19	35	13	\N	12	4	t	2026-02-11 20:35:56.175945+00	13	\N
1710	2026-02-11	15:30:00	16:00:00	30	realizada	\N	\N		f	\N	\N	0.00		Sesión realizada sin dificultad, la paciente llego a la hora establecida de la sesión de intervención en área.\r\nSe trabajo ejercicio miofuncional (motor oral)	2026-02-04 01:35:34.04039+00	2026-02-11 20:36:17.952238+00	1	8	20	3	\N	6	3	t	2026-02-11 20:36:17.952059+00	3	34
1921	2026-02-11	15:15:00	16:00:00	45	realizada	\N	\N		f	\N	\N	50.00		Se da inicio de sesión en la hora correspondiente sin dificultad alguna.\r\nSe trabajaron ejercicios de equilibrio en el ambiente de estimulación.	2026-02-05 13:16:53.340668+00	2026-02-11 20:44:31.005001+00	6	13	48	10	\N	10	4	t	2026-02-11 20:44:31.00486+00	10	\N
2206	2026-02-19	10:00:00	10:45:00	45	programada	\N	\N		f	\N	\N	0.00			2026-02-11 23:34:00.721931+00	2026-02-11 23:34:00.721947+00	1	1	13	7	\N	10	3	f	\N	\N	7
2207	2026-02-26	10:00:00	10:45:00	45	programada	\N	\N		f	\N	\N	0.00			2026-02-11 23:34:00.921235+00	2026-02-11 23:34:00.921246+00	1	1	13	7	\N	10	3	f	\N	\N	7
1610	2026-02-11	14:30:00	15:30:00	60	realizada	\N	\N		f	\N	\N	0.00		Durante la sesión se trabajó memoria operativa, con respecto al desempeño, el paciente mostró cierta resistencia para realizar la actividad, por lo que se recomienda seguir trabajando	2026-02-03 20:59:31.655678+00	2026-02-12 01:45:14.118325+00	6	15	31	8	\N	7	4	t	2026-02-12 01:45:14.118067+00	8	31
1848	2026-02-11	16:30:00	17:30:00	60	falta	\N	\N		f	\N	\N	0.00			2026-02-04 15:41:38.752933+00	2026-02-12 01:45:39.949345+00	6	15	49	8	\N	7	4	t	2026-02-12 01:45:39.949229+00	8	6
1888	2026-02-11	15:30:00	16:30:00	60	realizada_retraso	\N	\N		f	15:55:00	25	50.00		Durante la sesión se trabajó organización secuencial y atención, respecto al desempeño se pudo observar que el paciente tuvo buena respuesta a las actividades	2026-02-04 22:04:11.141006+00	2026-02-12 01:54:19.528543+00	6	15	44	8	\N	7	4	t	2026-02-12 01:54:19.528355+00	8	\N
1312	2026-02-11	09:00:00	10:00:00	60	realizada	\N	\N		f	\N	\N	50.00		Durante la sesión se trabajó razonamiento perceptivo y memoria operativa, respecto al desempeño se pudo observar buena aceptación a las actividades	2026-02-02 13:15:55.522942+00	2026-02-12 01:56:37.270145+00	6	15	86	8	\N	7	4	t	2026-02-12 01:56:37.270025+00	8	\N
1929	2026-02-11	14:30:00	15:15:00	45	programada	\N	\N		f	\N	\N	70.00		Se trabajo la atención y concentración mediante juegos de razonamiento	2026-02-05 13:18:49.649972+00	2026-02-12 02:35:45.611213+00	6	41	48	14	\N	4	4	t	2026-02-12 02:35:45.611004+00	14	\N
1092	2026-02-11	09:45:00	10:30:00	45	realizada	\N	\N		f	\N	\N	0.00			2026-02-02 01:59:59.929764+00	2026-02-12 02:45:15.464282+00	1	1	42	4	\N	11	4	f	\N	\N	27
1635	2026-02-11	15:15:00	16:00:00	45	realizada	\N	\N		f	\N	\N	70.00		Se trabajo la atención focalizada y razonamiento verbal mediante crucigramas y sopas de letras	2026-02-03 22:13:56.329592+00	2026-02-12 02:47:45.40743+00	6	41	68	14	\N	4	4	t	2026-02-12 02:47:45.407309+00	14	\N
720	2026-02-11	11:15:00	12:00:00	45	realizada	\N	\N		f	\N	\N	0.00			2026-02-01 22:24:57.533836+00	2026-02-12 02:48:21.776008+00	1	1	60	4	\N	11	3	f	\N	\N	19
2093	2026-02-11	14:30:00	15:15:00	45	realizada	\N	\N		f	\N	\N	50.00			2026-02-08 17:43:29.295412+00	2026-02-12 02:48:35.639434+00	1	1	100	4	\N	8	3	f	\N	\N	\N
424	2026-02-11	15:15:00	16:00:00	45	realizada	\N	\N		f	\N	\N	0.00			2026-01-30 15:22:01.922637+00	2026-02-12 02:48:46.99363+00	1	1	21	4	\N	11	3	f	\N	\N	9
2005	2026-02-11	16:00:00	16:45:00	45	realizada	\N	\N		f	\N	\N	0.00		Se trabajo la estimulación de motricidad fina con el trabajo de pintado, se tuvo dificultad debido a que no quiso seguir órdenes durante el trabajo	2026-02-08 05:15:14.795452+00	2026-02-12 02:50:14.620107+00	1	41	43	14	\N	4	4	t	2026-02-12 02:50:14.619978+00	14	26
1722	2026-02-11	14:30:00	15:15:00	45	realizada_retraso	\N	\N		f	14:40:00	10	0.00		Se dió inicio a la sesión programada con 10 minutos de retraso. La menor utilizo fichas de encaje para reconocer los colores y figuras.	2026-02-04 01:38:14.853001+00	2026-02-12 03:29:35.738282+00	1	16	20	11	\N	9	3	t	2026-02-12 03:29:35.738023+00	11	34
2168	2026-02-11	15:15:00	16:00:00	45	realizada	\N	\N		f	\N	\N	50.00		Se dió inicio a la sesión programada, el menor realizó actividad de movimiento como subir , bajar, saltos en trampolín	2026-02-10 20:58:54.506925+00	2026-02-12 03:31:39.222141+00	1	16	104	11	\N	9	3	t	2026-02-12 03:31:39.22197+00	11	\N
2212	2026-02-24	16:45:00	17:30:00	45	programada	\N	\N		f	\N	\N	70.00			2026-02-12 14:50:51.324975+00	2026-02-12 14:50:51.32499+00	1	\N	85	6	\N	5	3	f	\N	\N	\N
2213	2026-02-24	17:30:00	18:30:00	60	programada	\N	\N		f	\N	\N	50.00			2026-02-12 14:51:25.302655+00	2026-02-12 14:51:25.302666+00	1	\N	85	9	\N	7	3	f	\N	\N	\N
2214	2026-02-24	16:00:00	16:30:00	30	programada	\N	\N		f	\N	\N	70.00			2026-02-12 14:52:34.619578+00	2026-02-12 14:52:34.619592+00	1	\N	85	3	\N	6	3	f	\N	\N	\N
2208	2026-02-12	09:45:00	10:30:00	45	realizada	\N	\N		f	\N	\N	0.00			2026-02-11 23:35:44.102617+00	2026-02-12 16:20:30.773379+00	1	10	93	6	41	16	3	t	2026-02-12 16:20:30.773255+00	6	\N
2210	2026-02-12	11:15:00	12:00:00	45	realizada	\N	\N		f	\N	\N	0.00			2026-02-11 23:44:19.377273+00	2026-02-12 16:20:56.797596+00	1	10	105	6	55	16	3	t	2026-02-12 16:20:56.797431+00	6	\N
2211	2026-02-12	10:30:00	11:00:00	30	realizada	\N	\N		f	\N	\N	0.00		evaluación inicial realizada, con programacion de evaluacion para dia viernes 13 de febrero a horas 15:00	2026-02-11 23:57:08.187097+00	2026-02-12 18:35:38.527029+00	1	8	106	3	56	15	3	t	2026-02-12 18:35:38.526857+00	3	\N
2205	2026-02-12	10:00:00	10:45:00	45	programada	\N	\N		f	\N	\N	0.00		Grafomotricidad para mejorar el agarre de la pinza fina mediante seguimiento lineal	2026-02-11 23:34:00.579208+00	2026-02-12 18:41:00.09735+00	1	12	13	7	\N	10	3	t	2026-02-12 18:41:00.097208+00	7	7
449	2026-02-12	14:30:00	15:15:00	45	realizada_retraso	\N	\N		f	14:50:00	20	0.00		Sesión realizada sin mayor dificultad	2026-02-01 19:54:03.545162+00	2026-02-12 19:19:13.565614+00	1	14	4	9	\N	7	3	t	2026-02-12 19:19:13.565429+00	9	11
2123	2026-02-12	16:00:00	16:45:00	45	realizada	\N	\N		f	\N	\N	0.00		Se trabajó estimulación sensorial	2026-02-09 20:32:56.201386+00	2026-02-12 21:04:43.644593+00	1	12	92	7	\N	10	3	t	2026-02-12 21:04:43.644388+00	7	40
2209	2026-02-12	16:00:00	16:45:00	45	realizada	\N	\N		f	\N	\N	0.00			2026-02-11 23:36:55.303016+00	2026-02-13 00:37:28.149737+00	1	10	97	6	46	22	3	t	2026-02-13 00:37:28.149519+00	6	\N
428	2026-02-12	16:00:00	16:45:00	45	realizada	\N	\N		f	\N	\N	0.00			2026-01-30 15:22:51.248484+00	2026-02-13 01:40:07.366642+00	1	16	21	11	\N	11	3	t	2026-02-13 01:40:07.366516+00	11	9
2089	2026-02-12	18:15:00	19:00:00	45	falta	\N	\N		f	\N	\N	0.00			2026-02-08 17:16:27.908947+00	2026-02-13 01:41:05.032642+00	1	16	83	11	\N	9	3	t	2026-02-13 01:41:05.03246+00	11	12
524	2026-02-12	16:00:00	16:30:00	30	realizada	\N	\N		f	\N	\N	0.00		Sesión realizada sin dificultad	2026-02-01 20:49:24.094146+00	2026-02-13 03:17:28.249984+00	1	8	16	3	\N	6	3	t	2026-02-13 03:17:28.249772+00	3	13
\.


--
-- Data for Name: auth_group; Type: TABLE DATA; Schema: public; Owner: centro_misael_user
--

COPY public.auth_group (id, name) FROM stdin;
\.


--
-- Data for Name: auth_group_permissions; Type: TABLE DATA; Schema: public; Owner: centro_misael_user
--

COPY public.auth_group_permissions (id, group_id, permission_id) FROM stdin;
\.


--
-- Data for Name: auth_permission; Type: TABLE DATA; Schema: public; Owner: centro_misael_user
--

COPY public.auth_permission (id, name, content_type_id, codename) FROM stdin;
1	Can add log entry	1	add_logentry
2	Can change log entry	1	change_logentry
3	Can delete log entry	1	delete_logentry
4	Can view log entry	1	view_logentry
5	Can add permission	3	add_permission
6	Can change permission	3	change_permission
7	Can delete permission	3	delete_permission
8	Can view permission	3	view_permission
9	Can add group	2	add_group
10	Can change group	2	change_group
11	Can delete group	2	delete_group
12	Can view group	2	view_group
13	Can add user	4	add_user
14	Can change user	4	change_user
15	Can delete user	4	delete_user
16	Can view user	4	view_user
17	Can add content type	5	add_contenttype
18	Can change content type	5	change_contenttype
19	Can delete content type	5	delete_contenttype
20	Can view content type	5	view_contenttype
21	Can add session	6	add_session
22	Can change session	6	change_session
23	Can delete session	6	delete_session
24	Can view session	6	view_session
25	Can add Perfil de Usuario	7	add_perfilusuario
26	Can change Perfil de Usuario	7	change_perfilusuario
27	Can delete Perfil de Usuario	7	delete_perfilusuario
28	Can view Perfil de Usuario	7	view_perfilusuario
29	Can add Paciente	8	add_paciente
30	Can change Paciente	8	change_paciente
31	Can delete Paciente	8	delete_paciente
32	Can view Paciente	8	view_paciente
33	Can add Servicio del Paciente	9	add_pacienteservicio
34	Can change Servicio del Paciente	9	change_pacienteservicio
35	Can delete Servicio del Paciente	9	delete_pacienteservicio
36	Can view Servicio del Paciente	9	view_pacienteservicio
37	Can add Sucursal	10	add_sucursal
38	Can change Sucursal	10	change_sucursal
39	Can delete Sucursal	10	delete_sucursal
40	Can view Sucursal	10	view_sucursal
41	Can add Tipo de Servicio	11	add_tiposervicio
42	Can change Tipo de Servicio	11	change_tiposervicio
43	Can delete Tipo de Servicio	11	delete_tiposervicio
44	Can view Tipo de Servicio	11	view_tiposervicio
45	Can add Proyecto	12	add_proyecto
46	Can change Proyecto	12	change_proyecto
47	Can delete Proyecto	12	delete_proyecto
48	Can view Proyecto	12	view_proyecto
49	Can add Sesión	13	add_sesion
50	Can change Sesión	13	change_sesion
51	Can delete Sesión	13	delete_sesion
52	Can view Sesión	13	view_sesion
53	Can add Profesional	14	add_profesional
54	Can change Profesional	14	change_profesional
55	Can delete Profesional	14	delete_profesional
56	Can view Profesional	14	view_profesional
57	Can add Método de Pago	17	add_metodopago
58	Can change Método de Pago	17	change_metodopago
59	Can delete Método de Pago	17	delete_metodopago
60	Can view Método de Pago	17	view_metodopago
61	Can add Pago	18	add_pago
62	Can change Pago	18	change_pago
63	Can delete Pago	18	delete_pago
64	Can view Pago	18	view_pago
65	Can add Factura	16	add_factura
66	Can change Factura	16	change_factura
67	Can delete Factura	16	delete_factura
68	Can view Factura	16	view_factura
69	Can add Cuenta Corriente	15	add_cuentacorriente
70	Can change Cuenta Corriente	15	change_cuentacorriente
71	Can delete Cuenta Corriente	15	delete_cuentacorriente
72	Can view Cuenta Corriente	15	view_cuentacorriente
73	Can add Mensualidad	19	add_mensualidad
74	Can change Mensualidad	19	change_mensualidad
75	Can delete Mensualidad	19	delete_mensualidad
76	Can view Mensualidad	19	view_mensualidad
77	Can add Servicio-Profesional	20	add_servicioprofesionalmensualidad
78	Can change Servicio-Profesional	20	change_servicioprofesionalmensualidad
79	Can delete Servicio-Profesional	20	delete_servicioprofesionalmensualidad
80	Can view Servicio-Profesional	20	view_servicioprofesionalmensualidad
\.


--
-- Data for Name: auth_user; Type: TABLE DATA; Schema: public; Owner: centro_misael_user
--

COPY public.auth_user (id, password, last_login, is_superuser, username, first_name, last_name, email, is_staff, is_active, date_joined) FROM stdin;
24	pbkdf2_sha256$1200000$HBjLEe23XMiUDxTzXrkyXv$OSEz7Nb0bg6673Hb9AFB0DGXi+qvrfUK4+bvgLDDXMU=	\N	f	ELENAMARCY@2026				f	t	2026-02-01 23:47:59.813064+00
25	pbkdf2_sha256$1200000$LtXEhe1yRUWiGILyLVYB5V$sZv579zYLD1fU6iSD1qInQeQjFEpCO64v+5sWb6iiDk=	\N	f	SAMUELTHIAGO@2026				f	t	2026-02-01 23:50:25.785995+00
26	pbkdf2_sha256$1200000$iDs3gDo0sAqpUH2o1kc10U$z2LTMDfymIU3fL0voJYnFsJ1V+kXcA7GuQUUps8oDzM=	\N	f	LUISEDUARDO@2026				f	t	2026-02-01 23:52:22.978531+00
10	pbkdf2_sha256$1200000$s1gwnXufxWYAGY6XeePcFX$tYKl5j9gbiEE+5cS4AQRm7uaGRTpACv4BcE2Hn0O+aY=	2026-02-06 00:50:51.399097+00	f	EMILY@2026	Emily Claret	Arando Carvajal		f	t	2026-12-31 14:49:18+00
13	pbkdf2_sha256$1200000$Vs6oXAQIKqxYUxWBPjpa9u$QBHOGnqyxuzor9+d5cvKTXhHINAxCmYGEKznbL3u6vI=	2026-02-06 00:52:53.29804+00	f	MARIA@2026	Maria Lourdes	Rodriguez Romero		f	t	2026-12-31 14:54:15+00
29	pbkdf2_sha256$1200000$19e2dgfZhPiBck7A8Iz6L7$2oESHOyvc/6f74ek34aZ9bRPUlN/VRig4143un7uerY=	\N	f	ZOEMARIAN@2026				f	t	2026-02-01 23:58:12.144152+00
30	pbkdf2_sha256$1200000$VtHL4rDcLiEY3RQLE3PkTt$e6z9Xbu60yWt1kZyOhbfVIQQ2YmJwgNXBNBj2Z12db0=	\N	f	VALENTINAALBA@2026				f	t	2026-02-01 23:59:20.387793+00
32	pbkdf2_sha256$1200000$B0uJjqQixweKWr5sFcsFli$0cXZdHPHzqx+VUBKUoNcachefrcGxrvXjYyz3dz2afU=	\N	f	BRIANACATALINA@2026				f	t	2026-02-02 00:03:57.628572+00
33	pbkdf2_sha256$1200000$FA7NAvADVsQCgQJiMql8K2$aeYK8s2f6AZw+eivTy9PTaP4ik1Q6F+/eFS91v/TPCg=	\N	f	KEZIAYAREL@2026				f	t	2026-02-02 00:05:04.455329+00
34	pbkdf2_sha256$1200000$gYz1faXWIIKTUXUMoou380$LiGHCf6v8mqAiqu69LOwqr4Fd2BYWO6F9jwIdbXplyg=	\N	f	ENZOMATIAS@2026				f	t	2026-02-02 00:06:12.389796+00
35	pbkdf2_sha256$1200000$E0cX7ygGfdkAN4PoqHaExc$uUNdPX3rStoq6ATbQ+myNFB52dGKPzNhT6w0QCFpEUw=	\N	f	ANGELFABIAN@2026				f	t	2026-02-02 00:07:06.548344+00
20	pbkdf2_sha256$1200000$YeVWfaNyidDwvqFz1TIgDI$zMM/T3U2Tbe2gbg/KjYEwVVyD2TqmwGVlOb8KoeBDW0=	2026-02-05 22:26:41.980646+00	f	ABELFERNANDO@2026				f	t	2026-02-01 23:21:20.405796+00
37	pbkdf2_sha256$1200000$rCarN8zUukouFHMuZ4JDky$jqMv5rQcnzIY8SEmyJKT47kFC8c4HfibG7eLAJ4Aw/8=	\N	f	CRISTOPHERROBERT@2026				f	t	2026-02-02 00:10:17.352929+00
38	pbkdf2_sha256$1200000$8dOiLvLKKGZC1q7u5A4yOK$IJPuqpUrUVIsm5DmGiVC9xqsNhZKVWXRuA/zj3RjzZE=	2026-02-02 00:31:22.835156+00	f	ROMMELJAVIER@2026				f	t	2026-02-02 00:11:24.895906+00
5	pbkdf2_sha256$1200000$ZJHnUeAyGzTfMieOA6rj1V$G2pZG9dHEaEae9bibykhJb4lo5zrqz+MXuLVKLr95To=	2026-01-14 19:52:59.87936+00	f	DAYAN@2026	Dayan Adriana	Velasco Vargas		t	f	2027-01-01 03:14:25+00
40	pbkdf2_sha256$1200000$fOe4g9UtzZrC4Pvri8fjqf$chTg7e0t5quWsufTTuq2CbOVxRS0ZjT3PAl0zKnv6LE=	2026-02-10 17:47:36.36859+00	f	SEBASTIANJONATAN@2026				f	t	2026-02-09 20:44:35.872372+00
8	pbkdf2_sha256$1200000$7hhOUw36fFq1PBEFuOXHVY$p90xLyad+jhPPKrgjDY73BFAaX1TS9uRp4Y2nupR/5k=	2026-02-06 18:38:49.55457+00	f	PATRICIA@2026	Patricia Paola	Cuevas Peña		f	t	2027-01-01 03:32:29+00
19	pbkdf2_sha256$1200000$AmqmmbipYiNmbOcxcETTj3$IZICCj5JZddOl+JI7sLs9V4Sfao5BazJUOTQx4P6H4M=	2026-02-09 13:15:21.614375+00	f	DANI@2026	Dani	Velasquez Romero		f	t	2026-12-31 23:03:04+00
28	pbkdf2_sha256$1200000$xdowQC37vmUDmvinY53EFM$HUrtpN0+UcZJHgw7iCgbKPS2QrwWE5Ss4z/IIUHHS0g=	2026-02-06 20:40:14.029076+00	f	JHOANMAXIMILIANO@2026				f	t	2026-02-01 23:56:30.091778+00
16	pbkdf2_sha256$1200000$6VJPpIv0HyU2PrAGEjmlEE$freqm4m4reW4pkd8A2HuGLFN/CTr2C2gQWVgdWnIUbc=	2026-02-07 15:12:03.674406+00	f	GABRIELA@2026	Ana Gabriela	Rodriguez Romer		f	t	2026-12-31 14:59:04+00
9	pbkdf2_sha256$1200000$L4qbow9hZa21k4NqVapRmx$XQefb0VINg5zUBniudMn2Zio4MfmNAkza/bZOyniFtQ=	2026-02-04 23:40:36.205571+00	f	JACKIE@2026	Jackie Jared	Castro Hurtado		f	t	2027-01-01 03:40:06+00
23	pbkdf2_sha256$1200000$BS1OUXTMHMt5eKYxkfPEYz$/I+t80lk7w02dS8qoTacfKYzQQTTHjZdR9twTSKxpcU=	2026-02-11 13:41:45.907621+00	f	HANNARASHIEL@2026				f	t	2026-02-01 23:46:22.365255+00
27	pbkdf2_sha256$1200000$dcEPC8UrIbzlEqiKvJoFhx$s57j5zdtL7BNP/q//viuu89Hfe2DBfqw0++us04P/h0=	2026-02-10 19:12:00.505314+00	f	MATEOBENJAMIN@2026				f	t	2026-02-01 23:54:02.876846+00
6	pbkdf2_sha256$1200000$ff2ILESIzNR5S5exPUpri6$98TXQGf60nK6OfUv4lYHHEePTyqhdtbSXewLwnjj6h8=	2026-02-11 22:02:19.107967+00	f	DANIELA@2026	Daniela	Velasquez Romero		t	t	2027-01-01 03:20:23+00
42	pbkdf2_sha256$1200000$xMRpGLiNeAgMesVbGh0sKE$I6bTgegf/94UqCVMn9TKgZVlsP1kO2huaJd2/Toe3WA=	2026-02-10 21:59:58.213306+00	f	SAMIRALESSANDRO@2026				f	t	2026-02-10 21:58:00.452748+00
21	pbkdf2_sha256$1200000$VU4IFhWzpHQVpMqnKIuHnJ$ZSH5im/zwqjMf0eubpr3uXDqTW6zmMnW9TFKsyuI6pM=	2026-02-01 23:36:43.531866+00	f	JAIRDORIAN@2026				f	t	2026-02-01 23:28:36.415644+00
12	pbkdf2_sha256$1200000$A0QFvvegzKIfneaHaznCD0$iIjhcCZBOBFIeWUHs0XLHiOMbXhfNjHjbG8NgFjQmEE=	2026-02-07 15:34:15.573761+00	f	PAOLA@2026	Edith Paola	Chijo Pino		f	t	2026-12-31 14:53:39+00
36	pbkdf2_sha256$1200000$fToYSKPPxMlGJVh9KBeUc5$cDoD0hVMnkNuaJWjw2SSwkPmCDlJsqO34NpMeI7fSY0=	2026-02-09 17:16:21.469862+00	f	LILIAN@2026				f	t	2026-02-02 00:08:34.61397+00
22	pbkdf2_sha256$1200000$JijJ8vrT9O5pPva6l5J4V6$/7w9RYWXe2w3G+VqWcr1cgzADugelkPKbWnTzeyN5p8=	\N	f	BENJAMINJESUS@2026				f	t	2026-02-01 23:44:06.33278+00
39	pbkdf2_sha256$1200000$4rMO8zyilzUKiyMhCxy3ys$Tgsj4X5BFIPx0OMIEg0y2/ENpOkMFr2wPmhHhull4Zw=	2026-02-06 20:41:11.036774+00	f	IANJOSE@2026				f	t	2026-02-05 22:26:50.614004+00
15	pbkdf2_sha256$1200000$jCE7qmNvRzR9mbOG6vyPp5$wUlAJFo8jysaJt7G8nU3laQXqf4+2UoU4UbIJVH+r2w=	2026-02-05 23:54:58.473324+00	f	DAYANA@2026	Dayana	Armijo Torrez		f	t	2026-12-31 14:56:44+00
17	pbkdf2_sha256$1200000$7CCkuLv16uzymymlip71Ss$uKmItTPRfw5E7vvvX5yZXitCvPHYuNwTAS0nl/x3ofY=	2026-02-02 14:09:37.521208+00	f	MICHELLE@2026	Michelle Andrea	Gonzales Padilla		f	t	2026-12-31 15:11:55+00
11	pbkdf2_sha256$1200000$3vICIvTQSkueygX1ZqWQhI$2gFoJK9Vq5/a78jTXIo0L3lEfWJ9sTauCV5V5Zn9MHk=	2026-02-11 02:42:10.554448+00	f	ARIANA@2026	Liset Ariana	Olivares Choque		f	t	2026-12-31 14:49:23+00
31	pbkdf2_sha256$1200000$x2yg3HCa8wypoiqgDHdQMj$Ef4LmJYp13w8Wu5EhyUBkXh1ayRWLKaKXIIncVFinY8=	2026-02-11 15:50:04.832175+00	f	ANDREFABRICIO@2026				f	t	2026-02-02 00:02:13.409709+00
41	pbkdf2_sha256$1200000$L6hDhi7VuOJqN23hzZk1wN$tud4ZSpnc1Gm9BzdunkhJAm9nHGTS+85c4jR1L/JWkw=	2026-02-09 23:31:37.164569+00	f	JHULYPATRICIA@2026	Jhuly Patricia	Coro Veliz		f	t	2026-12-31 23:20:40+00
14	pbkdf2_sha256$1200000$jfCZ080cENyZgC9OSiPDC4$CzAw7OwuVa2hav8tUpf7JwbZPLtq0JEe0EKUy1g1kIs=	2026-02-12 19:18:32.069002+00	f	ALEJANDRA@2026	Alejandra Emilia	Aramayo Contreras		f	t	2026-12-31 14:55:59+00
1	pbkdf2_sha256$1200000$b7w9JlxoVt3f0v2ZDsGR56$kFZKFvJHjDwUsWoixCfJrDzPJ2MLux53lyON10NihCQ=	2026-02-13 09:22:26.827663+00	t	admin				t	t	2025-12-26 23:51:58.481187+00
43	pbkdf2_sha256$1200000$qLAhv068crsdX4EhNeyaD5$tszAy8cMDBcfuRY0PkPk/NQRMP8h7YOv1YFgAh/Cb1M=	2026-02-12 00:26:46.704712+00	f	ALISONMISHEL@2026				f	t	2026-02-11 22:58:16.977251+00
\.


--
-- Data for Name: auth_user_groups; Type: TABLE DATA; Schema: public; Owner: centro_misael_user
--

COPY public.auth_user_groups (id, user_id, group_id) FROM stdin;
\.


--
-- Data for Name: auth_user_user_permissions; Type: TABLE DATA; Schema: public; Owner: centro_misael_user
--

COPY public.auth_user_user_permissions (id, user_id, permission_id) FROM stdin;
1	5	1
2	5	2
3	5	3
4	5	4
5	5	5
6	5	6
7	5	7
8	5	8
9	5	9
10	5	10
11	5	11
12	5	12
13	5	13
14	5	14
15	5	15
16	5	16
17	5	17
18	5	18
19	5	19
20	5	20
21	5	21
22	5	22
23	5	23
24	5	24
25	5	25
26	5	26
27	5	27
28	5	28
29	5	29
30	5	30
31	5	31
32	5	32
33	5	33
34	5	34
35	5	35
36	5	36
37	5	37
38	5	38
39	5	39
40	5	40
41	5	41
42	5	42
43	5	43
44	5	44
45	5	45
46	5	46
47	5	47
48	5	48
49	5	49
50	5	50
51	5	51
52	5	52
53	5	53
54	5	54
55	5	55
56	5	56
57	5	57
58	5	58
59	5	59
60	5	60
61	5	61
62	5	62
63	5	63
64	5	64
65	5	65
66	5	66
67	5	67
68	5	68
69	5	69
70	5	70
71	5	71
72	5	72
73	6	1
74	6	2
75	6	3
76	6	4
77	6	5
78	6	6
79	6	7
80	6	8
81	6	9
82	6	10
83	6	11
84	6	12
85	6	13
86	6	14
87	6	15
88	6	16
89	6	17
90	6	18
91	6	19
92	6	20
93	6	21
94	6	22
95	6	23
96	6	24
97	6	25
98	6	26
99	6	27
100	6	28
101	6	29
102	6	30
103	6	31
104	6	32
105	6	33
106	6	34
107	6	35
108	6	36
109	6	37
110	6	38
111	6	39
112	6	40
113	6	41
114	6	42
115	6	43
116	6	44
117	6	45
118	6	46
119	6	47
120	6	48
121	6	49
122	6	50
123	6	51
124	6	52
125	6	53
126	6	54
127	6	55
128	6	56
129	6	57
130	6	58
131	6	59
132	6	60
133	6	61
134	6	62
135	6	63
136	6	64
137	6	65
138	6	66
139	6	67
140	6	68
141	6	69
142	6	70
143	6	71
144	6	72
\.


--
-- Data for Name: core_perfilusuario; Type: TABLE DATA; Schema: public; Owner: centro_misael_user
--

COPY public.core_perfilusuario (id, rol, activo, fecha_creacion, fecha_modificacion, profesional_id, user_id, paciente_id) FROM stdin;
8	profesional	t	2026-01-12 03:40:09.157305+00	2026-01-16 01:29:54.21194+00	4	9	\N
13	profesional	t	2026-01-12 14:56:03.029887+00	2026-01-16 21:24:23.246193+00	9	14	\N
16	profesional	t	2026-01-12 15:11:58.427774+00	2026-01-16 22:55:50.46878+00	12	17	\N
15	profesional	t	2026-01-12 14:59:07.49226+00	2026-01-16 22:57:00.302259+00	11	16	\N
14	profesional	t	2026-01-12 14:56:47.001824+00	2026-01-16 22:57:49.465995+00	8	15	\N
12	profesional	t	2026-01-12 14:54:18.8939+00	2026-01-16 22:58:20.260061+00	10	13	\N
11	profesional	t	2026-01-12 14:53:42.692224+00	2026-01-16 23:00:14.426174+00	7	12	\N
10	profesional	t	2026-01-12 14:49:26.300231+00	2026-01-16 23:00:39.544277+00	5	11	\N
9	profesional	t	2026-01-12 14:49:21.850757+00	2026-01-16 23:01:08.402708+00	6	10	\N
7	profesional	t	2026-01-12 03:32:31.796752+00	2026-01-16 23:01:36.280243+00	3	8	\N
18	profesional	t	2026-01-16 23:03:07.007651+00	2026-01-16 23:10:46.227426+00	13	19	\N
5	recepcionista	t	2026-01-12 03:20:25.701798+00	2026-01-19 19:17:39.969737+00	\N	6	\N
4	recepcionista	f	2026-01-12 03:14:28.296791+00	2026-02-01 23:09:38.574593+00	\N	5	\N
30	paciente	t	2026-02-02 00:02:16.540021+00	2026-02-02 00:17:57.432935+00	\N	31	21
33	paciente	t	2026-02-02 00:06:14.74308+00	2026-02-02 00:18:30.01666+00	\N	34	61
34	paciente	t	2026-02-02 00:07:08.939856+00	2026-02-02 00:19:05.496741+00	\N	35	60
21	paciente	t	2026-02-01 23:44:08.544496+00	2026-02-02 00:19:31.132344+00	\N	22	11
36	paciente	t	2026-02-02 00:10:19.734315+00	2026-02-02 00:20:39.929965+00	\N	37	13
23	paciente	t	2026-02-01 23:48:02.133402+00	2026-02-02 00:21:06.450344+00	\N	24	9
22	paciente	t	2026-02-01 23:46:24.943925+00	2026-02-02 00:21:40.950717+00	\N	23	10
20	paciente	t	2026-02-01 23:28:38.543133+00	2026-02-02 00:22:45.829374+00	\N	21	83
27	paciente	t	2026-02-01 23:56:32.341035+00	2026-02-02 00:23:12.632154+00	\N	28	84
32	paciente	t	2026-02-02 00:05:06.641482+00	2026-02-02 00:23:46.32432+00	\N	33	25
25	paciente	t	2026-02-01 23:52:25.632552+00	2026-02-02 00:26:34.438021+00	\N	26	72
26	paciente	t	2026-02-01 23:54:05.234253+00	2026-02-02 00:27:02.33566+00	\N	27	4
28	paciente	t	2026-02-01 23:58:14.636925+00	2026-02-02 00:27:29.136973+00	\N	29	12
29	paciente	t	2026-02-01 23:59:22.533495+00	2026-02-02 00:27:54.930769+00	\N	30	62
37	paciente	t	2026-02-02 00:11:28.03181+00	2026-02-02 00:29:14.781235+00	\N	38	16
24	paciente	t	2026-02-01 23:50:28.338184+00	2026-02-02 00:29:45.155069+00	\N	25	14
35	paciente	t	2026-02-02 00:08:36.740386+00	2026-02-04 01:32:44.256086+00	\N	36	20
38	paciente	t	2026-02-05 22:26:53.068646+00	2026-02-06 20:39:19.787594+00	\N	39	18
31	paciente	t	2026-02-02 00:04:00.031485+00	2026-02-09 19:17:45.897203+00	\N	32	15
39	paciente	t	2026-02-09 20:44:38.609879+00	2026-02-09 20:44:38.609896+00	\N	40	92
40	profesional	t	2026-02-09 23:20:43.052877+00	2026-02-09 23:30:35.588555+00	14	41	\N
41	paciente	t	2026-02-10 21:58:03.214492+00	2026-02-10 21:58:03.214502+00	\N	42	104
42	paciente	t	2026-02-11 22:58:19.398284+00	2026-02-11 22:58:19.398298+00	\N	43	74
19	paciente	t	2026-02-01 23:21:22.731269+00	2026-02-12 14:51:56.218155+00	\N	20	85
\.


--
-- Data for Name: core_perfilusuario_sucursales; Type: TABLE DATA; Schema: public; Owner: centro_misael_user
--

COPY public.core_perfilusuario_sucursales (id, perfilusuario_id, sucursal_id) FROM stdin;
1	5	4
2	4	3
3	13	3
4	16	4
5	15	3
6	15	4
7	14	4
8	12	4
9	11	3
10	10	4
11	9	3
12	7	3
13	18	4
14	40	4
\.


--
-- Data for Name: django_admin_log; Type: TABLE DATA; Schema: public; Owner: centro_misael_user
--

COPY public.django_admin_log (id, action_time, object_id, object_repr, action_flag, change_message, content_type_id, user_id) FROM stdin;
1	2025-12-27 00:19:26.15193+00	1	Japon	1	[{"added": {}}]	10	1
2	2025-12-27 00:19:56.855614+00	1	Psicología - Bs. 50	1	[{"added": {}}]	11	1
3	2025-12-27 00:20:52.34796+00	2	jackiecastro	1	[{"added": {}}]	4	1
4	2025-12-27 00:21:05.653196+00	2	jackiecastro	2	[]	4	1
5	2025-12-27 00:23:33.684898+00	1	Castro, Jackie	1	[{"added": {}}]	14	1
6	2025-12-27 00:24:17.639508+00	1	jackiecastro - Profesional	2	[{"changed": {"fields": ["Rol", "Profesional"]}}]	7	1
7	2025-12-27 00:26:12.295696+00	1	Alessia Nogales castro (15 años)	1	[{"added": {}}, {"added": {"name": "Servicio del Paciente", "object": "Alessia Nogales castro - Psicolog\\u00eda"}}]	8	1
8	2025-12-27 01:30:36.866745+00	1	Efectivo	1	[{"added": {}}]	17	1
9	2025-12-27 01:30:50.366324+00	2	QR	1	[{"added": {}}]	17	1
10	2025-12-27 01:31:00.088557+00	3	Transferencia	1	[{"added": {}}]	17	1
11	2025-12-27 01:31:17.165921+00	4	Uso de Crédito	1	[{"added": {}}]	17	1
12	2025-12-27 01:31:53.214836+00	5	Crédito/Saldo a favor	1	[{"added": {}}]	17	1
13	2025-12-31 02:22:29.284264+00	2	MILLARES	1	[{"added": {}}]	10	1
14	2025-12-31 02:23:10.183632+00	2	FISIOTERAPIA - Bs. 50	1	[{"added": {}}]	11	1
15	2025-12-31 02:25:13.605572+00	2	OLIVARES, ARIANA	1	[{"added": {}}]	14	1
16	2025-12-31 02:27:43.387513+00	3	arianaolivares	1	[{"added": {}}]	4	1
17	2025-12-31 02:28:28.096769+00	3	arianaolivares	2	[]	4	1
18	2025-12-31 02:30:36.186842+00	2	arianaolivares - Profesional	2	[{"changed": {"fields": ["Rol", "Profesional"]}}]	7	1
19	2025-12-31 02:35:02.797706+00	2	ANTHONY NOGALES CASTRO (5 años)	1	[{"added": {}}, {"added": {"name": "Servicio del Paciente", "object": "ANTHONY NOGALES CASTRO - FISIOTERAPIA"}}, {"added": {"name": "Servicio del Paciente", "object": "ANTHONY NOGALES CASTRO - Psicolog\\u00eda"}}]	8	1
20	2025-12-31 03:36:35.706761+00	3	PSICOPEDAGOGIA - Bs. 50	1	[{"added": {}}]	11	1
21	2026-01-12 01:38:28.069542+00	1	EVAL-0001 - Evaluación 5 (Alessia Nogales castro (15 años))	3		12	1
22	2026-01-12 01:38:42.111132+00	2	EVAL-0002 - EVALUACION COMPLETA ADIR 5 (ANTHONY NOGALES CASTRO (5 años))	3		12	1
23	2026-01-12 01:39:17.04276+00	24	2025-12-01 12:00:00 - Alessia Nogales castro (15 años) - Psicología - Bs. 50.00	3		13	1
24	2026-01-12 01:39:17.04285+00	10	2025-12-01 15:00:00 - Alessia Nogales castro (15 años) - Psicología - Bs. 50.00	3		13	1
25	2026-01-12 01:39:17.042893+00	33	2025-12-02 15:00:00 - ANTHONY NOGALES CASTRO (5 años) - Psicología - Bs. 50.00	3		13	1
26	2026-01-12 01:39:17.042933+00	1	2025-12-02 22:00:00 - Alessia Nogales castro (15 años) - Psicología - Bs. 50.00	3		13	1
27	2026-01-12 01:39:17.042974+00	11	2025-12-03 15:00:00 - Alessia Nogales castro (15 años) - Psicología - Bs. 50.00	3		13	1
28	2026-01-12 01:39:17.043039+00	25	2025-12-04 12:00:00 - Alessia Nogales castro (15 años) - Psicología - Bs. 50.00	3		13	1
29	2026-01-12 01:39:17.043076+00	34	2025-12-04 15:00:00 - ANTHONY NOGALES CASTRO (5 años) - Psicología - Bs. 50.00	3		13	1
30	2026-01-12 01:39:17.04311+00	2	2025-12-04 22:00:00 - Alessia Nogales castro (15 años) - Psicología - Bs. 50.00	3		13	1
31	2026-01-12 01:39:17.043158+00	12	2025-12-05 15:00:00 - Alessia Nogales castro (15 años) - Psicología - Bs. 50.00	3		13	1
32	2026-01-12 01:39:17.043198+00	26	2025-12-08 12:00:00 - Alessia Nogales castro (15 años) - Psicología - Bs. 50.00	3		13	1
33	2026-01-12 01:39:17.043232+00	13	2025-12-08 15:00:00 - Alessia Nogales castro (15 años) - Psicología - Bs. 50.00	3		13	1
34	2026-01-12 01:39:17.043263+00	35	2025-12-09 15:00:00 - ANTHONY NOGALES CASTRO (5 años) - Psicología - Bs. 50.00	3		13	1
35	2026-01-12 01:39:17.043296+00	3	2025-12-09 22:00:00 - Alessia Nogales castro (15 años) - Psicología - Bs. 50.00	3		13	1
36	2026-01-12 01:39:17.043335+00	14	2025-12-10 15:00:00 - Alessia Nogales castro (15 años) - Psicología - Bs. 50.00	3		13	1
37	2026-01-12 01:39:17.043372+00	27	2025-12-11 12:00:00 - Alessia Nogales castro (15 años) - Psicología - Bs. 50.00	3		13	1
38	2026-01-12 01:39:17.043407+00	36	2025-12-11 15:00:00 - ANTHONY NOGALES CASTRO (5 años) - Psicología - Bs. 50.00	3		13	1
39	2026-01-12 01:39:17.043437+00	4	2025-12-11 22:00:00 - Alessia Nogales castro (15 años) - Psicología - Bs. 50.00	3		13	1
40	2026-01-12 01:39:17.043467+00	15	2025-12-12 15:00:00 - Alessia Nogales castro (15 años) - Psicología - Bs. 50.00	3		13	1
41	2026-01-12 01:39:17.043502+00	28	2025-12-15 12:00:00 - Alessia Nogales castro (15 años) - Psicología - Bs. 50.00	3		13	1
42	2026-01-12 01:39:17.043539+00	16	2025-12-15 15:00:00 - Alessia Nogales castro (15 años) - Psicología - Bs. 50.00	3		13	1
43	2026-01-12 01:39:17.043573+00	37	2025-12-16 15:00:00 - ANTHONY NOGALES CASTRO (5 años) - Psicología - Bs. 50.00	3		13	1
44	2026-01-12 01:39:17.043605+00	5	2025-12-16 22:00:00 - Alessia Nogales castro (15 años) - Psicología - Bs. 50.00	3		13	1
45	2026-01-12 01:39:17.043635+00	17	2025-12-17 15:00:00 - Alessia Nogales castro (15 años) - Psicología - Bs. 50.00	3		13	1
46	2026-01-12 01:39:17.04367+00	29	2025-12-18 12:00:00 - Alessia Nogales castro (15 años) - Psicología - Bs. 50.00	3		13	1
47	2026-01-12 01:39:17.043709+00	38	2025-12-18 15:00:00 - ANTHONY NOGALES CASTRO (5 años) - Psicología - Bs. 50.00	3		13	1
48	2026-01-12 01:39:17.043738+00	6	2025-12-18 22:00:00 - Alessia Nogales castro (15 años) - Psicología - Bs. 50.00	3		13	1
49	2026-01-12 01:39:17.043764+00	18	2025-12-19 15:00:00 - Alessia Nogales castro (15 años) - Psicología - Bs. 50.00	3		13	1
50	2026-01-12 01:39:17.043788+00	30	2025-12-22 12:00:00 - Alessia Nogales castro (15 años) - Psicología - Bs. 50.00	3		13	1
51	2026-01-12 01:39:17.043819+00	19	2025-12-22 15:00:00 - Alessia Nogales castro (15 años) - Psicología - Bs. 50.00	3		13	1
52	2026-01-12 01:39:17.043845+00	39	2025-12-23 15:00:00 - ANTHONY NOGALES CASTRO (5 años) - Psicología - Bs. 50.00	3		13	1
53	2026-01-12 01:39:17.043878+00	7	2025-12-23 22:00:00 - Alessia Nogales castro (15 años) - Psicología - Bs. 50.00	3		13	1
54	2026-01-12 01:39:17.043911+00	20	2025-12-24 15:00:00 - Alessia Nogales castro (15 años) - Psicología - Bs. 50.00	3		13	1
55	2026-01-12 01:39:17.043941+00	31	2025-12-25 12:00:00 - Alessia Nogales castro (15 años) - Psicología - Bs. 50.00	3		13	1
56	2026-01-12 01:39:17.04397+00	40	2025-12-25 15:00:00 - ANTHONY NOGALES CASTRO (5 años) - Psicología - Bs. 50.00	3		13	1
57	2026-01-12 01:39:17.044034+00	8	2025-12-25 22:00:00 - Alessia Nogales castro (15 años) - Psicología - Bs. 50.00	3		13	1
58	2026-01-12 01:39:17.044081+00	21	2025-12-26 15:00:00 - Alessia Nogales castro (15 años) - Psicología - Bs. 50.00	3		13	1
59	2026-01-12 01:39:17.044117+00	32	2025-12-29 12:00:00 - Alessia Nogales castro (15 años) - Psicología - Bs. 50.00	3		13	1
60	2026-01-12 01:39:17.04417+00	22	2025-12-29 15:00:00 - Alessia Nogales castro (15 años) - Psicología - Bs. 50.00	3		13	1
61	2026-01-12 01:39:17.044207+00	41	2025-12-30 15:00:00 - Alessia Nogales castro (15 años) - Psicología - Bs. 50.00	3		13	1
62	2026-01-12 01:39:17.044256+00	9	2025-12-30 22:00:00 - Alessia Nogales castro (15 años) - Psicología - Bs. 50.00	3		13	1
63	2026-01-12 01:39:17.04429+00	23	2025-12-31 15:00:00 - Alessia Nogales castro (15 años) - Psicología - Bs. 50.00	3		13	1
64	2026-01-12 01:40:05.131354+00	3	arianaolivares	3		4	1
65	2026-01-12 01:40:05.131418+00	2	jackiecastro	3		4	1
66	2026-01-12 01:40:34.765956+00	2	CC ANTHONY NOGALES CASTRO (5 años) - Saldo: Bs. 0.00	3		15	1
67	2026-01-12 01:40:34.766096+00	1	CC Alessia Nogales castro (15 años) - Saldo: Bs. 7150.00	3		15	1
68	2026-01-12 01:41:18.486789+00	9	Pago REC-0008 - ANTHONY NOGALES CASTRO (5 años) - A cuenta - Bs. 1000.00	3		18	1
69	2026-01-12 01:41:18.486859+00	8	Pago REC-0007 - Alessia Nogales castro (15 años) - A cuenta - Bs. 50.00	3		18	1
70	2026-01-12 01:41:18.48689+00	7	Pago REC-0006 - Alessia Nogales castro (15 años) - A cuenta - Bs. 5000.00	3		18	1
71	2026-01-12 01:41:18.486916+00	6	Pago REC-0005 - Alessia Nogales castro (15 años) - A cuenta - Bs. 1000.00	3		18	1
72	2026-01-12 01:41:18.486942+00	5	Pago REC-0004 - Alessia Nogales castro (15 años) - A cuenta - Bs. 50.00	3		18	1
73	2026-01-12 01:41:18.48697+00	4	Pago REC-0003 - Alessia Nogales castro (15 años) - A cuenta - Bs. 50.00	3		18	1
74	2026-01-12 01:41:18.486996+00	3	Pago CREDITO-20251226-2 - Alessia Nogales castro (15 años) - A cuenta - Bs. 50.00	3		18	1
75	2026-01-12 01:41:18.487049+00	2	Pago REC-0002 - Alessia Nogales castro (15 años) - A cuenta - Bs. 1000.00	3		18	1
76	2026-01-12 01:41:18.487076+00	1	Pago REC-0001 - Alessia Nogales castro (15 años) - A cuenta - Bs. 50.00	3		18	1
77	2026-01-12 01:46:18.497343+00	1	Alessia Nogales castro (15 años)	3		8	1
78	2026-01-12 01:46:18.497433+00	2	ANTHONY NOGALES CASTRO (5 años)	3		8	1
79	2026-01-12 01:47:09.605309+00	2	OLIVARES, ARIANA	3		14	1
80	2026-01-12 01:47:35.952927+00	2	FISIOTERAPIA - Bs. 50.00	3		11	1
81	2026-01-12 01:47:35.952985+00	1	Psicología - Bs. 50.00	3		11	1
82	2026-01-12 01:47:35.953032+00	3	PSICOPEDAGOGIA - Bs. 50.00	3		11	1
83	2026-01-12 01:47:57.285644+00	1	Japon	3		10	1
84	2026-01-12 01:47:57.285705+00	2	MILLARES	3		10	1
85	2026-01-12 01:56:53.72166+00	3	Suc. Japon Centro de Neurodesarrollo Infantil "MISAEL"	1	[{"added": {}}]	10	1
86	2026-01-12 01:58:26.177973+00	4	Suc. Millares - Centro de Neurodesarrollo Infantil "MISAEL"	1	[{"added": {}}]	10	1
87	2026-01-12 02:00:23.896272+00	3	Suc. Japon - Centro de Neurodesarrollo Infantil "MISAEL"	2	[{"changed": {"fields": ["Nombre"]}}]	10	1
88	2026-01-12 02:33:36.77968+00	4	PSICOLOGIA INFANTIL - Bs. 70	1	[{"added": {}}]	11	1
89	2026-01-12 02:35:58.356696+00	5	PSICOLOGIA ADOLESCENTES - Bs. 70	1	[{"added": {}}]	11	1
90	2026-01-12 02:37:48.351654+00	6	TERAPIA DE LENGUAJE/FONOAUDIOLOGIA - Bs. 70	1	[{"added": {}}]	11	1
91	2026-01-12 02:38:52.533087+00	7	PSICOPEDAGOGIA - Bs. 50	1	[{"added": {}}]	11	1
92	2026-01-12 02:41:07.361354+00	8	FISIOTERAPIA Y REHABILITACION - Bs. 50	1	[{"added": {}}]	11	1
93	2026-01-12 02:47:44.322975+00	9	PSICOMOTRICIDAD - Bs. 50	1	[{"added": {}}]	11	1
94	2026-01-12 02:50:04.854662+00	10	TERAPIA OCUPACIONAL/INDEPENDENCIA PERSONAL - Bs. 50	1	[{"added": {}}]	11	1
95	2026-01-12 02:51:58.669042+00	11	TERAPIA DE INTEGRACION SENSORIAL - Bs. 70	1	[{"added": {}}]	11	1
96	2026-01-12 02:55:15.482204+00	12	APOYO ESCOLAR - Bs. 20	1	[{"added": {}}]	11	1
97	2026-01-12 02:58:43.83587+00	13	ESTIMULACION TEMPRANA - Bs. 50	1	[{"added": {}}]	11	1
98	2026-01-12 03:00:17.042892+00	14	HIDROTERAPIA (0 a 4 años) - Bs. 100	1	[{"added": {}}]	11	1
99	2026-01-12 03:09:26.828642+00	4	DAYAN@2026	1	[{"added": {}}]	4	1
100	2026-01-12 03:12:00.559043+00	4	DAYAN@2026	3		4	1
101	2026-01-12 03:14:28.355641+00	5	DAYAN@2026	1	[{"added": {}}]	4	1
102	2026-01-12 03:17:24.281564+00	5	DAYAN@2026	2	[{"changed": {"fields": ["First name", "Last name", "Superuser status", "User permissions", "Date joined"]}}]	4	1
103	2026-01-12 03:20:25.759903+00	6	DANIELA@20226	1	[{"added": {}}]	4	1
104	2026-01-12 03:21:32.128052+00	6	DANIELA@20226	2	[{"changed": {"fields": ["First name", "Last name", "Staff status", "Superuser status", "User permissions", "Date joined"]}}]	4	1
105	2026-01-12 03:22:40.715243+00	5	DAYAN@2026	2	[{"changed": {"fields": ["Staff status"]}}]	4	1
106	2026-01-12 03:30:41.59508+00	7	PATRICIA@20226	1	[{"added": {}}]	4	1
107	2026-01-12 03:31:36.178107+00	7	PATRICIA@20226	3		4	1
108	2026-01-12 03:32:31.854728+00	8	PATRICIA@2026	1	[{"added": {}}]	4	1
109	2026-01-12 03:34:23.194619+00	8	PATRICIA@2026	2	[{"changed": {"fields": ["First name", "Last name", "Date joined"]}}]	4	1
110	2026-01-12 03:36:11.220208+00	6	DANIELA@2026	2	[{"changed": {"fields": ["Username"]}}]	4	1
111	2026-01-12 03:38:40.068815+00	3	Cuevas Peña, Patricia Paola	1	[{"added": {}}]	14	1
112	2026-01-12 03:40:09.219601+00	9	JACKIE@2026	1	[{"added": {}}]	4	1
113	2026-01-12 03:41:11.440758+00	9	JACKIE@2026	2	[{"changed": {"fields": ["First name", "Last name", "Date joined"]}}]	4	1
114	2026-01-12 03:43:35.53446+00	4	Castro Hurtado, Jackie Jared	1	[{"added": {}}]	14	1
115	2026-01-12 14:37:50.10157+00	5	DAYAN@2026	2	[{"changed": {"fields": ["password"]}}]	4	1
116	2026-01-12 14:38:50.636693+00	6	DANIELA@2026	2	[{"changed": {"fields": ["password"]}}]	4	1
117	2026-01-12 14:49:21.902661+00	10	EMILY@2026	1	[{"added": {}}]	4	5
118	2026-01-12 14:49:26.359791+00	11	ARIANA@2026	1	[{"added": {}}]	4	6
119	2026-01-12 14:52:05.515449+00	10	EMILY@2026	2	[{"changed": {"fields": ["First name", "Last name", "Date joined"]}}]	4	5
120	2026-01-12 14:52:06.873195+00	11	ARIANA@2026	2	[{"changed": {"fields": ["First name", "Last name", "Date joined"]}}]	4	6
121	2026-01-12 14:53:42.752953+00	12	PAOLA@2026	1	[{"added": {}}]	4	5
122	2026-01-12 14:54:18.947824+00	13	MARIA@2026	1	[{"added": {}}]	4	6
123	2026-01-12 14:54:24.695919+00	12	PAOLA@2026	2	[{"changed": {"fields": ["First name", "Last name", "Date joined"]}}]	4	5
124	2026-01-12 14:55:50.445091+00	13	MARIA@2026	2	[{"changed": {"fields": ["password"]}}]	4	1
125	2026-01-12 14:56:03.098067+00	14	ALEJANDRA@2026	1	[{"added": {}}]	4	5
126	2026-01-12 14:56:37.656003+00	13	MARIA@2026	2	[{"changed": {"fields": ["First name", "Last name", "Date joined"]}}]	4	1
127	2026-01-12 14:56:47.050175+00	15	DAYANA@2026	1	[{"added": {}}]	4	6
128	2026-01-12 14:56:53.179344+00	14	ALEJANDRA@2026	2	[{"changed": {"fields": ["First name", "Last name", "Date joined"]}}]	4	5
129	2026-01-12 14:57:31.615266+00	15	DAYANA@2026	2	[{"changed": {"fields": ["First name", "Last name", "Date joined"]}}]	4	6
130	2026-01-12 14:57:50.261901+00	8	PATRICIA@2026	2	[]	4	5
131	2026-01-12 14:59:02.833874+00	8	PATRICIA@2026	2	[{"changed": {"fields": ["password"]}}]	4	1
132	2026-01-12 14:59:07.541846+00	16	GABRIELA@2026	1	[{"added": {}}]	4	6
133	2026-01-12 14:59:30.526136+00	8	PATRICIA@2026	2	[]	4	1
134	2026-01-12 14:59:45.221234+00	16	GABRIELA@2026	2	[{"changed": {"fields": ["First name", "Last name", "Date joined"]}}]	4	6
135	2026-01-12 15:03:11.04903+00	5	Olivares Choque, Liset Ariana	1	[{"added": {}}]	14	6
136	2026-01-12 15:03:12.76223+00	6	Arando Carvajal, Emily Claret	1	[{"added": {}}]	14	5
137	2026-01-12 15:04:50.964988+00	7	Chijo Pino, Edith Paola	1	[{"added": {}}]	14	5
138	2026-01-12 15:05:26.242871+00	8	Armijo Torrez, Dayana	1	[{"added": {}}]	14	6
139	2026-01-12 15:06:22.159987+00	9	Aramayo Contreras, Alejandra Emilia	1	[{"added": {}}]	14	5
140	2026-01-12 15:07:27.491461+00	10	Rodriguez Romero, Maria Lourdes	1	[{"added": {}}]	14	6
141	2026-01-12 15:09:46.370539+00	11	Rodriguez Romero, Ana Gabriela	1	[{"added": {}}]	14	6
142	2026-01-12 15:11:58.488275+00	17	MICHELLE@2026	1	[{"added": {}}]	4	6
143	2026-01-12 15:13:51.637349+00	17	MICHELLE@2026	2	[{"changed": {"fields": ["First name", "Last name", "Date joined"]}}]	4	6
144	2026-01-12 15:16:38.666033+00	12	Gonzales Padilla, Michelle Andrea	1	[{"added": {}}]	14	6
145	2026-01-12 15:28:20.13802+00	3	Nathalie Ariana Barriga Flores (4 años)	1	[{"added": {}}, {"added": {"name": "Servicio del Paciente", "object": "Nathalie Ariana Barriga Flores - TERAPIA OCUPACIONAL/INDEPENDENCIA PERSONAL"}}, {"added": {"name": "Servicio del Paciente", "object": "Nathalie Ariana Barriga Flores - TERAPIA DE LENGUAJE/FONOAUDIOLOGIA"}}, {"added": {"name": "Servicio del Paciente", "object": "Nathalie Ariana Barriga Flores - PSICOLOGIA INFANTIL"}}, {"added": {"name": "Servicio del Paciente", "object": "Nathalie Ariana Barriga Flores - TERAPIA DE INTEGRACION SENSORIAL"}}, {"added": {"name": "Servicio del Paciente", "object": "Nathalie Ariana Barriga Flores - PSICOPEDAGOGIA"}}]	8	1
146	2026-01-12 15:28:23.77205+00	4	Mateo Benjamin Coro Astete (3 años)	1	[{"added": {}}, {"added": {"name": "Servicio del Paciente", "object": "Mateo Benjamin Coro Astete - TERAPIA OCUPACIONAL/INDEPENDENCIA PERSONAL"}}, {"added": {"name": "Servicio del Paciente", "object": "Mateo Benjamin Coro Astete - PSICOLOGIA INFANTIL"}}, {"added": {"name": "Servicio del Paciente", "object": "Mateo Benjamin Coro Astete - TERAPIA DE LENGUAJE/FONOAUDIOLOGIA"}}, {"added": {"name": "Servicio del Paciente", "object": "Mateo Benjamin Coro Astete - PSICOPEDAGOGIA"}}, {"added": {"name": "Servicio del Paciente", "object": "Mateo Benjamin Coro Astete - PSICOMOTRICIDAD"}}]	8	5
147	2026-01-12 15:29:16.664527+00	5	Erick Ramirez Olmedo (5 años)	1	[{"added": {}}, {"added": {"name": "Servicio del Paciente", "object": "Erick Ramirez Olmedo - TERAPIA DE LENGUAJE/FONOAUDIOLOGIA"}}, {"added": {"name": "Servicio del Paciente", "object": "Erick Ramirez Olmedo - APOYO ESCOLAR"}}, {"added": {"name": "Servicio del Paciente", "object": "Erick Ramirez Olmedo - PSICOPEDAGOGIA"}}]	8	6
148	2026-01-12 15:52:19.957314+00	42	2026-01-12 14:30:00 - Nathalie Ariana Barriga Flores (4 años) - TERAPIA DE LENGUAJE/FONOAUDIOLOGIA - Bs. 70.00	1	[{"added": {}}]	13	1
149	2026-01-12 15:52:21.748873+00	43	2026-01-14 16:30:00 - Erick Ramirez Olmedo (5 años) - TERAPIA DE LENGUAJE/FONOAUDIOLOGIA - Bs. 70.00	1	[{"added": {}}]	13	6
150	2026-01-12 15:52:27.758436+00	44	2026-01-12 14:30:00 - Mateo Benjamin Coro Astete (3 años) - TERAPIA DE LENGUAJE/FONOAUDIOLOGIA - Bs. 70.00	1	[{"added": {}}]	13	5
151	2026-01-12 15:57:07.650014+00	6	Alessia Juliette Fuertes Escalante (0 años)	1	[{"added": {}}, {"added": {"name": "Servicio del Paciente", "object": "Alessia Juliette Fuertes Escalante - FISIOTERAPIA Y REHABILITACION"}}]	8	5
152	2026-01-12 15:57:12.219251+00	7	Dante Aguirre Alcaraz (5 años)	1	[{"added": {}}, {"added": {"name": "Servicio del Paciente", "object": "Dante Aguirre Alcaraz - ESTIMULACION TEMPRANA"}}]	8	6
153	2026-01-12 16:00:12.419391+00	3	EVAL-0001 - Evaluacion de Fisioterapia (Alessia Juliette Fuertes Escalante (0 años))	1	[{"added": {}}]	12	5
154	2026-01-12 16:01:19.076596+00	4	EVAL-0004 - Evaluacion Infantil (Dante Aguirre Alcaraz (5 años))	1	[{"added": {}}]	12	6
155	2026-01-12 16:04:19.271151+00	3	Nathalie Ariana Barriga Flores (4 años)	2	[]	8	6
156	2026-01-12 20:27:24.736343+00	8	Jared Maykel Flores Veliz (3 años)	1	[{"added": {}}, {"added": {"name": "Servicio del Paciente", "object": "Jared Maykel Flores Veliz - TERAPIA DE LENGUAJE/FONOAUDIOLOGIA"}}, {"added": {"name": "Servicio del Paciente", "object": "Jared Maykel Flores Veliz - PSICOLOGIA INFANTIL"}}, {"added": {"name": "Servicio del Paciente", "object": "Jared Maykel Flores Veliz - PSICOMOTRICIDAD"}}, {"added": {"name": "Servicio del Paciente", "object": "Jared Maykel Flores Veliz - TERAPIA OCUPACIONAL/INDEPENDENCIA PERSONAL"}}, {"added": {"name": "Servicio del Paciente", "object": "Jared Maykel Flores Veliz - PSICOPEDAGOGIA"}}]	8	5
157	2026-01-12 20:28:35.331073+00	4	Mateo Benjamin Coro Astete (3 años)	2	[{"changed": {"fields": ["Diagnostico"]}}]	8	5
158	2026-01-12 20:32:10.670293+00	9	Elena Marcy Coro Astete (2 años)	1	[{"added": {}}, {"added": {"name": "Servicio del Paciente", "object": "Elena Marcy Coro Astete - ESTIMULACION TEMPRANA"}}]	8	5
159	2026-01-12 20:35:06.029889+00	10	Hanna Rashiel Merida Carata (2 años)	1	[{"added": {}}, {"added": {"name": "Servicio del Paciente", "object": "Hanna Rashiel Merida Carata - FISIOTERAPIA Y REHABILITACION"}}, {"added": {"name": "Servicio del Paciente", "object": "Hanna Rashiel Merida Carata - ESTIMULACION TEMPRANA"}}]	8	5
160	2026-01-12 20:41:09.994856+00	10	Hanna Rashiel Merida Carata (2 años)	2	[]	8	5
161	2026-01-12 20:43:26.434505+00	11	Benjamin Jesus Avendaño Mendoza (17 años)	1	[{"added": {}}, {"added": {"name": "Servicio del Paciente", "object": "Benjamin Jesus Avenda\\u00f1o Mendoza - PSICOLOGIA ADOLESCENTES"}}, {"added": {"name": "Servicio del Paciente", "object": "Benjamin Jesus Avenda\\u00f1o Mendoza - PSICOPEDAGOGIA"}}]	8	5
162	2026-01-12 20:47:55.947607+00	12	Zoe Marian Huanaco Lugo (5 años)	1	[{"added": {}}, {"added": {"name": "Servicio del Paciente", "object": "Zoe Marian Huanaco Lugo - APOYO ESCOLAR"}}, {"added": {"name": "Servicio del Paciente", "object": "Zoe Marian Huanaco Lugo - FISIOTERAPIA Y REHABILITACION"}}, {"added": {"name": "Servicio del Paciente", "object": "Zoe Marian Huanaco Lugo - PSICOMOTRICIDAD"}}, {"added": {"name": "Servicio del Paciente", "object": "Zoe Marian Huanaco Lugo - PSICOPEDAGOGIA"}}, {"added": {"name": "Servicio del Paciente", "object": "Zoe Marian Huanaco Lugo - TERAPIA DE LENGUAJE/FONOAUDIOLOGIA"}}]	8	5
163	2026-01-12 20:56:41.879131+00	13	Crstopher Robert Venegas Morales (4 años)	1	[{"added": {}}, {"added": {"name": "Servicio del Paciente", "object": "Crstopher Robert Venegas Morales - PSICOMOTRICIDAD"}}, {"added": {"name": "Servicio del Paciente", "object": "Crstopher Robert Venegas Morales - TERAPIA DE LENGUAJE/FONOAUDIOLOGIA"}}, {"added": {"name": "Servicio del Paciente", "object": "Crstopher Robert Venegas Morales - TERAPIA OCUPACIONAL/INDEPENDENCIA PERSONAL"}}, {"added": {"name": "Servicio del Paciente", "object": "Crstopher Robert Venegas Morales - PSICOLOGIA INFANTIL"}}]	8	5
164	2026-01-12 21:03:41.191984+00	14	Samuel Thiago Romay Perez (2 años)	1	[{"added": {}}, {"added": {"name": "Servicio del Paciente", "object": "Samuel Thiago Romay Perez - ESTIMULACION TEMPRANA"}}]	8	5
216	2026-01-14 19:44:17.706915+00	4	DAYAN@2026 - Recepcionista	2	[{"changed": {"fields": ["Rol", "Sucursales"]}}]	7	1
219	2026-01-14 20:02:04.824338+00	6	DANIELA@2026	2	[{"changed": {"fields": ["Superuser status"]}}]	4	1
165	2026-01-12 21:08:49.757869+00	15	Briana Catalina Sagardia Navarro (2 años)	1	[{"added": {}}, {"added": {"name": "Servicio del Paciente", "object": "Briana Catalina Sagardia Navarro - TERAPIA DE LENGUAJE/FONOAUDIOLOGIA"}}, {"added": {"name": "Servicio del Paciente", "object": "Briana Catalina Sagardia Navarro - TERAPIA OCUPACIONAL/INDEPENDENCIA PERSONAL"}}]	8	5
166	2026-01-12 21:15:25.264748+00	16	Rommel Javier Blanco Choque (4 años)	1	[{"added": {}}, {"added": {"name": "Servicio del Paciente", "object": "Rommel Javier Blanco Choque - TERAPIA DE LENGUAJE/FONOAUDIOLOGIA"}}, {"added": {"name": "Servicio del Paciente", "object": "Rommel Javier Blanco Choque - PSICOLOGIA INFANTIL"}}, {"added": {"name": "Servicio del Paciente", "object": "Rommel Javier Blanco Choque - TERAPIA OCUPACIONAL/INDEPENDENCIA PERSONAL"}}, {"added": {"name": "Servicio del Paciente", "object": "Rommel Javier Blanco Choque - PSICOMOTRICIDAD"}}, {"added": {"name": "Servicio del Paciente", "object": "Rommel Javier Blanco Choque - PSICOPEDAGOGIA"}}]	8	5
167	2026-01-12 21:19:07.770195+00	17	Valeria Celina Villca Rodriguez (17 años)	1	[{"added": {}}, {"added": {"name": "Servicio del Paciente", "object": "Valeria Celina Villca Rodriguez - PSICOLOGIA ADOLESCENTES"}}]	8	5
168	2026-01-12 21:21:34.942358+00	18	Ian Jose Ortega Choque (5 años)	1	[{"added": {}}, {"added": {"name": "Servicio del Paciente", "object": "Ian Jose Ortega Choque - TERAPIA DE LENGUAJE/FONOAUDIOLOGIA"}}, {"added": {"name": "Servicio del Paciente", "object": "Ian Jose Ortega Choque - PSICOPEDAGOGIA"}}, {"added": {"name": "Servicio del Paciente", "object": "Ian Jose Ortega Choque - PSICOLOGIA INFANTIL"}}, {"added": {"name": "Servicio del Paciente", "object": "Ian Jose Ortega Choque - PSICOMOTRICIDAD"}}]	8	5
169	2026-01-12 21:23:21.038321+00	19	Arleth Aymin Ortega Choque (1 años)	1	[{"added": {}}, {"added": {"name": "Servicio del Paciente", "object": "Arleth Aymin Ortega Choque - ESTIMULACION TEMPRANA"}}]	8	5
170	2026-01-12 21:26:08.016969+00	20	Lilian Guerra Cayhuara (3 años)	1	[{"added": {}}, {"added": {"name": "Servicio del Paciente", "object": "Lilian Guerra Cayhuara - TERAPIA DE LENGUAJE/FONOAUDIOLOGIA"}}, {"added": {"name": "Servicio del Paciente", "object": "Lilian Guerra Cayhuara - PSICOLOGIA INFANTIL"}}, {"added": {"name": "Servicio del Paciente", "object": "Lilian Guerra Cayhuara - TERAPIA OCUPACIONAL/INDEPENDENCIA PERSONAL"}}, {"added": {"name": "Servicio del Paciente", "object": "Lilian Guerra Cayhuara - PSICOMOTRICIDAD"}}]	8	5
171	2026-01-12 21:28:24.715014+00	21	Andre Fabricio Garnica Fernandez (4 años)	1	[{"added": {}}, {"added": {"name": "Servicio del Paciente", "object": "Andre Fabricio Garnica Fernandez - PSICOLOGIA INFANTIL"}}, {"added": {"name": "Servicio del Paciente", "object": "Andre Fabricio Garnica Fernandez - TERAPIA DE LENGUAJE/FONOAUDIOLOGIA"}}, {"added": {"name": "Servicio del Paciente", "object": "Andre Fabricio Garnica Fernandez - PSICOPEDAGOGIA"}}, {"added": {"name": "Servicio del Paciente", "object": "Andre Fabricio Garnica Fernandez - TERAPIA OCUPACIONAL/INDEPENDENCIA PERSONAL"}}, {"added": {"name": "Servicio del Paciente", "object": "Andre Fabricio Garnica Fernandez - PSICOMOTRICIDAD"}}]	8	5
172	2026-01-12 22:56:52.833819+00	22	Anya Valentina Palenque Corico (3 años)	1	[{"added": {}}]	8	6
173	2026-01-12 23:23:05.046556+00	23	Axel Said Mamani Suyo (8 años)	1	[{"added": {}}, {"added": {"name": "Servicio del Paciente", "object": "Axel Said Mamani Suyo - APOYO ESCOLAR"}}]	8	6
174	2026-01-12 23:29:59.026172+00	24	Diego Berazain Sulka (0 años)	1	[{"added": {}}, {"added": {"name": "Servicio del Paciente", "object": "Diego Berazain Sulka - TERAPIA DE LENGUAJE/FONOAUDIOLOGIA"}}, {"added": {"name": "Servicio del Paciente", "object": "Diego Berazain Sulka - TERAPIA OCUPACIONAL/INDEPENDENCIA PERSONAL"}}, {"added": {"name": "Servicio del Paciente", "object": "Diego Berazain Sulka - PSICOPEDAGOGIA"}}, {"added": {"name": "Servicio del Paciente", "object": "Diego Berazain Sulka - PSICOLOGIA INFANTIL"}}, {"added": {"name": "Servicio del Paciente", "object": "Diego Berazain Sulka - PSICOMOTRICIDAD"}}]	8	6
175	2026-01-13 14:55:23.889341+00	25	Kezia Yarel Flores Puma (0 años)	1	[{"added": {}}, {"added": {"name": "Servicio del Paciente", "object": "Kezia Yarel Flores Puma - ESTIMULACION TEMPRANA"}}]	8	5
176	2026-01-13 14:56:58.07977+00	5	EVAL-0005 - EVALUACION DE DESARROLLO (Kezia Yarel Flores Puma (0 años))	1	[{"added": {}}]	12	5
177	2026-01-13 14:57:49.033137+00	45	2026-01-13 11:00:00 - Kezia Yarel Flores Puma (0 años) - ESTIMULACION TEMPRANA - Bs. 50.00	1	[{"added": {}}]	13	5
178	2026-01-13 15:01:12.918873+00	6	EVAL-0006 - EVAÑUACION DE DESARROLLO (Kezia Yarel Flores Puma (0 años))	1	[{"added": {}}]	12	5
179	2026-01-13 15:04:31.215958+00	46	2026-01-13 10:30:00 - Kezia Yarel Flores Puma (0 años) - ESTIMULACION TEMPRANA - Bs. 50.00	1	[{"added": {}}]	13	5
180	2026-01-13 15:04:47.031556+00	46	2026-01-13 10:30:00 - Kezia Yarel Flores Puma (0 años) - ESTIMULACION TEMPRANA - Bs. 50.00	2	[]	13	5
181	2026-01-13 15:04:58.911076+00	46	2026-01-13 10:30:00 - Kezia Yarel Flores Puma (0 años) - ESTIMULACION TEMPRANA - Bs. 50.00	2	[]	13	5
182	2026-01-13 15:07:21.654654+00	46	2026-01-13 10:30:00 - Kezia Yarel Flores Puma (0 años) - ESTIMULACION TEMPRANA - Bs. 50.00	2	[]	13	5
183	2026-01-13 15:16:00.79176+00	3	EVAL-0001 - Evaluacion de Fisioterapia (Alessia Juliette Fuertes Escalante (0 años))	3		12	5
184	2026-01-13 15:16:13.871364+00	6	EVAL-0006 - EVAÑUACION DE DESARROLLO (Kezia Yarel Flores Puma (0 años))	3		12	5
185	2026-01-13 15:16:26.283259+00	5	EVAL-0005 - EVALUACION DE DESARROLLO (Kezia Yarel Flores Puma (0 años))	3		12	5
186	2026-01-13 15:18:26.317616+00	7	EVAL-0005 - EVALUACION DE DESARROLLO (Kezia Yarel Flores Puma (0 años))	1	[{"added": {}}]	12	5
187	2026-01-13 15:24:26.526594+00	46	2026-01-13 10:30:00 - Kezia Yarel Flores Puma (0 años) - ESTIMULACION TEMPRANA - Bs. 50.00	3		13	5
188	2026-01-13 15:24:26.526676+00	45	2026-01-13 11:00:00 - Kezia Yarel Flores Puma (0 años) - ESTIMULACION TEMPRANA - Bs. 50.00	3		13	5
189	2026-01-13 21:12:02.534009+00	26	Gael Antony Cruz Gutierrez (4 años)	1	[{"added": {}}, {"added": {"name": "Servicio del Paciente", "object": "Gael Antony Cruz Gutierrez - TERAPIA DE LENGUAJE/FONOAUDIOLOGIA"}}]	8	5
190	2026-01-13 22:33:50.886445+00	27	Lucas Ignacio Condo Jancko (2 años)	1	[{"added": {}}, {"added": {"name": "Servicio del Paciente", "object": "Lucas Ignacio Condo Jancko - PSICOMOTRICIDAD"}}]	8	6
191	2026-01-13 22:38:10.519713+00	28	Mia Shantall Camargo Barja (7 años)	1	[{"added": {}}, {"added": {"name": "Servicio del Paciente", "object": "Mia Shantall Camargo Barja - APOYO ESCOLAR"}}, {"added": {"name": "Servicio del Paciente", "object": "Mia Shantall Camargo Barja - TERAPIA DE LENGUAJE/FONOAUDIOLOGIA"}}]	8	6
192	2026-01-13 22:40:10.461998+00	29	Enrique Darwin Quispe Choque (6 años)	1	[{"added": {}}, {"added": {"name": "Servicio del Paciente", "object": "Enrique Darwin Quispe Choque - TERAPIA DE LENGUAJE/FONOAUDIOLOGIA"}}]	8	6
193	2026-01-13 22:45:38.52707+00	30	Fabricio Enrique Burgos Chacon (3 años)	1	[{"added": {}}, {"added": {"name": "Servicio del Paciente", "object": "Fabricio Enrique Burgos Chacon - TERAPIA DE LENGUAJE/FONOAUDIOLOGIA"}}]	8	6
218	2026-01-14 19:51:02.110651+00	5	DAYAN@2026	2	[{"changed": {"fields": ["Superuser status"]}}]	4	1
220	2026-01-14 20:03:28.665737+00	6	Arando Carvajal, Emily Claret	2	[]	14	1
194	2026-01-13 22:50:40.355861+00	31	Cristofer Bayron Garabito Marquez (10 años)	1	[{"added": {}}, {"added": {"name": "Servicio del Paciente", "object": "Cristofer Bayron Garabito Marquez - TERAPIA DE LENGUAJE/FONOAUDIOLOGIA"}}, {"added": {"name": "Servicio del Paciente", "object": "Cristofer Bayron Garabito Marquez - PSICOPEDAGOGIA"}}, {"added": {"name": "Servicio del Paciente", "object": "Cristofer Bayron Garabito Marquez - PSICOLOGIA INFANTIL"}}, {"added": {"name": "Servicio del Paciente", "object": "Cristofer Bayron Garabito Marquez - APOYO ESCOLAR"}}]	8	6
195	2026-01-13 22:54:13.214765+00	32	Dante Aguirre Alcaraz (3 años)	1	[{"added": {}}, {"added": {"name": "Servicio del Paciente", "object": "Dante Aguirre Alcaraz - TERAPIA OCUPACIONAL/INDEPENDENCIA PERSONAL"}}, {"added": {"name": "Servicio del Paciente", "object": "Dante Aguirre Alcaraz - PSICOLOGIA INFANTIL"}}]	8	6
196	2026-01-13 23:32:56.455418+00	33	Ander Mijael Oquendo Quiroga (3 años)	1	[{"added": {}}]	8	6
197	2026-01-14 13:25:03.001535+00	34	Erick Aguirre Alcaraz (10 años)	1	[{"added": {}}, {"added": {"name": "Servicio del Paciente", "object": "Erick Aguirre Alcaraz - TERAPIA DE LENGUAJE/FONOAUDIOLOGIA"}}, {"added": {"name": "Servicio del Paciente", "object": "Erick Aguirre Alcaraz - PSICOLOGIA INFANTIL"}}]	8	6
198	2026-01-14 13:28:24.592645+00	35	Erick Ramirez Olmedo (5 años)	1	[{"added": {}}, {"added": {"name": "Servicio del Paciente", "object": "Erick Ramirez Olmedo - APOYO ESCOLAR"}}, {"added": {"name": "Servicio del Paciente", "object": "Erick Ramirez Olmedo - TERAPIA DE LENGUAJE/FONOAUDIOLOGIA"}}, {"added": {"name": "Servicio del Paciente", "object": "Erick Ramirez Olmedo - PSICOLOGIA INFANTIL"}}]	8	6
199	2026-01-14 13:33:04.149348+00	36	Franciel Marcela Flores Garnica (6 años)	1	[{"added": {}}]	8	6
200	2026-01-14 13:36:12.263373+00	37	Frederick Yohan Delagado Seco (7 años)	1	[{"added": {}}]	8	6
201	2026-01-14 13:42:26.936537+00	38	Gael Logan Velasquez Magne (5 años)	1	[{"added": {}}, {"added": {"name": "Servicio del Paciente", "object": "Gael Logan Velasquez Magne - TERAPIA DE LENGUAJE/FONOAUDIOLOGIA"}}, {"added": {"name": "Servicio del Paciente", "object": "Gael Logan Velasquez Magne - PSICOPEDAGOGIA"}}, {"added": {"name": "Servicio del Paciente", "object": "Gael Logan Velasquez Magne - PSICOMOTRICIDAD"}}, {"added": {"name": "Servicio del Paciente", "object": "Gael Logan Velasquez Magne - PSICOLOGIA INFANTIL"}}, {"added": {"name": "Servicio del Paciente", "object": "Gael Logan Velasquez Magne - APOYO ESCOLAR"}}]	8	6
202	2026-01-14 13:47:27.624974+00	39	Ivan Fernando Luna Palenque (4 años)	1	[{"added": {}}, {"added": {"name": "Servicio del Paciente", "object": "Ivan Fernando Luna Palenque - TERAPIA DE LENGUAJE/FONOAUDIOLOGIA"}}, {"added": {"name": "Servicio del Paciente", "object": "Ivan Fernando Luna Palenque - TERAPIA OCUPACIONAL/INDEPENDENCIA PERSONAL"}}, {"added": {"name": "Servicio del Paciente", "object": "Ivan Fernando Luna Palenque - PSICOMOTRICIDAD"}}, {"added": {"name": "Servicio del Paciente", "object": "Ivan Fernando Luna Palenque - PSICOLOGIA INFANTIL"}}, {"added": {"name": "Servicio del Paciente", "object": "Ivan Fernando Luna Palenque - PSICOPEDAGOGIA"}}]	8	6
203	2026-01-14 13:51:33.494702+00	40	Ihan Thiago Rodriguez Torrez (7 años)	1	[{"added": {}}, {"added": {"name": "Servicio del Paciente", "object": "Ihan Thiago Rodriguez Torrez - TERAPIA DE LENGUAJE/FONOAUDIOLOGIA"}}, {"added": {"name": "Servicio del Paciente", "object": "Ihan Thiago Rodriguez Torrez - TERAPIA OCUPACIONAL/INDEPENDENCIA PERSONAL"}}, {"added": {"name": "Servicio del Paciente", "object": "Ihan Thiago Rodriguez Torrez - PSICOMOTRICIDAD"}}, {"added": {"name": "Servicio del Paciente", "object": "Ihan Thiago Rodriguez Torrez - PSICOLOGIA INFANTIL"}}, {"added": {"name": "Servicio del Paciente", "object": "Ihan Thiago Rodriguez Torrez - PSICOPEDAGOGIA"}}, {"added": {"name": "Servicio del Paciente", "object": "Ihan Thiago Rodriguez Torrez - APOYO ESCOLAR"}}]	8	6
204	2026-01-14 13:59:43.983114+00	41	Jair Sebastian Alejo Tola (3 años)	1	[{"added": {}}, {"added": {"name": "Servicio del Paciente", "object": "Jair Sebastian Alejo Tola - TERAPIA DE LENGUAJE/FONOAUDIOLOGIA"}}, {"added": {"name": "Servicio del Paciente", "object": "Jair Sebastian Alejo Tola - TERAPIA OCUPACIONAL/INDEPENDENCIA PERSONAL"}}, {"added": {"name": "Servicio del Paciente", "object": "Jair Sebastian Alejo Tola - PSICOMOTRICIDAD"}}, {"added": {"name": "Servicio del Paciente", "object": "Jair Sebastian Alejo Tola - PSICOLOGIA INFANTIL"}}]	8	6
205	2026-01-14 14:05:08.456188+00	42	Juaquin Wagner Berrios Alvarez (9 años)	1	[{"added": {}}, {"added": {"name": "Servicio del Paciente", "object": "Juaquin Wagner Berrios Alvarez - TERAPIA DE LENGUAJE/FONOAUDIOLOGIA"}}, {"added": {"name": "Servicio del Paciente", "object": "Juaquin Wagner Berrios Alvarez - TERAPIA OCUPACIONAL/INDEPENDENCIA PERSONAL"}}, {"added": {"name": "Servicio del Paciente", "object": "Juaquin Wagner Berrios Alvarez - PSICOMOTRICIDAD"}}, {"added": {"name": "Servicio del Paciente", "object": "Juaquin Wagner Berrios Alvarez - PSICOLOGIA INFANTIL"}}, {"added": {"name": "Servicio del Paciente", "object": "Juaquin Wagner Berrios Alvarez - APOYO ESCOLAR"}}, {"added": {"name": "Servicio del Paciente", "object": "Juaquin Wagner Berrios Alvarez - PSICOPEDAGOGIA"}}]	8	6
206	2026-01-14 15:26:30.895495+00	43	Jerimias Garnica Orcko (5 años)	1	[{"added": {}}, {"added": {"name": "Servicio del Paciente", "object": "Jerimias Garnica Orcko - TERAPIA DE LENGUAJE/FONOAUDIOLOGIA"}}, {"added": {"name": "Servicio del Paciente", "object": "Jerimias Garnica Orcko - TERAPIA OCUPACIONAL/INDEPENDENCIA PERSONAL"}}, {"added": {"name": "Servicio del Paciente", "object": "Jerimias Garnica Orcko - PSICOMOTRICIDAD"}}, {"added": {"name": "Servicio del Paciente", "object": "Jerimias Garnica Orcko - PSICOLOGIA INFANTIL"}}, {"added": {"name": "Servicio del Paciente", "object": "Jerimias Garnica Orcko - PSICOPEDAGOGIA"}}]	8	6
207	2026-01-14 15:31:05.827352+00	44	Juan Luis Flores Rivera (9 años)	1	[{"added": {}}, {"added": {"name": "Servicio del Paciente", "object": "Juan Luis Flores Rivera - PSICOLOGIA INFANTIL"}}, {"added": {"name": "Servicio del Paciente", "object": "Juan Luis Flores Rivera - PSICOPEDAGOGIA"}}, {"added": {"name": "Servicio del Paciente", "object": "Juan Luis Flores Rivera - APOYO ESCOLAR"}}]	8	6
208	2026-01-14 15:36:31.617928+00	45	Keyli Luciana Coyla Flores (3 años)	1	[{"added": {}}]	8	6
209	2026-01-14 15:38:52.752747+00	46	Kilian Ruben Pinto Lugo (6 años)	1	[{"added": {}}]	8	6
210	2026-01-14 15:40:47.48643+00	47	Lucas Andre Calizaya Puita (3 años)	1	[{"added": {}}]	8	6
211	2026-01-14 15:48:20.084302+00	48	Luis Clemente Llanos Isla (8 años)	1	[{"added": {}}, {"added": {"name": "Servicio del Paciente", "object": "Luis Clemente Llanos Isla - TERAPIA OCUPACIONAL/INDEPENDENCIA PERSONAL"}}, {"added": {"name": "Servicio del Paciente", "object": "Luis Clemente Llanos Isla - PSICOLOGIA INFANTIL"}}, {"added": {"name": "Servicio del Paciente", "object": "Luis Clemente Llanos Isla - PSICOPEDAGOGIA"}}]	8	6
212	2026-01-14 19:27:16.148293+00	9	EVAL-0009 - EVALUACION DE LENGUAJE (Gael Antony Cruz Gutierrez (4 años))	1	[{"added": {}}]	12	5
213	2026-01-14 19:38:15.061195+00	10	EVAL-0010 - EVALUACION DE PSICOLOGIA (Gael Antony Cruz Gutierrez (4 años))	3		12	5
214	2026-01-14 19:38:36.967515+00	15	Pago REC-0002 - Gael Antony Cruz Gutierrez (4 años) - Proyecto: EVAL-0009 - Bs. 100.00	3		18	5
215	2026-01-14 19:43:30.590786+00	5	DANIELA@2026 - Recepcionista	2	[{"changed": {"fields": ["Rol", "Sucursales"]}}]	7	1
217	2026-01-14 19:47:07.631832+00	5	DANIELA@2026 - Recepcionista	2	[]	7	1
221	2026-01-14 22:00:26.166838+00	49	Thiago Matias Barahona Mancilla (9 años)	1	[{"added": {}}, {"added": {"name": "Servicio del Paciente", "object": "Thiago Matias Barahona Mancilla - TERAPIA DE LENGUAJE/FONOAUDIOLOGIA"}}, {"added": {"name": "Servicio del Paciente", "object": "Thiago Matias Barahona Mancilla - TERAPIA OCUPACIONAL/INDEPENDENCIA PERSONAL"}}, {"added": {"name": "Servicio del Paciente", "object": "Thiago Matias Barahona Mancilla - APOYO ESCOLAR"}}, {"added": {"name": "Servicio del Paciente", "object": "Thiago Matias Barahona Mancilla - PSICOLOGIA INFANTIL"}}, {"added": {"name": "Servicio del Paciente", "object": "Thiago Matias Barahona Mancilla - PSICOPEDAGOGIA"}}, {"added": {"name": "Servicio del Paciente", "object": "Thiago Matias Barahona Mancilla - PSICOMOTRICIDAD"}}]	8	6
222	2026-01-14 23:24:13.315208+00	50	Mateo Erdair Vera Mamani (4 años)	1	[{"added": {}}]	8	6
223	2026-01-14 23:28:58.364651+00	51	Sebastian Mateo Venegas Venegas (7 años)	1	[{"added": {}}, {"added": {"name": "Servicio del Paciente", "object": "Sebastian Mateo Venegas Venegas - TERAPIA DE LENGUAJE/FONOAUDIOLOGIA"}}, {"added": {"name": "Servicio del Paciente", "object": "Sebastian Mateo Venegas Venegas - PSICOMOTRICIDAD"}}, {"added": {"name": "Servicio del Paciente", "object": "Sebastian Mateo Venegas Venegas - PSICOLOGIA INFANTIL"}}, {"added": {"name": "Servicio del Paciente", "object": "Sebastian Mateo Venegas Venegas - PSICOPEDAGOGIA"}}, {"added": {"name": "Servicio del Paciente", "object": "Sebastian Mateo Venegas Venegas - APOYO ESCOLAR"}}]	8	6
224	2026-01-14 23:32:03.034323+00	52	Grober Sebastian Pino OLivares (8 años)	1	[{"added": {}}]	8	6
225	2026-01-14 23:36:07.683028+00	53	Natalie Ariana Barriga Flores (4 años)	1	[{"added": {}}, {"added": {"name": "Servicio del Paciente", "object": "Natalie Ariana Barriga Flores - TERAPIA DE LENGUAJE/FONOAUDIOLOGIA"}}, {"added": {"name": "Servicio del Paciente", "object": "Natalie Ariana Barriga Flores - TERAPIA OCUPACIONAL/INDEPENDENCIA PERSONAL"}}, {"added": {"name": "Servicio del Paciente", "object": "Natalie Ariana Barriga Flores - PSICOMOTRICIDAD"}}, {"added": {"name": "Servicio del Paciente", "object": "Natalie Ariana Barriga Flores - PSICOLOGIA INFANTIL"}}, {"added": {"name": "Servicio del Paciente", "object": "Natalie Ariana Barriga Flores - PSICOPEDAGOGIA"}}]	8	6
226	2026-01-15 13:18:17.537468+00	7	Dante Aguirre Alcaraz (5 años)	2	[{"changed": {"fields": ["Estado"]}}]	8	6
227	2026-01-15 13:27:10.962858+00	54	Angeles Marissa Erquicia Escalante (6 años)	1	[{"added": {}}]	8	6
228	2026-01-15 13:33:17.352945+00	55	Zaid Lucas Martinez Ramires (6 años)	1	[{"added": {}}]	8	6
229	2026-01-16 00:26:37.788843+00	3	Suc. Japon	2	[{"changed": {"fields": ["Nombre"]}}]	10	1
230	2026-01-16 00:26:48.884027+00	4	Suc. Millares	2	[{"changed": {"fields": ["Nombre"]}}]	10	1
231	2026-01-16 00:39:37.445398+00	4	Castro Hurtado, Jackie Jared	2	[{"changed": {"fields": ["Foto"]}}]	14	1
232	2026-01-16 00:45:38.483175+00	56	ANTHONY FABRICIO NOGALES GALARZA (5 años)	1	[{"added": {}}, {"added": {"name": "Servicio del Paciente", "object": "ANTHONY FABRICIO NOGALES GALARZA - TERAPIA DE LENGUAJE/FONOAUDIOLOGIA"}}]	8	1
233	2026-01-16 00:48:13.980102+00	18	TONYNOGALES	1	[{"added": {}}]	4	1
234	2026-01-16 00:50:06.509119+00	18	TONYNOGALES	2	[]	4	1
235	2026-01-16 00:53:41.408351+00	17	TONYNOGALES - Paciente	2	[{"changed": {"fields": ["Rol", "Paciente"]}}]	7	1
236	2026-01-16 01:04:19.302072+00	56	ANTHONY FABRICIO NOGALES CASTRO (5 años)	2	[{"changed": {"fields": ["Apellido"]}}, {"added": {"name": "Servicio del Paciente", "object": "ANTHONY FABRICIO NOGALES CASTRO - ESTIMULACION TEMPRANA"}}, {"added": {"name": "Servicio del Paciente", "object": "ANTHONY FABRICIO NOGALES CASTRO - PSICOLOGIA INFANTIL"}}]	8	1
237	2026-01-16 01:04:52.527121+00	56	ANTHONY FABRICIO NOGALES CASTRO (5 años)	2	[]	8	1
238	2026-01-16 01:27:55.872748+00	9	JACKIE@2026	2	[{"changed": {"fields": ["password"]}}]	4	1
239	2026-01-16 01:29:54.265063+00	8	JACKIE@2026 - Profesional	2	[{"changed": {"fields": ["Rol", "Profesional"]}}]	7	1
240	2026-01-16 21:22:31.977668+00	14	ALEJANDRA@2026	2	[{"changed": {"fields": ["password"]}}]	4	1
241	2026-01-16 21:22:50.472691+00	14	ALEJANDRA@2026	2	[]	4	1
242	2026-01-16 21:24:23.331639+00	13	ALEJANDRA@2026 - Profesional	2	[{"changed": {"fields": ["Rol", "Profesional", "Sucursales"]}}]	7	1
243	2026-01-16 22:34:30.169698+00	9	Aramayo Contreras, Alejandra Emilia	2	[{"changed": {"fields": ["Foto"]}}]	14	1
244	2026-01-16 22:37:39.600724+00	6	Arando Carvajal, Emily Claret	2	[{"changed": {"fields": ["Foto", "Especialidad"]}}]	14	1
245	2026-01-16 22:38:19.656802+00	10	EMILY@2026	2	[{"changed": {"fields": ["password"]}}]	4	1
246	2026-01-16 22:38:35.730835+00	10	EMILY@2026	2	[]	4	1
247	2026-01-16 22:40:49.841341+00	9	JACKIE@2026	2	[{"changed": {"fields": ["password"]}}]	4	1
248	2026-01-16 22:41:11.080537+00	9	JACKIE@2026	2	[]	4	1
249	2026-01-16 22:42:22.977338+00	4	Castro Hurtado, Jackie Jared	2	[]	14	1
250	2026-01-16 22:43:21.718073+00	7	Chijo Pino, Edith Paola	2	[{"changed": {"fields": ["Foto", "Especialidad"]}}]	14	1
251	2026-01-16 22:44:15.955513+00	12	PAOLA@2026	2	[{"changed": {"fields": ["password"]}}]	4	1
252	2026-01-16 22:44:33.93723+00	12	PAOLA@2026	2	[]	4	1
253	2026-01-16 22:45:00.050302+00	11	ARIANA@2026	2	[{"changed": {"fields": ["password"]}}]	4	1
254	2026-01-16 22:45:13.538208+00	11	ARIANA@2026	2	[]	4	1
255	2026-01-16 22:45:47.453397+00	15	DAYANA@2026	2	[{"changed": {"fields": ["password"]}}]	4	1
256	2026-01-16 22:46:01.516019+00	15	DAYANA@2026	2	[]	4	1
257	2026-01-16 22:49:37.655022+00	16	GABRIELA@2026	2	[{"changed": {"fields": ["password"]}}]	4	1
258	2026-01-16 22:49:46.32056+00	16	GABRIELA@2026	2	[]	4	1
259	2026-01-16 22:50:16.781119+00	13	MARIA@2026	2	[{"changed": {"fields": ["password"]}}]	4	1
260	2026-01-16 22:50:26.357964+00	13	MARIA@2026	2	[]	4	1
261	2026-01-16 22:51:18.446047+00	17	MICHELLE@2026	2	[{"changed": {"fields": ["password"]}}]	4	1
262	2026-01-16 22:51:28.615962+00	17	MICHELLE@2026	2	[]	4	1
263	2026-01-16 22:54:03.663129+00	8	PATRICIA@2026	2	[{"changed": {"fields": ["password"]}}]	4	1
264	2026-01-16 22:54:15.081116+00	8	PATRICIA@2026	2	[]	4	1
265	2026-01-16 22:54:48.907183+00	18	TONYNOGALES	3		4	1
266	2026-01-16 22:55:50.571794+00	16	MICHELLE@2026 - Profesional	2	[{"changed": {"fields": ["Rol", "Profesional", "Sucursales"]}}]	7	1
267	2026-01-16 22:57:00.40019+00	15	GABRIELA@2026 - Profesional	2	[{"changed": {"fields": ["Rol", "Profesional", "Sucursales"]}}]	7	1
268	2026-01-16 22:57:49.55673+00	14	DAYANA@2026 - Profesional	2	[{"changed": {"fields": ["Rol", "Profesional", "Sucursales"]}}]	7	1
269	2026-01-16 22:58:20.352058+00	12	MARIA@2026 - Profesional	2	[{"changed": {"fields": ["Rol", "Profesional", "Sucursales"]}}]	7	1
270	2026-01-16 23:00:14.515467+00	11	PAOLA@2026 - Profesional	2	[{"changed": {"fields": ["Rol", "Profesional", "Sucursales"]}}]	7	1
271	2026-01-16 23:00:39.639951+00	10	ARIANA@2026 - Profesional	2	[{"changed": {"fields": ["Rol", "Profesional", "Sucursales"]}}]	7	1
272	2026-01-16 23:01:08.491933+00	9	EMILY@2026 - Profesional	2	[{"changed": {"fields": ["Rol", "Profesional", "Sucursales"]}}]	7	1
273	2026-01-16 23:01:36.370185+00	7	PATRICIA@2026 - Profesional	2	[{"changed": {"fields": ["Rol", "Profesional", "Sucursales"]}}]	7	1
274	2026-01-16 23:03:07.065809+00	19	DANI@2026	1	[{"added": {}}]	4	1
275	2026-01-16 23:04:35.256338+00	19	DANI@2026	2	[{"changed": {"fields": ["password"]}}]	4	1
276	2026-01-16 23:05:10.706799+00	19	DANI@2026	2	[{"changed": {"fields": ["First name", "Last name", "Date joined"]}}]	4	1
277	2026-01-16 23:06:03.67899+00	19	DANI@2026	2	[{"changed": {"fields": ["First name"]}}]	4	1
278	2026-01-16 23:07:55.994721+00	19	DANI@2026	2	[]	4	1
279	2026-01-16 23:10:27.164474+00	13	Velasquez Romero, Dani	1	[{"added": {}}]	14	1
280	2026-01-16 23:10:46.321339+00	18	DANI@2026 - Profesional	2	[{"changed": {"fields": ["Rol", "Profesional", "Sucursales"]}}]	7	1
281	2026-01-16 23:11:53.748782+00	13	Velasquez Romero, Dani	2	[{"changed": {"fields": ["Foto"]}}]	14	1
282	2026-01-16 23:12:30.810559+00	3	Cuevas Peña, Patricia Paola	2	[{"changed": {"fields": ["Foto"]}}]	14	1
283	2026-01-16 23:15:49.318159+00	10	Rodriguez Romero, Maria Lourdes	2	[]	14	1
284	2026-01-16 23:16:17.520459+00	10	Rodriguez Romero, Maria Lourdes	2	[{"changed": {"fields": ["Foto"]}}]	14	1
285	2026-01-16 23:19:51.343323+00	4	Castro Hurtado, Jackie Jared	2	[{"changed": {"fields": ["Especialidad"]}}]	14	1
286	2026-01-16 23:21:19.903196+00	11	Rodriguez Romero, Ana Gabriela	2	[{"changed": {"fields": ["Especialidad"]}}]	14	1
287	2026-01-16 23:21:52.027382+00	11	Rodriguez Romero, Ana Gabriela	2	[{"changed": {"fields": ["Servicios"]}}]	14	1
288	2026-01-16 23:25:11.410373+00	12	Gonzales Padilla, Michelle Andrea	2	[{"changed": {"fields": ["Foto"]}}]	14	1
289	2026-01-16 23:26:08.191097+00	8	Armijo Torrez, Dayana	2	[{"changed": {"fields": ["Foto"]}}]	14	1
290	2026-01-16 23:29:54.569584+00	15	EVAL 01 LENGUAJE - Bs. 250	1	[{"added": {}}]	11	1
291	2026-01-16 23:31:48.721969+00	16	EVAL 02 PSICOLOGIA - Bs. 300	1	[{"added": {}}]	11	1
292	2026-01-16 23:33:55.429685+00	17	EVAL 03 PSICOPEDAGOGIA - Bs. 400	1	[{"added": {}}]	11	1
293	2026-01-16 23:35:04.736095+00	18	EVAL 04  PSICOMOTRICIDAD - Bs. 200	1	[{"added": {}}]	11	1
294	2026-01-16 23:36:00.018836+00	19	EVAL 05 SENSORIAL - Bs. 200	1	[{"added": {}}]	11	1
295	2026-01-16 23:38:02.332161+00	20	EVAL 06 DESARROLLO INFATIL - Bs. 200	1	[{"added": {}}]	11	1
296	2026-01-16 23:40:14.475331+00	21	EVAL 07 EVALUACION INTEGRAL DE DESARROLLO INFANTIL - Bs. 1000	1	[{"added": {}}]	11	1
297	2026-01-16 23:55:53.855169+00	22	EVAL 07 EVALUACION INTEGRAL EN DIAGNOSTICO O SOSPECHA DE T.E.A. - Bs. 1800	1	[{"added": {}}]	11	1
298	2026-01-17 00:03:04.651671+00	23	EVAL 07 EVALUACION PSICOLOGICA ADOS-2 Y ADIR-R - Bs. 1000	1	[{"added": {}}]	11	1
299	2026-01-17 00:04:53.525163+00	24	EVAL 11 FISIOTERAPIA Y REHABILITACION - Bs. 200	1	[{"added": {}}]	11	1
300	2026-01-17 00:05:31.578717+00	24	EVAL 07 FISIOTERAPIA Y REHABILITACION - Bs. 200.00	2	[{"changed": {"fields": ["Nombre"]}}]	11	1
301	2026-01-17 00:05:55.469104+00	22	EVAL 08 EVALUACION INTEGRAL EN DIAGNOSTICO O SOSPECHA DE T.E.A. - Bs. 1800.00	2	[{"changed": {"fields": ["Nombre"]}}]	11	1
302	2026-01-17 00:06:17.012263+00	23	EVAL 09 EVALUACION PSICOLOGICA ADOS-2 Y ADIR-R - Bs. 1000.00	2	[{"changed": {"fields": ["Nombre"]}}]	11	1
303	2026-01-17 00:06:35.041941+00	24	EVAL 07 FISIOTERAPIA Y REHABILITACION - Bs. 200.00	2	[]	11	1
304	2026-01-17 00:07:04.787882+00	21	EVAL 10 EVALUACION INTEGRAL DE DESARROLLO INFANTIL - Bs. 1000.00	2	[{"changed": {"fields": ["Nombre"]}}]	11	1
305	2026-01-17 00:08:19.040758+00	22	EVAL 09 EVALUACION INTEGRAL EN DIAGNOSTICO O SOSPECHA DE T.E.A. - Bs. 1800.00	2	[{"changed": {"fields": ["Nombre"]}}]	11	1
306	2026-01-17 00:08:37.589725+00	23	EVAL 10 EVALUACION PSICOLOGICA ADOS-2 Y ADIR-R - Bs. 1000.00	2	[{"changed": {"fields": ["Nombre"]}}]	11	1
307	2026-01-17 00:09:01.303365+00	23	EVAL 11 EVALUACION PSICOLOGICA ADOS-2 Y ADIR-R - Bs. 1000.00	2	[{"changed": {"fields": ["Nombre"]}}]	11	1
308	2026-01-17 00:11:26.862832+00	25	EVAL 08 EVALUACION DE TERAPIA OCUAPACIONAL - Bs. 200	1	[{"added": {}}]	11	1
309	2026-01-19 19:14:21.748522+00	11	Rodriguez Romero, Ana Gabriela	2	[{"changed": {"fields": ["Foto"]}}]	14	1
310	2026-01-19 19:15:16.823439+00	5	Olivares Choque, Liset Ariana	2	[{"changed": {"fields": ["Foto"]}}]	14	1
311	2026-01-19 19:17:40.031301+00	5	DANIELA@2026 - Recepcionista	2	[]	7	1
312	2026-01-21 02:47:04.815587+00	48	2026-01-13 14:30:00 - Elena Marcy Coro Astete (2 años) - ESTIMULACION TEMPRANA - Bs. 50.00	3		13	1
313	2026-01-21 02:47:04.815669+00	63	2026-01-16 10:00:00 - ANTHONY FABRICIO NOGALES CASTRO (5 años) - ESTIMULACION TEMPRANA - Bs. 50.00	3		13	1
314	2026-01-21 02:47:04.815709+00	64	2026-01-19 10:00:00 - ANTHONY FABRICIO NOGALES CASTRO (5 años) - ESTIMULACION TEMPRANA - Bs. 50.00	3		13	1
315	2026-01-21 02:47:04.815753+00	59	2026-01-20 10:00:00 - ANTHONY FABRICIO NOGALES CASTRO (5 años) - TERAPIA DE LENGUAJE/FONOAUDIOLOGIA - Bs. 70.00	3		13	1
316	2026-01-21 02:54:33.956662+00	4	EVAL-0004 - Evaluacion Infantil (Dante Aguirre Alcaraz (5 años))	3		12	1
317	2026-01-21 02:55:15.254327+00	7	Dante Aguirre Alcaraz (5 años)	3		8	1
318	2026-01-21 02:56:06.623748+00	32	Dante Aguirre Alcaraz (3 años)	3		8	1
319	2026-01-21 02:56:06.623815+00	34	Erick Aguirre Alcaraz (10 años)	3		8	1
320	2026-01-21 02:58:17.06652+00	53	Natalie Ariana Barriga Flores (4 años)	3		8	1
321	2026-01-21 03:03:39.816426+00	57	Ayelen Aitana Cruz Cruz (1 años)	2	[{"changed": {"fields": ["Nombre", "Apellido"]}}]	8	1
322	2026-01-21 03:06:11.316344+00	17	Pago REC-0003 - Alessia Nogales Castro (7 años) - Proyecto: EVAL-0012 - Bs. 200.00	3		18	1
323	2026-01-21 03:07:07.152168+00	12	EVAL-0012 - Evaluacion De Desarrollo Infantil (Alessia Nogales Castro (7 años))	3		12	1
324	2026-01-21 03:07:46.710093+00	58	Alessia Nogales Castro (7 años)	3		8	1
325	2026-01-21 03:07:46.710148+00	56	ANTHONY FABRICIO NOGALES CASTRO (5 años)	3		8	1
326	2026-01-21 03:09:37.609015+00	13	Cristopher Robert Venegas Morales (4 años)	2	[{"changed": {"fields": ["Nombre"]}}]	8	1
327	2026-01-21 03:15:27.715948+00	6	Alessia Juliette Fuertes Escalante (0 años)	3		8	1
328	2026-01-21 19:23:50.796995+00	5	Erick Ramirez Olmedo (5 años)	3		8	1
329	2026-01-22 20:11:14.570217+00	175	2026-01-01 15:30:00 - Sebastian Mateo Venegas Venegas (7 años) - PSICOPEDAGOGIA - Bs. 50.00	3		13	1
330	2026-01-22 20:11:14.570307+00	176	2026-01-08 15:30:00 - Sebastian Mateo Venegas Venegas (7 años) - PSICOPEDAGOGIA - Bs. 50.00	3		13	1
331	2026-01-22 20:11:14.57039+00	177	2026-01-15 15:30:00 - Sebastian Mateo Venegas Venegas (7 años) - PSICOPEDAGOGIA - Bs. 50.00	3		13	1
332	2026-01-22 20:11:14.570431+00	178	2026-01-22 15:30:00 - Sebastian Mateo Venegas Venegas (7 años) - PSICOPEDAGOGIA - Bs. 50.00	3		13	1
333	2026-01-22 20:11:14.570465+00	179	2026-01-29 15:30:00 - Sebastian Mateo Venegas Venegas (7 años) - PSICOPEDAGOGIA - Bs. 50.00	3		13	1
334	2026-01-22 20:27:27.078978+00	173	2026-01-19 14:30:00 - Franciel Marcela Flores Garnica (6 años) - PSICOPEDAGOGIA - Bs. 50.00	3		13	1
394	2026-01-26 00:00:31.595882+00	8	Armijo Torrez, Dayana	2	[{"changed": {"fields": ["Servicios"]}}]	14	1
335	2026-01-22 20:27:27.079029+00	174	2026-01-26 14:30:00 - Franciel Marcela Flores Garnica (6 años) - PSICOPEDAGOGIA - Bs. 50.00	3		13	1
336	2026-01-25 22:45:45.244425+00	15	EVAL 01 LENGUAJE - Bs. 250	2	[]	11	1
337	2026-01-25 22:45:59.154257+00	16	EVAL 02 PSICOLOGIA - Bs. 300.00	2	[{"changed": {"fields": ["Precio proyecto"]}}]	11	1
338	2026-01-25 22:46:11.360419+00	17	EVAL 03 PSICOPEDAGOGIA - Bs. 400.00	2	[{"changed": {"fields": ["Precio proyecto"]}}]	11	1
339	2026-01-25 22:46:22.113413+00	18	EVAL 04  PSICOMOTRICIDAD - Bs. 200.00	2	[{"changed": {"fields": ["Precio proyecto"]}}]	11	1
340	2026-01-25 22:46:35.914903+00	19	EVAL 05 SENSORIAL - Bs. 200.00	2	[{"changed": {"fields": ["Precio proyecto"]}}]	11	1
341	2026-01-25 22:46:53.76396+00	20	EVAL 06 DESARROLLO INFATIL - Bs. 200.00	2	[{"changed": {"fields": ["Precio proyecto"]}}]	11	1
342	2026-01-25 22:47:02.02255+00	24	EVAL 07 FISIOTERAPIA Y REHABILITACION - Bs. 200.00	2	[{"changed": {"fields": ["Precio proyecto"]}}]	11	1
343	2026-01-25 22:47:12.115629+00	25	EVAL 08 EVALUACION DE TERAPIA OCUAPACIONAL - Bs. 200.00	2	[{"changed": {"fields": ["Precio proyecto"]}}]	11	1
344	2026-01-25 22:47:22.507759+00	22	EVAL 09 EVALUACION INTEGRAL EN DIAGNOSTICO O SOSPECHA DE T.E.A. - Bs. 1800.00	2	[{"changed": {"fields": ["Precio proyecto"]}}]	11	1
345	2026-01-25 22:47:31.968076+00	21	EVAL 10 EVALUACION INTEGRAL DE DESARROLLO INFANTIL - Bs. 1000.00	2	[{"changed": {"fields": ["Precio proyecto"]}}]	11	1
346	2026-01-25 22:47:45.462186+00	23	EVAL 11 EVALUACION PSICOLOGICA ADOS-2 Y ADIR-R - Bs. 1000.00	2	[{"changed": {"fields": ["Precio proyecto"]}}]	11	1
347	2026-01-25 22:48:20.85079+00	9	Aramayo Contreras, Alejandra Emilia	2	[{"changed": {"fields": ["Servicios"]}}]	14	1
348	2026-01-25 22:48:53.595513+00	6	Arando Carvajal, Emily Claret	2	[{"changed": {"fields": ["Servicios"]}}]	14	1
349	2026-01-25 22:50:28.729189+00	26	MEN 01 Psicologia Infantil - Bs. 0	1	[{"added": {}}]	11	1
350	2026-01-25 22:53:15.342215+00	26	MEN 01 PSICOLOGIA INFANTIL - Bs. 0.00	2	[{"changed": {"fields": ["Nombre", "Descripcion", "Precio mensual"]}}]	11	1
351	2026-01-25 22:53:50.444805+00	27	MEN 02 PSICOPEDAGOGIA - Bs. 0	1	[{"added": {}}]	11	1
352	2026-01-25 22:54:15.496802+00	28	MEN 03 APOYO ESCOLAR - Bs. 0	1	[{"added": {}}]	11	1
353	2026-01-25 22:54:28.103977+00	26	MEN 01 PSICOLOGIA INFANTIL - Bs. 0.00	2	[{"changed": {"fields": ["Precio mensual"]}}]	11	1
354	2026-01-25 22:54:35.93608+00	27	MEN 02 PSICOPEDAGOGIA - Bs. 0.00	2	[{"changed": {"fields": ["Precio mensual"]}}]	11	1
355	2026-01-25 22:54:43.957565+00	28	MEN 03 APOYO ESCOLAR - Bs. 0.00	2	[{"changed": {"fields": ["Precio mensual"]}}]	11	1
356	2026-01-25 22:55:21.348266+00	29	MEN 04 TERAPIA OCUPACIONAL/INDEPENDENCIA PERSONAL - Bs. 0	1	[{"added": {}}]	11	1
357	2026-01-25 22:56:02.276311+00	30	MEN 05 TERAPIA DE INTEGRACION SENSORIAL - Bs. 0	1	[{"added": {}}]	11	1
358	2026-01-25 22:56:24.34622+00	31	MEN 06 TERAPIA PSICOMOTRICIDAD - Bs. 0	1	[{"added": {}}]	11	1
359	2026-01-25 22:57:02.246456+00	32	MEN 07 TERAPIA DE LENGUAJE Y COMUNICACION - Bs. 0	1	[{"added": {}}]	11	1
360	2026-01-25 22:57:28.963002+00	15	EVAL 01 LENGUAJE Y COMUNICACION - Bs. 250.00	2	[{"changed": {"fields": ["Nombre"]}}]	11	1
361	2026-01-25 22:58:42.66098+00	33	MEN 08 - Bs. 0	1	[{"added": {}}]	11	1
362	2026-01-25 22:59:02.214133+00	15	EVAL 01 LENGUAJE Y COMUNICACION - Bs. 250.00	2	[{"changed": {"fields": ["Duracion minutos"]}}]	11	1
363	2026-01-25 22:59:12.972352+00	16	EVAL 02 PSICOLOGIA - Bs. 300.00	2	[{"changed": {"fields": ["Duracion minutos"]}}]	11	1
364	2026-01-25 22:59:25.245299+00	18	EVAL 04  PSICOMOTRICIDAD - Bs. 200.00	2	[{"changed": {"fields": ["Duracion minutos"]}}]	11	1
365	2026-01-25 22:59:35.572153+00	19	EVAL 05 SENSORIAL - Bs. 200.00	2	[{"changed": {"fields": ["Duracion minutos"]}}]	11	1
366	2026-01-25 22:59:46.959418+00	20	EVAL 06 DESARROLLO INFATIL - Bs. 200.00	2	[{"changed": {"fields": ["Duracion minutos"]}}]	11	1
367	2026-01-25 23:00:19.339287+00	24	EVAL 07 FISIOTERAPIA Y REHABILITACION - Bs. 200.00	2	[{"changed": {"fields": ["Duracion minutos"]}}]	11	1
368	2026-01-25 23:00:31.575183+00	25	EVAL 08 EVALUACION DE TERAPIA OCUAPACIONAL - Bs. 200.00	2	[{"changed": {"fields": ["Duracion minutos"]}}]	11	1
369	2026-01-25 23:01:04.060859+00	26	MEN 01 PSICOLOGIA INFANTIL - Bs. 0.00	2	[{"changed": {"fields": ["Duracion minutos"]}}]	11	1
370	2026-01-25 23:01:42.42497+00	29	MEN 04 TERAPIA OCUPACIONAL/INDEPENDENCIA PERSONAL - Bs. 0.00	2	[{"changed": {"fields": ["Duracion minutos"]}}]	11	1
371	2026-01-25 23:01:59.626532+00	30	MEN 05 TERAPIA DE INTEGRACION SENSORIAL - Bs. 0.00	2	[{"changed": {"fields": ["Duracion minutos"]}}]	11	1
372	2026-01-25 23:02:09.189438+00	31	MEN 06 TERAPIA PSICOMOTRICIDAD - Bs. 0.00	2	[{"changed": {"fields": ["Duracion minutos"]}}]	11	1
373	2026-01-25 23:02:26.669493+00	32	MEN 07 TERAPIA DE LENGUAJE Y COMUNICACION - Bs. 0.00	2	[{"changed": {"fields": ["Duracion minutos"]}}]	11	1
374	2026-01-25 23:03:00.951931+00	33	MEN 08 ESTIMULACION TEMPRANA - Bs. 0.00	2	[{"changed": {"fields": ["Nombre"]}}]	11	1
375	2026-01-25 23:03:40.03051+00	9	Aramayo Contreras, Alejandra Emilia	2	[]	14	1
376	2026-01-25 23:04:46.840016+00	6	Arando Carvajal, Emily Claret	2	[{"changed": {"fields": ["Servicios"]}}]	14	1
377	2026-01-25 23:06:34.978785+00	9	Aramayo Contreras, Alejandra Emilia	2	[{"changed": {"fields": ["Servicios"]}}]	14	1
378	2026-01-25 23:07:11.640948+00	8	Armijo Torrez, Dayana	2	[{"changed": {"fields": ["Servicios"]}}]	14	1
379	2026-01-25 23:08:25.337693+00	4	Castro Hurtado, Jackie Jared	2	[{"changed": {"fields": ["Servicios"]}}]	14	1
380	2026-01-25 23:11:37.660744+00	7	Chijo Pino, Edith Paola	2	[{"changed": {"fields": ["Servicios"]}}]	14	1
381	2026-01-25 23:15:12.160278+00	3	Cuevas Peña, Patricia Paola	2	[{"changed": {"fields": ["Servicios"]}}]	14	1
382	2026-01-25 23:18:55.089891+00	12	Gonzales Padilla, Michelle Andrea	2	[{"changed": {"fields": ["Servicios"]}}]	14	1
383	2026-01-25 23:19:37.780844+00	5	Olivares Choque, Liset Ariana	2	[{"changed": {"fields": ["Servicios"]}}]	14	1
384	2026-01-25 23:20:30.76688+00	11	Rodriguez Romero, Ana Gabriela	2	[{"changed": {"fields": ["Servicios"]}}]	14	1
385	2026-01-25 23:21:27.549709+00	10	Rodriguez Romero, Maria Lourdes	2	[{"changed": {"fields": ["Servicios"]}}]	14	1
386	2026-01-25 23:22:24.109897+00	13	Velasquez Romero, Dani	2	[{"changed": {"fields": ["Servicios"]}}]	14	1
387	2026-01-25 23:37:45.676731+00	4	Castro Hurtado, Jackie Jared	2	[]	14	1
388	2026-01-25 23:38:05.797628+00	20	EVAL 06 DESARROLLO INFATIL - Bs. 200.00	2	[]	11	1
389	2026-01-25 23:40:45.917142+00	30	EVAL-0030 - Evaluacion de Desarrollo Infantil (Enzo Matias Huallpa Arando (1 años))	2	[{"changed": {"fields": ["Servicio base"]}}]	12	1
390	2026-01-25 23:57:58.349695+00	15	EVAL 01 LENGUAJE Y COMUNICACION - Bs. 250.00	2	[]	11	1
391	2026-01-25 23:58:46.995942+00	34	MEN 09 TERAPIA INTEGRAL - Bs. 1300	1	[{"added": {}}]	11	1
392	2026-01-25 23:59:59.870798+00	9	Aramayo Contreras, Alejandra Emilia	2	[{"changed": {"fields": ["Servicios"]}}]	14	1
393	2026-01-26 00:00:15.664681+00	6	Arando Carvajal, Emily Claret	2	[{"changed": {"fields": ["Servicios"]}}]	14	1
395	2026-01-26 00:00:51.581576+00	4	Castro Hurtado, Jackie Jared	2	[{"changed": {"fields": ["Servicios"]}}]	14	1
396	2026-01-26 00:01:07.668649+00	7	Chijo Pino, Edith Paola	2	[{"changed": {"fields": ["Servicios"]}}]	14	1
397	2026-01-26 00:01:35.448681+00	3	Cuevas Peña, Patricia Paola	2	[{"changed": {"fields": ["Servicios"]}}]	14	1
398	2026-01-26 00:02:19.411672+00	12	Gonzales Padilla, Michelle Andrea	2	[{"changed": {"fields": ["Servicios"]}}]	14	1
399	2026-01-26 00:02:35.664729+00	5	Olivares Choque, Liset Ariana	2	[{"changed": {"fields": ["Servicios"]}}]	14	1
400	2026-01-26 00:02:59.224968+00	11	Rodriguez Romero, Ana Gabriela	2	[{"changed": {"fields": ["Servicios"]}}]	14	1
401	2026-01-26 00:03:20.049718+00	10	Rodriguez Romero, Maria Lourdes	2	[{"changed": {"fields": ["Servicios"]}}]	14	1
402	2026-01-26 00:03:36.10595+00	13	Velasquez Romero, Dani	2	[{"changed": {"fields": ["Servicios"]}}]	14	1
403	2026-01-26 00:05:14.579252+00	34	MEN 09 TERAPIA INTEGRAL - Bs. 1300.00	2	[]	11	1
404	2026-01-26 00:08:12.726416+00	1	PSICO-MAT-MEN-2026-01-001 - Mateo Benjamin Coro Astete (3 años) (Enero 2026)	2	[{"changed": {"fields": ["Costo mensual"]}}]	19	1
405	2026-01-26 00:08:56.658173+00	34	MEN 09 TERAPIA INTEGRAL - Bs. 1300.00	2	[]	11	1
406	2026-01-26 00:19:20.28473+00	4	Mateo Benjamin Coro Astete (3 años)	2	[{"changed": {"name": "Servicio del Paciente", "object": "Mateo Benjamin Coro Astete - MEN 09 TERAPIA INTEGRAL", "fields": ["Servicio", "Costo sesion"]}}, {"deleted": {"name": "Servicio del Paciente", "object": "Mateo Benjamin Coro Astete - PSICOMOTRICIDAD"}}, {"deleted": {"name": "Servicio del Paciente", "object": "Mateo Benjamin Coro Astete - PSICOPEDAGOGIA"}}, {"deleted": {"name": "Servicio del Paciente", "object": "Mateo Benjamin Coro Astete - TERAPIA DE LENGUAJE/FONOAUDIOLOGIA"}}, {"deleted": {"name": "Servicio del Paciente", "object": "Mateo Benjamin Coro Astete - TERAPIA OCUPACIONAL/INDEPENDENCIA PERSONAL"}}]	8	1
407	2026-01-26 00:22:10.019185+00	282	2026-01-01 15:15:00 - Mateo Benjamin Coro Astete (3 años) - PSICOLOGIA INFANTIL - Bs. 70.00	3		13	1
408	2026-01-26 00:22:10.019306+00	283	2026-01-07 15:15:00 - Mateo Benjamin Coro Astete (3 años) - PSICOLOGIA INFANTIL - Bs. 70.00	3		13	1
409	2026-01-26 00:22:10.019406+00	284	2026-01-08 15:15:00 - Mateo Benjamin Coro Astete (3 años) - PSICOLOGIA INFANTIL - Bs. 70.00	3		13	1
410	2026-01-26 00:22:10.019452+00	285	2026-01-14 15:15:00 - Mateo Benjamin Coro Astete (3 años) - PSICOLOGIA INFANTIL - Bs. 70.00	3		13	1
411	2026-01-26 00:22:10.01949+00	286	2026-01-15 15:15:00 - Mateo Benjamin Coro Astete (3 años) - PSICOLOGIA INFANTIL - Bs. 70.00	3		13	1
412	2026-01-26 00:22:10.019528+00	287	2026-01-21 15:15:00 - Mateo Benjamin Coro Astete (3 años) - PSICOLOGIA INFANTIL - Bs. 70.00	3		13	1
413	2026-01-26 00:22:10.019566+00	288	2026-01-22 15:15:00 - Mateo Benjamin Coro Astete (3 años) - PSICOLOGIA INFANTIL - Bs. 70.00	3		13	1
414	2026-01-26 00:22:10.019603+00	289	2026-01-28 15:15:00 - Mateo Benjamin Coro Astete (3 años) - PSICOLOGIA INFANTIL - Bs. 70.00	3		13	1
415	2026-01-26 00:22:10.019638+00	290	2026-01-29 15:15:00 - Mateo Benjamin Coro Astete (3 años) - PSICOLOGIA INFANTIL - Bs. 70.00	3		13	1
416	2026-01-26 00:22:47.204345+00	1	PSICO-MAT-MEN-2026-01-001 - Mateo Benjamin Coro Astete (3 años) (Enero 2026)	3		19	1
417	2026-01-26 00:47:19.546213+00	5	MEN09-MAT-MEN-2026-01-001 - Mateo Benjamin Coro Astete (3 años) (Enero 2026)	3		19	1
418	2026-01-29 19:58:33.591524+00	18	EVAL-0018 - Evaluacion de Lenguaje y Comunicacion (Matias Josue Fuentes Fernandez (9 años))	3		12	1
419	2026-01-29 21:51:46.55111+00	22	EVAL 09 EVALUACION INTEGRAL EN DIAGNOSTICO O SOSPECHA DE T.E.A. - Bs. 1800.00	2	[]	11	1
420	2026-01-29 21:53:45.244512+00	9	Aramayo Contreras, Alejandra Emilia	2	[{"changed": {"fields": ["Servicios"]}}]	14	1
421	2026-01-29 21:54:02.544533+00	6	Arando Carvajal, Emily Claret	2	[]	14	1
422	2026-01-29 21:54:50.360128+00	8	Armijo Torrez, Dayana	2	[{"changed": {"fields": ["Servicios"]}}]	14	1
423	2026-01-29 21:55:07.879106+00	4	Castro Hurtado, Jackie Jared	2	[{"changed": {"fields": ["Servicios"]}}]	14	1
424	2026-01-29 21:56:34.245349+00	4	Castro Hurtado, Jackie Jared	2	[{"changed": {"fields": ["Servicios"]}}]	14	1
425	2026-01-29 21:57:03.269792+00	7	Chijo Pino, Edith Paola	2	[]	14	1
426	2026-01-29 21:59:32.899415+00	3	Cuevas Peña, Patricia Paola	2	[{"changed": {"fields": ["Servicios"]}}]	14	1
427	2026-01-29 22:00:59.535769+00	12	Gonzales Padilla, Michelle Andrea	2	[{"changed": {"fields": ["Servicios"]}}]	14	1
428	2026-01-29 22:02:01.78845+00	5	Olivares Choque, Liset Ariana	2	[{"changed": {"fields": ["Servicios"]}}]	14	1
429	2026-01-29 22:03:20.73154+00	11	Rodriguez Romero, Ana Gabriela	2	[{"changed": {"fields": ["Servicios"]}}]	14	1
430	2026-01-29 22:04:39.389773+00	10	Rodriguez Romero, Maria Lourdes	2	[{"changed": {"fields": ["Servicios"]}}]	14	1
431	2026-01-29 22:04:56.085189+00	13	Velasquez Romero, Dani	2	[]	14	1
432	2026-01-29 23:21:18.022685+00	13	Cristopher Robert Venegas Morales (4 años)	2	[{"added": {"name": "Servicio del Paciente", "object": "Cristopher Robert Venegas Morales - PSICOPEDAGOGIA"}}]	8	1
433	2026-01-29 23:28:41.544073+00	13	Cristopher Robert Venegas Morales (4 años)	2	[{"changed": {"name": "Servicio del Paciente", "object": "Cristopher Robert Venegas Morales - TERAPIA DE INTEGRACION SENSORIAL", "fields": ["Servicio"]}}]	8	1
434	2026-01-29 23:32:52.828571+00	13	Cristopher Robert Venegas Morales (4 años)	2	[]	8	1
435	2026-01-29 23:46:36.420645+00	69	Matias Josue Fuentes Fernandez (9 años)	2	[{"added": {"name": "Servicio del Paciente", "object": "Matias Josue Fuentes Fernandez - EVAL 03 PSICOPEDAGOGIA"}}]	8	1
436	2026-01-30 14:54:12.044599+00	7	MEN-0226-CR-001 - Cristopher Robert Venegas Morales (4 años) (Febrero 2026)	2	[{"changed": {"name": "Servicio-Profesional", "object": "TERAPIA OCUPACIONAL/INDEPENDENCIA PERSONAL - Edith Paola", "fields": ["Profesional"]}}]	19	1
437	2026-01-30 15:30:02.536432+00	4	Mateo Benjamin Coro Astete (3 años)	2	[{"added": {"name": "Servicio del Paciente", "object": "Mateo Benjamin Coro Astete - TERAPIA OCUPACIONAL/INDEPENDENCIA PERSONAL"}}, {"added": {"name": "Servicio del Paciente", "object": "Mateo Benjamin Coro Astete - TERAPIA DE LENGUAJE/FONOAUDIOLOGIA"}}, {"added": {"name": "Servicio del Paciente", "object": "Mateo Benjamin Coro Astete - PSICOPEDAGOGIA"}}, {"added": {"name": "Servicio del Paciente", "object": "Mateo Benjamin Coro Astete - TERAPIA DE INTEGRACION SENSORIAL"}}, {"changed": {"name": "Servicio del Paciente", "object": "Mateo Benjamin Coro Astete - PSICOLOGIA INFANTIL", "fields": ["Servicio", "Costo sesion", "Observaciones"]}}]	8	1
438	2026-01-31 14:40:46.159284+00	81	Liam Mateo Zelaya Espinoza (1 años)	2	[{"added": {"name": "Servicio del Paciente", "object": "Liam Mateo Zelaya Espinoza - EVAL 11 EVALUACION PSICOLOGICA ADOS-2 Y ADIR-R"}}]	8	1
439	2026-01-31 15:57:17.127267+00	82	Alana Genesis Mamanillo Quispe (1 años)	2	[{"added": {"name": "Servicio del Paciente", "object": "Alana Genesis Mamanillo Quispe - ESTIMULACION TEMPRANA"}}]	8	1
440	2026-02-01 19:01:29.281779+00	190	2026-01-29 18:00:00 - Luis Clemente Llanos Isla (8 años) - TERAPIA OCUPACIONAL/INDEPENDENCIA PERSONAL - Bs. 50.00	3		13	1
441	2026-02-01 19:01:29.281871+00	159	2026-01-29 18:00:00 - Enrique Darwin Quispe Choque (6 años) - TERAPIA DE LENGUAJE/FONOAUDIOLOGIA - Bs. 70.00	3		13	1
442	2026-02-01 19:01:29.281906+00	119	2026-01-29 18:00:00 - Dalia Otalora Marcelo (9 años) - PSICOLOGIA INFANTIL - Bs. 70.00	3		13	1
443	2026-02-01 19:01:29.281934+00	233	2026-01-29 18:45:00 - Lucas Ignacio Condo Jancko (2 años) - PSICOMOTRICIDAD - Bs. 50.00	3		13	1
444	2026-02-01 19:01:29.281959+00	281	2026-01-30 09:00:00 - Hanna Rashiel Merida Carata (2 años) - ESTIMULACION TEMPRANA - Bs. 50.00	3		13	1
445	2026-02-01 19:01:29.281984+00	237	2026-01-30 11:15:00 - Lucas Ignacio Condo Jancko (2 años) - PSICOMOTRICIDAD - Bs. 50.00	3		13	1
446	2026-02-01 19:01:29.282008+00	300	2026-01-30 14:30:00 - Mateo Benjamin Coro Astete (3 años) - MEN 09 TERAPIA INTEGRAL - Bs. 1300.00	3		13	1
447	2026-02-01 19:01:29.28203+00	217	2026-01-30 14:30:00 - Mia Shantall Camargo Barja (7 años) - TERAPIA DE LENGUAJE/FONOAUDIOLOGIA - Bs. 70.00	3		13	1
448	2026-02-01 19:01:29.282055+00	78	2026-01-30 14:30:00 - Andre Fabricio Garnica Fernandez (4 años) - PSICOLOGIA INFANTIL - Bs. 70.00	3		13	1
449	2026-02-01 19:01:29.282077+00	208	2026-01-30 15:00:00 - Mia Shantall Camargo Barja (7 años) - APOYO ESCOLAR - Bs. 20.00	3		13	1
450	2026-02-01 19:01:29.282099+00	133	2026-01-30 15:00:00 - Erick Aguirre Alcaraz (10 años) - TERAPIA DE LENGUAJE/FONOAUDIOLOGIA - Bs. 70.00	3		13	1
451	2026-02-01 19:01:29.282121+00	113	2026-01-30 15:30:00 - Andre Fabricio Garnica Fernandez (4 años) - PSICOPEDAGOGIA - Bs. 50.00	3		13	1
452	2026-02-01 19:01:29.282143+00	141	2026-01-30 15:45:00 - Erick Aguirre Alcaraz (10 años) - PSICOLOGIA INFANTIL - Bs. 70.00	3		13	1
453	2026-02-01 19:01:29.282165+00	310	2026-01-30 16:30:00 - Thiago Matias Barahona Mancilla (9 años) - TERAPIA DE LENGUAJE/FONOAUDIOLOGIA - Bs. 70.00	3		13	1
454	2026-02-01 19:01:29.282193+00	162	2026-01-30 17:30:00 - Enrique Darwin Quispe Choque (6 años) - TERAPIA DE LENGUAJE/FONOAUDIOLOGIA - Bs. 70.00	3		13	1
455	2026-02-01 19:01:29.282219+00	211	2026-01-31 09:30:00 - Mia Shantall Camargo Barja (7 años) - APOYO ESCOLAR - Bs. 20.00	3		13	1
456	2026-02-01 19:01:54.263953+00	291	2026-01-01 14:30:00 - Mateo Benjamin Coro Astete (3 años) - MEN 09 TERAPIA INTEGRAL - Bs. 1300.00	3		13	1
457	2026-02-01 19:01:54.264011+00	292	2026-01-02 14:30:00 - Mateo Benjamin Coro Astete (3 años) - MEN 09 TERAPIA INTEGRAL - Bs. 1300.00	3		13	1
458	2026-02-01 19:01:54.264041+00	302	2026-01-02 16:30:00 - Thiago Matias Barahona Mancilla (9 años) - TERAPIA DE LENGUAJE/FONOAUDIOLOGIA - Bs. 70.00	3		13	1
459	2026-02-01 19:01:54.264067+00	106	2026-01-05 15:30:00 - Andre Fabricio Garnica Fernandez (4 años) - PSICOPEDAGOGIA - Bs. 50.00	3		13	1
460	2026-02-01 19:01:54.264091+00	180	2026-01-05 17:00:00 - Luis Clemente Llanos Isla (8 años) - PSICOPEDAGOGIA - Bs. 50.00	3		13	1
461	2026-02-01 19:01:54.264116+00	222	2026-01-06 11:15:00 - Lucas Ignacio Condo Jancko (2 años) - PSICOMOTRICIDAD - Bs. 50.00	3		13	1
462	2026-02-01 19:01:54.26414+00	249	2026-01-06 15:15:00 - Briana Catalina Sagardia Navarro (2 años) - TERAPIA OCUPACIONAL/INDEPENDENCIA PERSONAL - Bs. 50.00	3		13	1
463	2026-02-01 19:01:54.264164+00	241	2026-01-06 16:00:00 - Briana Catalina Sagardia Navarro (2 años) - TERAPIA DE LENGUAJE/FONOAUDIOLOGIA - Bs. 70.00	3		13	1
464	2026-02-01 19:01:54.264187+00	303	2026-01-06 16:30:00 - Thiago Matias Barahona Mancilla (9 años) - TERAPIA DE LENGUAJE/FONOAUDIOLOGIA - Bs. 70.00	3		13	1
465	2026-02-01 19:01:54.26421+00	265	2026-01-06 16:45:00 - Hanna Rashiel Merida Carata (2 años) - ESTIMULACION TEMPRANA - Bs. 50.00	3		13	1
466	2026-02-01 19:01:54.264234+00	83	2026-01-06 17:00:00 - Andre Fabricio Garnica Fernandez (4 años) - TERAPIA DE LENGUAJE/FONOAUDIOLOGIA - Bs. 70.00	3		13	1
467	2026-02-01 19:01:54.264278+00	245	2026-01-07 14:30:00 - Briana Catalina Sagardia Navarro (2 años) - TERAPIA DE LENGUAJE/FONOAUDIOLOGIA - Bs. 70.00	3		13	1
468	2026-02-01 19:01:54.264319+00	126	2026-01-07 15:00:00 - Erick Aguirre Alcaraz (10 años) - TERAPIA DE LENGUAJE/FONOAUDIOLOGIA - Bs. 70.00	3		13	1
469	2026-02-01 19:01:54.264345+00	250	2026-01-07 15:15:00 - Briana Catalina Sagardia Navarro (2 años) - TERAPIA OCUPACIONAL/INDEPENDENCIA PERSONAL - Bs. 50.00	3		13	1
470	2026-02-01 19:01:54.264368+00	87	2026-01-07 15:15:00 - Andre Fabricio Garnica Fernandez (4 años) - PSICOMOTRICIDAD - Bs. 50.00	3		13	1
471	2026-02-01 19:01:54.264391+00	134	2026-01-07 15:45:00 - Erick Aguirre Alcaraz (10 años) - PSICOLOGIA INFANTIL - Bs. 70.00	3		13	1
472	2026-02-01 19:01:54.264413+00	184	2026-01-07 16:00:00 - Luis Clemente Llanos Isla (8 años) - TERAPIA OCUPACIONAL/INDEPENDENCIA PERSONAL - Bs. 50.00	3		13	1
473	2026-02-01 19:01:54.264435+00	266	2026-01-07 16:45:00 - Hanna Rashiel Merida Carata (2 años) - ESTIMULACION TEMPRANA - Bs. 50.00	3		13	1
474	2026-02-01 19:01:54.264457+00	169	2026-01-07 18:00:00 - Juan Luis Flores Rivera (9 años) - APOYO ESCOLAR - Bs. 20.00	3		13	1
475	2026-02-01 19:01:54.264479+00	226	2026-01-07 18:45:00 - Lucas Ignacio Condo Jancko (2 años) - PSICOMOTRICIDAD - Bs. 50.00	3		13	1
476	2026-02-01 19:01:54.2645+00	293	2026-01-08 14:30:00 - Mateo Benjamin Coro Astete (3 años) - MEN 09 TERAPIA INTEGRAL - Bs. 1300.00	3		13	1
477	2026-02-01 19:01:54.264522+00	92	2026-01-08 16:00:00 - Andre Fabricio Garnica Fernandez (4 años) - PSICOMOTRICIDAD - Bs. 50.00	3		13	1
478	2026-02-01 19:01:54.264544+00	191	2026-01-08 17:15:00 - Luis Clemente Llanos Isla (8 años) - PSICOLOGIA INFANTIL - Bs. 70.00	3		13	1
479	2026-02-01 19:01:54.264564+00	187	2026-01-08 18:00:00 - Luis Clemente Llanos Isla (8 años) - TERAPIA OCUPACIONAL/INDEPENDENCIA PERSONAL - Bs. 50.00	3		13	1
480	2026-02-01 19:01:54.264585+00	230	2026-01-08 18:45:00 - Lucas Ignacio Condo Jancko (2 años) - PSICOMOTRICIDAD - Bs. 50.00	3		13	1
481	2026-02-01 19:01:54.264607+00	278	2026-01-09 09:00:00 - Hanna Rashiel Merida Carata (2 años) - ESTIMULACION TEMPRANA - Bs. 50.00	3		13	1
482	2026-02-01 19:01:54.264628+00	234	2026-01-09 11:15:00 - Lucas Ignacio Condo Jancko (2 años) - PSICOMOTRICIDAD - Bs. 50.00	3		13	1
483	2026-02-01 19:01:54.264649+00	294	2026-01-09 14:30:00 - Mateo Benjamin Coro Astete (3 años) - MEN 09 TERAPIA INTEGRAL - Bs. 1300.00	3		13	1
484	2026-02-01 19:01:54.26467+00	127	2026-01-09 15:00:00 - Erick Aguirre Alcaraz (10 años) - TERAPIA DE LENGUAJE/FONOAUDIOLOGIA - Bs. 70.00	3		13	1
485	2026-02-01 19:01:54.264691+00	107	2026-01-09 15:30:00 - Andre Fabricio Garnica Fernandez (4 años) - PSICOPEDAGOGIA - Bs. 50.00	3		13	1
486	2026-02-01 19:01:54.264713+00	135	2026-01-09 15:45:00 - Erick Aguirre Alcaraz (10 años) - PSICOLOGIA INFANTIL - Bs. 70.00	3		13	1
487	2026-02-01 19:01:54.264734+00	304	2026-01-09 16:30:00 - Thiago Matias Barahona Mancilla (9 años) - TERAPIA DE LENGUAJE/FONOAUDIOLOGIA - Bs. 70.00	3		13	1
488	2026-02-01 19:01:54.264756+00	80	2026-01-12 15:00:00 - Andre Fabricio Garnica Fernandez (4 años) - TERAPIA DE LENGUAJE/FONOAUDIOLOGIA - Bs. 70.00	3		13	1
489	2026-02-01 19:01:54.264778+00	108	2026-01-12 15:30:00 - Andre Fabricio Garnica Fernandez (4 años) - PSICOPEDAGOGIA - Bs. 50.00	3		13	1
1516	2026-02-08 16:57:14.447067+00	11	Rodriguez Romero, Ana Gabriela	2	[{"changed": {"fields": ["Servicios"]}}]	14	1
490	2026-02-01 19:01:54.264845+00	181	2026-01-12 17:00:00 - Luis Clemente Llanos Isla (8 años) - PSICOPEDAGOGIA - Bs. 50.00	3		13	1
491	2026-02-01 19:01:54.26488+00	120	2026-01-12 17:30:00 - Dalia Otalora Marcelo (9 años) - TERAPIA DE LENGUAJE/FONOAUDIOLOGIA - Bs. 70.00	3		13	1
492	2026-02-01 19:01:54.264905+00	163	2026-01-12 18:00:00 - Juan Luis Flores Rivera (9 años) - APOYO ESCOLAR - Bs. 20.00	3		13	1
493	2026-02-01 19:01:54.264928+00	114	2026-01-12 18:00:00 - Dalia Otalora Marcelo (9 años) - PSICOLOGIA INFANTIL - Bs. 70.00	3		13	1
494	2026-02-01 19:01:54.26495+00	220	2026-01-12 18:45:00 - Lucas Ignacio Condo Jancko (2 años) - PSICOMOTRICIDAD - Bs. 50.00	3		13	1
495	2026-02-01 19:01:54.264973+00	142	2026-01-13 09:00:00 - Dante Aguirre Alcaraz (3 años) - TERAPIA OCUPACIONAL/INDEPENDENCIA PERSONAL - Bs. 50.00	3		13	1
496	2026-02-01 19:01:54.264996+00	148	2026-01-13 09:45:00 - Dante Aguirre Alcaraz (3 años) - PSICOLOGIA INFANTIL - Bs. 70.00	3		13	1
497	2026-02-01 19:01:54.265019+00	223	2026-01-13 11:15:00 - Lucas Ignacio Condo Jancko (2 años) - PSICOMOTRICIDAD - Bs. 50.00	3		13	1
498	2026-02-01 19:01:54.265041+00	251	2026-01-13 15:15:00 - Briana Catalina Sagardia Navarro (2 años) - TERAPIA OCUPACIONAL/INDEPENDENCIA PERSONAL - Bs. 50.00	3		13	1
499	2026-02-01 19:01:54.265063+00	166	2026-01-13 15:30:00 - Juan Luis Flores Rivera (9 años) - APOYO ESCOLAR - Bs. 20.00	3		13	1
500	2026-02-01 19:01:54.265085+00	242	2026-01-13 16:00:00 - Briana Catalina Sagardia Navarro (2 años) - TERAPIA DE LENGUAJE/FONOAUDIOLOGIA - Bs. 70.00	3		13	1
501	2026-02-01 19:01:54.265107+00	97	2026-01-13 16:00:00 - Andre Fabricio Garnica Fernandez (4 años) - TERAPIA OCUPACIONAL/INDEPENDENCIA PERSONAL - Bs. 50.00	3		13	1
502	2026-02-01 19:01:54.265127+00	305	2026-01-13 16:30:00 - Thiago Matias Barahona Mancilla (9 años) - TERAPIA DE LENGUAJE/FONOAUDIOLOGIA - Bs. 70.00	3		13	1
503	2026-02-01 19:01:54.265149+00	267	2026-01-13 16:45:00 - Hanna Rashiel Merida Carata (2 años) - ESTIMULACION TEMPRANA - Bs. 50.00	3		13	1
504	2026-02-01 19:01:54.265171+00	84	2026-01-13 17:00:00 - Andre Fabricio Garnica Fernandez (4 años) - TERAPIA DE LENGUAJE/FONOAUDIOLOGIA - Bs. 70.00	3		13	1
505	2026-02-01 19:01:54.265192+00	154	2026-01-13 18:00:00 - Enrique Darwin Quispe Choque (6 años) - TERAPIA DE LENGUAJE/FONOAUDIOLOGIA - Bs. 70.00	3		13	1
506	2026-02-01 19:01:54.265213+00	246	2026-01-14 14:30:00 - Briana Catalina Sagardia Navarro (2 años) - TERAPIA DE LENGUAJE/FONOAUDIOLOGIA - Bs. 70.00	3		13	1
507	2026-02-01 19:01:54.265234+00	73	2026-01-14 14:30:00 - Andre Fabricio Garnica Fernandez (4 años) - PSICOLOGIA INFANTIL - Bs. 70.00	3		13	1
508	2026-02-01 19:01:54.265256+00	195	2026-01-14 15:00:00 - Luis Clemente Llanos Isla (8 años) - PSICOLOGIA INFANTIL - Bs. 70.00	3		13	1
509	2026-02-01 19:01:54.265279+00	128	2026-01-14 15:00:00 - Erick Aguirre Alcaraz (10 años) - TERAPIA DE LENGUAJE/FONOAUDIOLOGIA - Bs. 70.00	3		13	1
510	2026-02-01 19:01:54.265301+00	252	2026-01-14 15:15:00 - Briana Catalina Sagardia Navarro (2 años) - TERAPIA OCUPACIONAL/INDEPENDENCIA PERSONAL - Bs. 50.00	3		13	1
511	2026-02-01 19:01:54.265322+00	88	2026-01-14 15:15:00 - Andre Fabricio Garnica Fernandez (4 años) - PSICOMOTRICIDAD - Bs. 50.00	3		13	1
512	2026-02-01 19:01:54.265342+00	136	2026-01-14 15:45:00 - Erick Aguirre Alcaraz (10 años) - PSICOLOGIA INFANTIL - Bs. 70.00	3		13	1
513	2026-02-01 19:01:54.265362+00	185	2026-01-14 16:00:00 - Luis Clemente Llanos Isla (8 años) - TERAPIA OCUPACIONAL/INDEPENDENCIA PERSONAL - Bs. 50.00	3		13	1
514	2026-02-01 19:01:54.265384+00	200	2026-01-14 16:30:00 - Mia Shantall Camargo Barja (7 años) - APOYO ESCOLAR - Bs. 20.00	3		13	1
515	2026-02-01 19:01:54.265426+00	268	2026-01-14 16:45:00 - Hanna Rashiel Merida Carata (2 años) - ESTIMULACION TEMPRANA - Bs. 50.00	3		13	1
516	2026-02-01 19:01:54.265452+00	212	2026-01-14 17:30:00 - Mia Shantall Camargo Barja (7 años) - TERAPIA DE LENGUAJE/FONOAUDIOLOGIA - Bs. 70.00	3		13	1
517	2026-02-01 19:01:54.265474+00	170	2026-01-14 18:00:00 - Juan Luis Flores Rivera (9 años) - APOYO ESCOLAR - Bs. 20.00	3		13	1
518	2026-02-01 19:01:54.265497+00	227	2026-01-14 18:45:00 - Lucas Ignacio Condo Jancko (2 años) - PSICOMOTRICIDAD - Bs. 50.00	3		13	1
519	2026-02-01 19:01:54.265518+00	143	2026-01-15 09:00:00 - Dante Aguirre Alcaraz (3 años) - TERAPIA OCUPACIONAL/INDEPENDENCIA PERSONAL - Bs. 50.00	3		13	1
520	2026-02-01 19:01:54.265537+00	149	2026-01-15 09:45:00 - Dante Aguirre Alcaraz (3 años) - PSICOLOGIA INFANTIL - Bs. 70.00	3		13	1
521	2026-02-01 19:01:54.265558+00	295	2026-01-15 14:30:00 - Mateo Benjamin Coro Astete (3 años) - MEN 09 TERAPIA INTEGRAL - Bs. 1300.00	3		13	1
522	2026-02-01 19:01:54.265578+00	102	2026-01-15 15:15:00 - Andre Fabricio Garnica Fernandez (4 años) - TERAPIA OCUPACIONAL/INDEPENDENCIA PERSONAL - Bs. 50.00	3		13	1
523	2026-02-01 19:01:54.265597+00	203	2026-01-15 15:30:00 - Mia Shantall Camargo Barja (7 años) - APOYO ESCOLAR - Bs. 20.00	3		13	1
524	2026-02-01 19:01:54.265616+00	93	2026-01-15 16:00:00 - Andre Fabricio Garnica Fernandez (4 años) - PSICOMOTRICIDAD - Bs. 50.00	3		13	1
525	2026-02-01 19:01:54.265654+00	269	2026-01-15 16:45:00 - Hanna Rashiel Merida Carata (2 años) - ESTIMULACION TEMPRANA - Bs. 50.00	3		13	1
526	2026-02-01 19:01:54.265675+00	192	2026-01-15 17:15:00 - Luis Clemente Llanos Isla (8 años) - PSICOLOGIA INFANTIL - Bs. 70.00	3		13	1
527	2026-02-01 19:01:54.265695+00	121	2026-01-15 17:30:00 - Dalia Otalora Marcelo (9 años) - TERAPIA DE LENGUAJE/FONOAUDIOLOGIA - Bs. 70.00	3		13	1
528	2026-02-01 19:01:54.265714+00	188	2026-01-15 18:00:00 - Luis Clemente Llanos Isla (8 años) - TERAPIA OCUPACIONAL/INDEPENDENCIA PERSONAL - Bs. 50.00	3		13	1
529	2026-02-01 19:01:54.265734+00	155	2026-01-15 18:00:00 - Enrique Darwin Quispe Choque (6 años) - TERAPIA DE LENGUAJE/FONOAUDIOLOGIA - Bs. 70.00	3		13	1
530	2026-02-01 19:01:54.265754+00	115	2026-01-15 18:00:00 - Dalia Otalora Marcelo (9 años) - PSICOLOGIA INFANTIL - Bs. 70.00	3		13	1
531	2026-02-01 19:01:54.265774+00	231	2026-01-15 18:45:00 - Lucas Ignacio Condo Jancko (2 años) - PSICOMOTRICIDAD - Bs. 50.00	3		13	1
532	2026-02-01 19:01:54.265824+00	279	2026-01-16 09:00:00 - Hanna Rashiel Merida Carata (2 años) - ESTIMULACION TEMPRANA - Bs. 50.00	3		13	1
533	2026-02-01 19:01:54.265855+00	235	2026-01-16 11:15:00 - Lucas Ignacio Condo Jancko (2 años) - PSICOMOTRICIDAD - Bs. 50.00	3		13	1
534	2026-02-01 19:01:54.265878+00	296	2026-01-16 14:30:00 - Mateo Benjamin Coro Astete (3 años) - MEN 09 TERAPIA INTEGRAL - Bs. 1300.00	3		13	1
535	2026-02-01 19:01:54.265901+00	215	2026-01-16 14:30:00 - Mia Shantall Camargo Barja (7 años) - TERAPIA DE LENGUAJE/FONOAUDIOLOGIA - Bs. 70.00	3		13	1
536	2026-02-01 19:01:54.265922+00	74	2026-01-16 14:30:00 - Andre Fabricio Garnica Fernandez (4 años) - PSICOLOGIA INFANTIL - Bs. 70.00	3		13	1
537	2026-02-01 19:01:54.265942+00	206	2026-01-16 15:00:00 - Mia Shantall Camargo Barja (7 años) - APOYO ESCOLAR - Bs. 20.00	3		13	1
538	2026-02-01 19:01:54.265968+00	129	2026-01-16 15:00:00 - Erick Aguirre Alcaraz (10 años) - TERAPIA DE LENGUAJE/FONOAUDIOLOGIA - Bs. 70.00	3		13	1
539	2026-02-01 19:01:54.266012+00	109	2026-01-16 15:30:00 - Andre Fabricio Garnica Fernandez (4 años) - PSICOPEDAGOGIA - Bs. 50.00	3		13	1
540	2026-02-01 19:01:54.266038+00	137	2026-01-16 15:45:00 - Erick Aguirre Alcaraz (10 años) - PSICOLOGIA INFANTIL - Bs. 70.00	3		13	1
541	2026-02-01 19:01:54.26606+00	306	2026-01-16 16:30:00 - Thiago Matias Barahona Mancilla (9 años) - TERAPIA DE LENGUAJE/FONOAUDIOLOGIA - Bs. 70.00	3		13	1
542	2026-02-01 19:01:54.266081+00	160	2026-01-16 17:30:00 - Enrique Darwin Quispe Choque (6 años) - TERAPIA DE LENGUAJE/FONOAUDIOLOGIA - Bs. 70.00	3		13	1
543	2026-02-01 19:01:54.266102+00	209	2026-01-17 09:30:00 - Mia Shantall Camargo Barja (7 años) - APOYO ESCOLAR - Bs. 20.00	3		13	1
544	2026-02-01 19:01:54.266123+00	81	2026-01-19 15:00:00 - Andre Fabricio Garnica Fernandez (4 años) - TERAPIA DE LENGUAJE/FONOAUDIOLOGIA - Bs. 70.00	3		13	1
545	2026-02-01 19:01:54.266143+00	218	2026-01-19 15:30:00 - Mia Shantall Camargo Barja (7 años) - TERAPIA DE LENGUAJE/FONOAUDIOLOGIA - Bs. 70.00	3		13	1
546	2026-02-01 19:01:54.266163+00	110	2026-01-19 15:30:00 - Andre Fabricio Garnica Fernandez (4 años) - PSICOPEDAGOGIA - Bs. 50.00	3		13	1
547	2026-02-01 19:01:54.266183+00	198	2026-01-19 16:00:00 - Mia Shantall Camargo Barja (7 años) - APOYO ESCOLAR - Bs. 20.00	3		13	1
548	2026-02-01 19:01:54.266203+00	270	2026-01-19 16:45:00 - Hanna Rashiel Merida Carata (2 años) - ESTIMULACION TEMPRANA - Bs. 50.00	3		13	1
549	2026-02-01 19:01:54.266224+00	182	2026-01-19 17:00:00 - Luis Clemente Llanos Isla (8 años) - PSICOPEDAGOGIA - Bs. 50.00	3		13	1
550	2026-02-01 19:01:54.266244+00	122	2026-01-19 17:30:00 - Dalia Otalora Marcelo (9 años) - TERAPIA DE LENGUAJE/FONOAUDIOLOGIA - Bs. 70.00	3		13	1
551	2026-02-01 19:01:54.266265+00	164	2026-01-19 18:00:00 - Juan Luis Flores Rivera (9 años) - APOYO ESCOLAR - Bs. 20.00	3		13	1
552	2026-02-01 19:01:54.266285+00	116	2026-01-19 18:00:00 - Dalia Otalora Marcelo (9 años) - PSICOLOGIA INFANTIL - Bs. 70.00	3		13	1
553	2026-02-01 19:01:54.266305+00	144	2026-01-20 09:00:00 - Dante Aguirre Alcaraz (3 años) - TERAPIA OCUPACIONAL/INDEPENDENCIA PERSONAL - Bs. 50.00	3		13	1
554	2026-02-01 19:01:54.266324+00	150	2026-01-20 09:45:00 - Dante Aguirre Alcaraz (3 años) - PSICOLOGIA INFANTIL - Bs. 70.00	3		13	1
555	2026-02-01 19:01:54.266344+00	224	2026-01-20 11:15:00 - Lucas Ignacio Condo Jancko (2 años) - PSICOMOTRICIDAD - Bs. 50.00	3		13	1
556	2026-02-01 19:02:30.671738+00	253	2026-01-20 15:15:00 - Briana Catalina Sagardia Navarro (2 años) - TERAPIA OCUPACIONAL/INDEPENDENCIA PERSONAL - Bs. 50.00	3		13	1
557	2026-02-01 19:02:30.671841+00	167	2026-01-20 15:30:00 - Juan Luis Flores Rivera (9 años) - APOYO ESCOLAR - Bs. 20.00	3		13	1
558	2026-02-01 19:02:30.671889+00	243	2026-01-20 16:00:00 - Briana Catalina Sagardia Navarro (2 años) - TERAPIA DE LENGUAJE/FONOAUDIOLOGIA - Bs. 70.00	3		13	1
559	2026-02-01 19:02:30.671932+00	98	2026-01-20 16:00:00 - Andre Fabricio Garnica Fernandez (4 años) - TERAPIA OCUPACIONAL/INDEPENDENCIA PERSONAL - Bs. 50.00	3		13	1
560	2026-02-01 19:02:30.671972+00	307	2026-01-20 16:30:00 - Thiago Matias Barahona Mancilla (9 años) - TERAPIA DE LENGUAJE/FONOAUDIOLOGIA - Bs. 70.00	3		13	1
561	2026-02-01 19:02:30.672009+00	261	2026-01-20 16:30:00 - Luis Eduardo Mirabal Uño (6 años) - PSICOPEDAGOGIA - Bs. 50.00	3		13	1
562	2026-02-01 19:02:30.672046+00	271	2026-01-20 16:45:00 - Hanna Rashiel Merida Carata (2 años) - ESTIMULACION TEMPRANA - Bs. 50.00	3		13	1
563	2026-02-01 19:02:30.672083+00	85	2026-01-20 17:00:00 - Andre Fabricio Garnica Fernandez (4 años) - TERAPIA DE LENGUAJE/FONOAUDIOLOGIA - Bs. 70.00	3		13	1
564	2026-02-01 19:02:30.672121+00	257	2026-01-20 17:30:00 - Luis Eduardo Mirabal Uño (6 años) - PSICOLOGIA INFANTIL - Bs. 70.00	3		13	1
565	2026-02-01 19:02:30.672202+00	156	2026-01-20 18:00:00 - Enrique Darwin Quispe Choque (6 años) - TERAPIA DE LENGUAJE/FONOAUDIOLOGIA - Bs. 70.00	3		13	1
566	2026-02-01 19:02:30.672245+00	247	2026-01-21 14:30:00 - Briana Catalina Sagardia Navarro (2 años) - TERAPIA DE LENGUAJE/FONOAUDIOLOGIA - Bs. 70.00	3		13	1
567	2026-02-01 19:02:30.672284+00	75	2026-01-21 14:30:00 - Andre Fabricio Garnica Fernandez (4 años) - PSICOLOGIA INFANTIL - Bs. 70.00	3		13	1
568	2026-02-01 19:02:30.67232+00	196	2026-01-21 15:00:00 - Luis Clemente Llanos Isla (8 años) - PSICOLOGIA INFANTIL - Bs. 70.00	3		13	1
569	2026-02-01 19:02:30.672356+00	130	2026-01-21 15:00:00 - Erick Aguirre Alcaraz (10 años) - TERAPIA DE LENGUAJE/FONOAUDIOLOGIA - Bs. 70.00	3		13	1
570	2026-02-01 19:02:30.672397+00	254	2026-01-21 15:15:00 - Briana Catalina Sagardia Navarro (2 años) - TERAPIA OCUPACIONAL/INDEPENDENCIA PERSONAL - Bs. 50.00	3		13	1
571	2026-02-01 19:02:30.672433+00	89	2026-01-21 15:15:00 - Andre Fabricio Garnica Fernandez (4 años) - PSICOMOTRICIDAD - Bs. 50.00	3		13	1
572	2026-02-01 19:02:30.672468+00	138	2026-01-21 15:45:00 - Erick Aguirre Alcaraz (10 años) - PSICOLOGIA INFANTIL - Bs. 70.00	3		13	1
573	2026-02-01 19:02:30.672504+00	201	2026-01-21 16:30:00 - Mia Shantall Camargo Barja (7 años) - APOYO ESCOLAR - Bs. 20.00	3		13	1
574	2026-02-01 19:02:30.672539+00	272	2026-01-21 16:45:00 - Hanna Rashiel Merida Carata (2 años) - ESTIMULACION TEMPRANA - Bs. 50.00	3		13	1
575	2026-02-01 19:02:30.672574+00	213	2026-01-21 17:30:00 - Mia Shantall Camargo Barja (7 años) - TERAPIA DE LENGUAJE/FONOAUDIOLOGIA - Bs. 70.00	3		13	1
576	2026-02-01 19:02:30.672608+00	171	2026-01-21 18:00:00 - Juan Luis Flores Rivera (9 años) - APOYO ESCOLAR - Bs. 20.00	3		13	1
577	2026-02-01 19:02:30.672642+00	228	2026-01-21 18:45:00 - Lucas Ignacio Condo Jancko (2 años) - PSICOMOTRICIDAD - Bs. 50.00	3		13	1
578	2026-02-01 19:02:30.672677+00	145	2026-01-22 09:00:00 - Dante Aguirre Alcaraz (3 años) - TERAPIA OCUPACIONAL/INDEPENDENCIA PERSONAL - Bs. 50.00	3		13	1
579	2026-02-01 19:02:30.672712+00	151	2026-01-22 09:45:00 - Dante Aguirre Alcaraz (3 años) - PSICOLOGIA INFANTIL - Bs. 70.00	3		13	1
580	2026-02-01 19:02:30.672746+00	297	2026-01-22 14:30:00 - Mateo Benjamin Coro Astete (3 años) - MEN 09 TERAPIA INTEGRAL - Bs. 1300.00	3		13	1
581	2026-02-01 19:02:30.67278+00	103	2026-01-22 15:15:00 - Andre Fabricio Garnica Fernandez (4 años) - TERAPIA OCUPACIONAL/INDEPENDENCIA PERSONAL - Bs. 50.00	3		13	1
582	2026-02-01 19:02:30.67284+00	204	2026-01-22 15:30:00 - Mia Shantall Camargo Barja (7 años) - APOYO ESCOLAR - Bs. 20.00	3		13	1
583	2026-02-01 19:02:30.672877+00	94	2026-01-22 16:00:00 - Andre Fabricio Garnica Fernandez (4 años) - PSICOMOTRICIDAD - Bs. 50.00	3		13	1
584	2026-02-01 19:02:30.672913+00	262	2026-01-22 16:30:00 - Luis Eduardo Mirabal Uño (6 años) - PSICOPEDAGOGIA - Bs. 50.00	3		13	1
585	2026-02-01 19:02:30.672948+00	273	2026-01-22 16:45:00 - Hanna Rashiel Merida Carata (2 años) - ESTIMULACION TEMPRANA - Bs. 50.00	3		13	1
586	2026-02-01 19:02:30.672983+00	193	2026-01-22 17:15:00 - Luis Clemente Llanos Isla (8 años) - PSICOLOGIA INFANTIL - Bs. 70.00	3		13	1
587	2026-02-01 19:02:30.673019+00	258	2026-01-22 17:30:00 - Luis Eduardo Mirabal Uño (6 años) - PSICOLOGIA INFANTIL - Bs. 70.00	3		13	1
588	2026-02-01 19:02:30.673054+00	123	2026-01-22 17:30:00 - Dalia Otalora Marcelo (9 años) - TERAPIA DE LENGUAJE/FONOAUDIOLOGIA - Bs. 70.00	3		13	1
589	2026-02-01 19:02:30.673091+00	189	2026-01-22 18:00:00 - Luis Clemente Llanos Isla (8 años) - TERAPIA OCUPACIONAL/INDEPENDENCIA PERSONAL - Bs. 50.00	3		13	1
590	2026-02-01 19:02:30.673124+00	157	2026-01-22 18:00:00 - Enrique Darwin Quispe Choque (6 años) - TERAPIA DE LENGUAJE/FONOAUDIOLOGIA - Bs. 70.00	3		13	1
591	2026-02-01 19:02:30.673159+00	117	2026-01-22 18:00:00 - Dalia Otalora Marcelo (9 años) - PSICOLOGIA INFANTIL - Bs. 70.00	3		13	1
592	2026-02-01 19:02:30.673192+00	232	2026-01-22 18:45:00 - Lucas Ignacio Condo Jancko (2 años) - PSICOMOTRICIDAD - Bs. 50.00	3		13	1
593	2026-02-01 19:02:30.673227+00	280	2026-01-23 09:00:00 - Hanna Rashiel Merida Carata (2 años) - ESTIMULACION TEMPRANA - Bs. 50.00	3		13	1
594	2026-02-01 19:02:30.67326+00	236	2026-01-23 11:15:00 - Lucas Ignacio Condo Jancko (2 años) - PSICOMOTRICIDAD - Bs. 50.00	3		13	1
595	2026-02-01 19:02:30.673294+00	298	2026-01-23 14:30:00 - Mateo Benjamin Coro Astete (3 años) - MEN 09 TERAPIA INTEGRAL - Bs. 1300.00	3		13	1
596	2026-02-01 19:02:30.673329+00	216	2026-01-23 14:30:00 - Mia Shantall Camargo Barja (7 años) - TERAPIA DE LENGUAJE/FONOAUDIOLOGIA - Bs. 70.00	3		13	1
597	2026-02-01 19:02:30.673365+00	76	2026-01-23 14:30:00 - Andre Fabricio Garnica Fernandez (4 años) - PSICOLOGIA INFANTIL - Bs. 70.00	3		13	1
598	2026-02-01 19:02:30.673399+00	207	2026-01-23 15:00:00 - Mia Shantall Camargo Barja (7 años) - APOYO ESCOLAR - Bs. 20.00	3		13	1
599	2026-02-01 19:02:30.673434+00	131	2026-01-23 15:00:00 - Erick Aguirre Alcaraz (10 años) - TERAPIA DE LENGUAJE/FONOAUDIOLOGIA - Bs. 70.00	3		13	1
600	2026-02-01 19:02:30.673469+00	111	2026-01-23 15:30:00 - Andre Fabricio Garnica Fernandez (4 años) - PSICOPEDAGOGIA - Bs. 50.00	3		13	1
601	2026-02-01 19:02:30.673504+00	139	2026-01-23 15:45:00 - Erick Aguirre Alcaraz (10 años) - PSICOLOGIA INFANTIL - Bs. 70.00	3		13	1
602	2026-02-01 19:02:30.673538+00	308	2026-01-23 16:30:00 - Thiago Matias Barahona Mancilla (9 años) - TERAPIA DE LENGUAJE/FONOAUDIOLOGIA - Bs. 70.00	3		13	1
603	2026-02-01 19:02:30.673573+00	161	2026-01-23 17:30:00 - Enrique Darwin Quispe Choque (6 años) - TERAPIA DE LENGUAJE/FONOAUDIOLOGIA - Bs. 70.00	3		13	1
604	2026-02-01 19:02:30.673608+00	210	2026-01-24 09:30:00 - Mia Shantall Camargo Barja (7 años) - APOYO ESCOLAR - Bs. 20.00	3		13	1
605	2026-02-01 19:02:30.673658+00	239	2026-01-24 10:30:00 - Cristopher Robert Venegas Morales (4 años) - TERAPIA OCUPACIONAL/INDEPENDENCIA PERSONAL - Bs. 50.00	3		13	1
606	2026-02-01 19:02:30.673694+00	240	2026-01-24 11:30:00 - Ignacio Ariel Olmedo Lizondo (0 años) - HIDROTERAPIA (0 a 4 años) - Bs. 100.00	3		13	1
607	2026-02-01 19:02:30.673729+00	238	2026-01-24 11:30:00 - Cristopher Robert Venegas Morales (4 años) - TERAPIA DE LENGUAJE/FONOAUDIOLOGIA - Bs. 70.00	3		13	1
608	2026-02-01 19:02:30.673765+00	301	2026-01-26 14:30:00 - Mateo Benjamin Coro Astete (3 años) - MEN 09 TERAPIA INTEGRAL - Bs. 1300.00	3		13	1
609	2026-02-01 19:02:30.673832+00	82	2026-01-26 15:00:00 - Andre Fabricio Garnica Fernandez (4 años) - TERAPIA DE LENGUAJE/FONOAUDIOLOGIA - Bs. 70.00	3		13	1
610	2026-02-01 19:02:30.67387+00	219	2026-01-26 15:30:00 - Mia Shantall Camargo Barja (7 años) - TERAPIA DE LENGUAJE/FONOAUDIOLOGIA - Bs. 70.00	3		13	1
611	2026-02-01 19:02:30.673906+00	112	2026-01-26 15:30:00 - Andre Fabricio Garnica Fernandez (4 años) - PSICOPEDAGOGIA - Bs. 50.00	3		13	1
612	2026-02-01 19:02:30.673942+00	199	2026-01-26 16:00:00 - Mia Shantall Camargo Barja (7 años) - APOYO ESCOLAR - Bs. 20.00	3		13	1
613	2026-02-01 19:02:30.673976+00	274	2026-01-26 16:45:00 - Hanna Rashiel Merida Carata (2 años) - ESTIMULACION TEMPRANA - Bs. 50.00	3		13	1
614	2026-02-01 19:02:30.674009+00	183	2026-01-26 17:00:00 - Luis Clemente Llanos Isla (8 años) - PSICOPEDAGOGIA - Bs. 50.00	3		13	1
615	2026-02-01 19:02:30.674044+00	124	2026-01-26 17:30:00 - Dalia Otalora Marcelo (9 años) - TERAPIA DE LENGUAJE/FONOAUDIOLOGIA - Bs. 70.00	3		13	1
616	2026-02-01 19:02:30.674078+00	165	2026-01-26 18:00:00 - Juan Luis Flores Rivera (9 años) - APOYO ESCOLAR - Bs. 20.00	3		13	1
617	2026-02-01 19:02:30.674111+00	118	2026-01-26 18:00:00 - Dalia Otalora Marcelo (9 años) - PSICOLOGIA INFANTIL - Bs. 70.00	3		13	1
618	2026-02-01 19:02:30.674147+00	221	2026-01-26 18:45:00 - Lucas Ignacio Condo Jancko (2 años) - PSICOMOTRICIDAD - Bs. 50.00	3		13	1
619	2026-02-01 19:02:30.674185+00	146	2026-01-27 09:00:00 - Dante Aguirre Alcaraz (3 años) - TERAPIA OCUPACIONAL/INDEPENDENCIA PERSONAL - Bs. 50.00	3		13	1
620	2026-02-01 19:02:30.67422+00	152	2026-01-27 09:45:00 - Dante Aguirre Alcaraz (3 años) - PSICOLOGIA INFANTIL - Bs. 70.00	3		13	1
621	2026-02-01 19:02:30.674255+00	225	2026-01-27 11:15:00 - Lucas Ignacio Condo Jancko (2 años) - PSICOMOTRICIDAD - Bs. 50.00	3		13	1
622	2026-02-01 19:02:30.67429+00	255	2026-01-27 15:15:00 - Briana Catalina Sagardia Navarro (2 años) - TERAPIA OCUPACIONAL/INDEPENDENCIA PERSONAL - Bs. 50.00	3		13	1
623	2026-02-01 19:02:30.674325+00	168	2026-01-27 15:30:00 - Juan Luis Flores Rivera (9 años) - APOYO ESCOLAR - Bs. 20.00	3		13	1
624	2026-02-01 19:02:30.674359+00	244	2026-01-27 16:00:00 - Briana Catalina Sagardia Navarro (2 años) - TERAPIA DE LENGUAJE/FONOAUDIOLOGIA - Bs. 70.00	3		13	1
625	2026-02-01 19:02:30.674393+00	99	2026-01-27 16:00:00 - Andre Fabricio Garnica Fernandez (4 años) - TERAPIA OCUPACIONAL/INDEPENDENCIA PERSONAL - Bs. 50.00	3		13	1
626	2026-02-01 19:02:30.674427+00	309	2026-01-27 16:30:00 - Thiago Matias Barahona Mancilla (9 años) - TERAPIA DE LENGUAJE/FONOAUDIOLOGIA - Bs. 70.00	3		13	1
627	2026-02-01 19:02:30.674461+00	263	2026-01-27 16:30:00 - Luis Eduardo Mirabal Uño (6 años) - PSICOPEDAGOGIA - Bs. 50.00	3		13	1
628	2026-02-01 19:02:30.674494+00	275	2026-01-27 16:45:00 - Hanna Rashiel Merida Carata (2 años) - ESTIMULACION TEMPRANA - Bs. 50.00	3		13	1
629	2026-02-01 19:02:30.674527+00	86	2026-01-27 17:00:00 - Andre Fabricio Garnica Fernandez (4 años) - TERAPIA DE LENGUAJE/FONOAUDIOLOGIA - Bs. 70.00	3		13	1
630	2026-02-01 19:02:30.674561+00	259	2026-01-27 17:30:00 - Luis Eduardo Mirabal Uño (6 años) - PSICOLOGIA INFANTIL - Bs. 70.00	3		13	1
631	2026-02-01 19:02:30.674596+00	158	2026-01-27 18:00:00 - Enrique Darwin Quispe Choque (6 años) - TERAPIA DE LENGUAJE/FONOAUDIOLOGIA - Bs. 70.00	3		13	1
632	2026-02-01 19:02:30.67463+00	248	2026-01-28 14:30:00 - Briana Catalina Sagardia Navarro (2 años) - TERAPIA DE LENGUAJE/FONOAUDIOLOGIA - Bs. 70.00	3		13	1
633	2026-02-01 19:02:30.674668+00	77	2026-01-28 14:30:00 - Andre Fabricio Garnica Fernandez (4 años) - PSICOLOGIA INFANTIL - Bs. 70.00	3		13	1
634	2026-02-01 19:02:30.674703+00	197	2026-01-28 15:00:00 - Luis Clemente Llanos Isla (8 años) - PSICOLOGIA INFANTIL - Bs. 70.00	3		13	1
635	2026-02-01 19:02:30.674737+00	132	2026-01-28 15:00:00 - Erick Aguirre Alcaraz (10 años) - TERAPIA DE LENGUAJE/FONOAUDIOLOGIA - Bs. 70.00	3		13	1
636	2026-02-01 19:02:30.674771+00	256	2026-01-28 15:15:00 - Briana Catalina Sagardia Navarro (2 años) - TERAPIA OCUPACIONAL/INDEPENDENCIA PERSONAL - Bs. 50.00	3		13	1
637	2026-02-01 19:02:30.674827+00	90	2026-01-28 15:15:00 - Andre Fabricio Garnica Fernandez (4 años) - PSICOMOTRICIDAD - Bs. 50.00	3		13	1
638	2026-02-01 19:02:30.674864+00	140	2026-01-28 15:45:00 - Erick Aguirre Alcaraz (10 años) - PSICOLOGIA INFANTIL - Bs. 70.00	3		13	1
1558	2026-02-08 18:02:43.119527+00	38	MEN-0126-LU-001 - Luis Eduardo Mirabal Uño (6 años) (Enero 2026)	3		19	1
639	2026-02-01 19:02:30.674898+00	186	2026-01-28 16:00:00 - Luis Clemente Llanos Isla (8 años) - TERAPIA OCUPACIONAL/INDEPENDENCIA PERSONAL - Bs. 50.00	3		13	1
640	2026-02-01 19:02:30.674933+00	202	2026-01-28 16:30:00 - Mia Shantall Camargo Barja (7 años) - APOYO ESCOLAR - Bs. 20.00	3		13	1
641	2026-02-01 19:02:30.674966+00	276	2026-01-28 16:45:00 - Hanna Rashiel Merida Carata (2 años) - ESTIMULACION TEMPRANA - Bs. 50.00	3		13	1
642	2026-02-01 19:02:30.675016+00	214	2026-01-28 17:30:00 - Mia Shantall Camargo Barja (7 años) - TERAPIA DE LENGUAJE/FONOAUDIOLOGIA - Bs. 70.00	3		13	1
643	2026-02-01 19:02:30.675052+00	172	2026-01-28 18:00:00 - Juan Luis Flores Rivera (9 años) - APOYO ESCOLAR - Bs. 20.00	3		13	1
644	2026-02-01 19:02:30.675085+00	229	2026-01-28 18:45:00 - Lucas Ignacio Condo Jancko (2 años) - PSICOMOTRICIDAD - Bs. 50.00	3		13	1
645	2026-02-01 19:02:30.675119+00	147	2026-01-29 09:00:00 - Dante Aguirre Alcaraz (3 años) - TERAPIA OCUPACIONAL/INDEPENDENCIA PERSONAL - Bs. 50.00	3		13	1
646	2026-02-01 19:02:30.675153+00	153	2026-01-29 09:45:00 - Dante Aguirre Alcaraz (3 años) - PSICOLOGIA INFANTIL - Bs. 70.00	3		13	1
647	2026-02-01 19:02:30.675186+00	299	2026-01-29 14:30:00 - Mateo Benjamin Coro Astete (3 años) - MEN 09 TERAPIA INTEGRAL - Bs. 1300.00	3		13	1
648	2026-02-01 19:02:30.675218+00	104	2026-01-29 15:15:00 - Andre Fabricio Garnica Fernandez (4 años) - TERAPIA OCUPACIONAL/INDEPENDENCIA PERSONAL - Bs. 50.00	3		13	1
649	2026-02-01 19:02:30.675253+00	205	2026-01-29 15:30:00 - Mia Shantall Camargo Barja (7 años) - APOYO ESCOLAR - Bs. 20.00	3		13	1
650	2026-02-01 19:02:30.675285+00	95	2026-01-29 16:00:00 - Andre Fabricio Garnica Fernandez (4 años) - PSICOMOTRICIDAD - Bs. 50.00	3		13	1
651	2026-02-01 19:02:30.675319+00	264	2026-01-29 16:30:00 - Luis Eduardo Mirabal Uño (6 años) - PSICOPEDAGOGIA - Bs. 50.00	3		13	1
652	2026-02-01 19:02:30.675353+00	277	2026-01-29 16:45:00 - Hanna Rashiel Merida Carata (2 años) - ESTIMULACION TEMPRANA - Bs. 50.00	3		13	1
653	2026-02-01 19:02:30.675386+00	194	2026-01-29 17:15:00 - Luis Clemente Llanos Isla (8 años) - PSICOLOGIA INFANTIL - Bs. 70.00	3		13	1
654	2026-02-01 19:02:30.675418+00	260	2026-01-29 17:30:00 - Luis Eduardo Mirabal Uño (6 años) - PSICOLOGIA INFANTIL - Bs. 70.00	3		13	1
655	2026-02-01 19:02:30.675451+00	125	2026-01-29 17:30:00 - Dalia Otalora Marcelo (9 años) - TERAPIA DE LENGUAJE/FONOAUDIOLOGIA - Bs. 70.00	3		13	1
656	2026-02-01 19:44:33.044107+00	8	MEN-0226-JA-001 - Jared Maykel Flores Veliz (3 años) (Febrero 2026)	3		19	1
657	2026-02-01 19:46:26.145515+00	359	2026-02-02 09:00:00 - Jared Maykel Flores Veliz (3 años) - TERAPIA DE LENGUAJE/FONOAUDIOLOGIA - Bs. 70.00	3		13	1
658	2026-02-01 19:46:26.145647+00	351	2026-02-02 09:45:00 - Jared Maykel Flores Veliz (3 años) - PSICOLOGIA INFANTIL - Bs. 70.00	3		13	1
659	2026-02-01 19:46:26.145919+00	375	2026-02-03 09:45:00 - Jared Maykel Flores Veliz (3 años) - PSICOMOTRICIDAD - Bs. 50.00	3		13	1
660	2026-02-01 19:46:26.145994+00	367	2026-02-03 11:00:00 - Jared Maykel Flores Veliz (3 años) - PSICOPEDAGOGIA - Bs. 50.00	3		13	1
661	2026-02-01 19:46:26.146034+00	383	2026-02-04 09:00:00 - Jared Maykel Flores Veliz (3 años) - TERAPIA OCUPACIONAL/INDEPENDENCIA PERSONAL - Bs. 50.00	3		13	1
662	2026-02-01 19:46:26.146096+00	371	2026-02-04 10:00:00 - Jared Maykel Flores Veliz (3 años) - PSICOPEDAGOGIA - Bs. 50.00	3		13	1
663	2026-02-01 19:46:26.146138+00	384	2026-02-05 09:00:00 - Jared Maykel Flores Veliz (3 años) - TERAPIA OCUPACIONAL/INDEPENDENCIA PERSONAL - Bs. 50.00	3		13	1
664	2026-02-01 19:46:26.146173+00	376	2026-02-05 09:45:00 - Jared Maykel Flores Veliz (3 años) - PSICOMOTRICIDAD - Bs. 50.00	3		13	1
665	2026-02-01 19:46:26.146208+00	360	2026-02-06 09:00:00 - Jared Maykel Flores Veliz (3 años) - TERAPIA DE LENGUAJE/FONOAUDIOLOGIA - Bs. 70.00	3		13	1
666	2026-02-01 19:46:26.146242+00	352	2026-02-06 09:45:00 - Jared Maykel Flores Veliz (3 años) - PSICOLOGIA INFANTIL - Bs. 70.00	3		13	1
667	2026-02-01 19:46:26.146278+00	361	2026-02-09 09:00:00 - Jared Maykel Flores Veliz (3 años) - TERAPIA DE LENGUAJE/FONOAUDIOLOGIA - Bs. 70.00	3		13	1
668	2026-02-01 19:46:26.146311+00	353	2026-02-09 09:45:00 - Jared Maykel Flores Veliz (3 años) - PSICOLOGIA INFANTIL - Bs. 70.00	3		13	1
669	2026-02-01 19:46:26.146341+00	377	2026-02-10 09:45:00 - Jared Maykel Flores Veliz (3 años) - PSICOMOTRICIDAD - Bs. 50.00	3		13	1
670	2026-02-01 19:46:26.146368+00	368	2026-02-10 11:00:00 - Jared Maykel Flores Veliz (3 años) - PSICOPEDAGOGIA - Bs. 50.00	3		13	1
671	2026-02-01 19:46:26.146547+00	385	2026-02-11 09:00:00 - Jared Maykel Flores Veliz (3 años) - TERAPIA OCUPACIONAL/INDEPENDENCIA PERSONAL - Bs. 50.00	3		13	1
672	2026-02-01 19:46:26.146583+00	372	2026-02-11 10:00:00 - Jared Maykel Flores Veliz (3 años) - PSICOPEDAGOGIA - Bs. 50.00	3		13	1
673	2026-02-01 19:46:26.146611+00	386	2026-02-12 09:00:00 - Jared Maykel Flores Veliz (3 años) - TERAPIA OCUPACIONAL/INDEPENDENCIA PERSONAL - Bs. 50.00	3		13	1
674	2026-02-01 19:46:26.146639+00	378	2026-02-12 09:45:00 - Jared Maykel Flores Veliz (3 años) - PSICOMOTRICIDAD - Bs. 50.00	3		13	1
675	2026-02-01 19:46:26.14667+00	362	2026-02-13 09:00:00 - Jared Maykel Flores Veliz (3 años) - TERAPIA DE LENGUAJE/FONOAUDIOLOGIA - Bs. 70.00	3		13	1
676	2026-02-01 19:46:26.146702+00	354	2026-02-13 09:45:00 - Jared Maykel Flores Veliz (3 años) - PSICOLOGIA INFANTIL - Bs. 70.00	3		13	1
677	2026-02-01 19:46:26.14673+00	363	2026-02-16 09:00:00 - Jared Maykel Flores Veliz (3 años) - TERAPIA DE LENGUAJE/FONOAUDIOLOGIA - Bs. 70.00	3		13	1
678	2026-02-01 19:46:26.146758+00	355	2026-02-16 09:45:00 - Jared Maykel Flores Veliz (3 años) - PSICOLOGIA INFANTIL - Bs. 70.00	3		13	1
679	2026-02-01 19:46:26.146785+00	379	2026-02-17 09:45:00 - Jared Maykel Flores Veliz (3 años) - PSICOMOTRICIDAD - Bs. 50.00	3		13	1
680	2026-02-01 19:46:26.146812+00	369	2026-02-17 11:00:00 - Jared Maykel Flores Veliz (3 años) - PSICOPEDAGOGIA - Bs. 50.00	3		13	1
681	2026-02-01 19:46:26.146839+00	387	2026-02-18 09:00:00 - Jared Maykel Flores Veliz (3 años) - TERAPIA OCUPACIONAL/INDEPENDENCIA PERSONAL - Bs. 50.00	3		13	1
682	2026-02-01 19:46:26.146868+00	373	2026-02-18 10:00:00 - Jared Maykel Flores Veliz (3 años) - PSICOPEDAGOGIA - Bs. 50.00	3		13	1
683	2026-02-01 19:46:26.146893+00	388	2026-02-19 09:00:00 - Jared Maykel Flores Veliz (3 años) - TERAPIA OCUPACIONAL/INDEPENDENCIA PERSONAL - Bs. 50.00	3		13	1
684	2026-02-01 19:46:26.146919+00	380	2026-02-19 09:45:00 - Jared Maykel Flores Veliz (3 años) - PSICOMOTRICIDAD - Bs. 50.00	3		13	1
685	2026-02-01 19:46:26.146959+00	364	2026-02-20 09:00:00 - Jared Maykel Flores Veliz (3 años) - TERAPIA DE LENGUAJE/FONOAUDIOLOGIA - Bs. 70.00	3		13	1
686	2026-02-01 19:46:26.146986+00	356	2026-02-20 09:45:00 - Jared Maykel Flores Veliz (3 años) - PSICOLOGIA INFANTIL - Bs. 70.00	3		13	1
687	2026-02-01 19:46:26.147011+00	365	2026-02-23 09:00:00 - Jared Maykel Flores Veliz (3 años) - TERAPIA DE LENGUAJE/FONOAUDIOLOGIA - Bs. 70.00	3		13	1
688	2026-02-01 19:46:26.147038+00	357	2026-02-23 09:45:00 - Jared Maykel Flores Veliz (3 años) - PSICOLOGIA INFANTIL - Bs. 70.00	3		13	1
689	2026-02-01 19:46:26.147112+00	381	2026-02-24 09:45:00 - Jared Maykel Flores Veliz (3 años) - PSICOMOTRICIDAD - Bs. 50.00	3		13	1
690	2026-02-01 19:46:26.147142+00	370	2026-02-24 11:00:00 - Jared Maykel Flores Veliz (3 años) - PSICOPEDAGOGIA - Bs. 50.00	3		13	1
691	2026-02-01 19:46:26.147168+00	389	2026-02-25 09:00:00 - Jared Maykel Flores Veliz (3 años) - TERAPIA OCUPACIONAL/INDEPENDENCIA PERSONAL - Bs. 50.00	3		13	1
692	2026-02-01 19:46:26.147193+00	374	2026-02-25 10:00:00 - Jared Maykel Flores Veliz (3 años) - PSICOPEDAGOGIA - Bs. 50.00	3		13	1
693	2026-02-01 19:46:26.147219+00	390	2026-02-26 09:00:00 - Jared Maykel Flores Veliz (3 años) - TERAPIA OCUPACIONAL/INDEPENDENCIA PERSONAL - Bs. 50.00	3		13	1
694	2026-02-01 19:46:26.147244+00	382	2026-02-26 09:45:00 - Jared Maykel Flores Veliz (3 años) - PSICOMOTRICIDAD - Bs. 50.00	3		13	1
695	2026-02-01 19:46:26.147269+00	366	2026-02-27 09:00:00 - Jared Maykel Flores Veliz (3 años) - TERAPIA DE LENGUAJE/FONOAUDIOLOGIA - Bs. 70.00	3		13	1
696	2026-02-01 19:46:26.147295+00	358	2026-02-27 09:45:00 - Jared Maykel Flores Veliz (3 años) - PSICOLOGIA INFANTIL - Bs. 70.00	3		13	1
697	2026-02-01 20:04:43.936758+00	83	Jair Dorian Albino Choque (4 años)	2	[{"added": {"name": "Servicio del Paciente", "object": "Jair Dorian Albino Choque - PSICOLOGIA INFANTIL"}}, {"added": {"name": "Servicio del Paciente", "object": "Jair Dorian Albino Choque - PSICOPEDAGOGIA"}}, {"added": {"name": "Servicio del Paciente", "object": "Jair Dorian Albino Choque - TERAPIA DE INTEGRACION SENSORIAL"}}, {"added": {"name": "Servicio del Paciente", "object": "Jair Dorian Albino Choque - TERAPIA DE LENGUAJE/FONOAUDIOLOGIA"}}, {"added": {"name": "Servicio del Paciente", "object": "Jair Dorian Albino Choque - TERAPIA OCUPACIONAL/INDEPENDENCIA PERSONAL"}}]	8	1
698	2026-02-01 21:07:17.133053+00	9	Elena Marcy Coro Astete (2 años)	2	[{"added": {"name": "Servicio del Paciente", "object": "Elena Marcy Coro Astete - PSICOMOTRICIDAD"}}]	8	1
699	2026-02-01 21:07:46.443303+00	575	2026-02-03 14:30:00 - Elena Marcy Coro Astete (2 años) - ESTIMULACION TEMPRANA - Bs. 50.00	3		13	1
700	2026-02-01 21:07:46.443359+00	576	2026-02-10 14:30:00 - Elena Marcy Coro Astete (2 años) - ESTIMULACION TEMPRANA - Bs. 50.00	3		13	1
701	2026-02-01 21:07:46.443391+00	577	2026-02-17 14:30:00 - Elena Marcy Coro Astete (2 años) - ESTIMULACION TEMPRANA - Bs. 50.00	3		13	1
702	2026-02-01 21:07:46.443423+00	578	2026-02-24 14:30:00 - Elena Marcy Coro Astete (2 años) - ESTIMULACION TEMPRANA - Bs. 50.00	3		13	1
703	2026-02-01 21:09:03.298989+00	14	MEN-0226-EL-001 - Elena Marcy Coro Astete (2 años) (Febrero 2026)	2	[{"added": {"name": "Servicio-Profesional", "object": "PSICOMOTRICIDAD - Jackie Jared"}}, {"changed": {"name": "Servicio-Profesional", "object": "ESTIMULACION TEMPRANA - Ana Gabriela", "fields": ["Profesional"]}}]	19	1
704	2026-02-01 21:11:11.088077+00	14	Samuel Thiago Romay Perez (2 años)	2	[{"added": {"name": "Servicio del Paciente", "object": "Samuel Thiago Romay Perez - PSICOMOTRICIDAD"}}]	8	1
705	2026-02-01 22:21:37.351831+00	60	Angel Fabian Aguirre Vega (7 años)	2	[{"added": {"name": "Servicio del Paciente", "object": "Angel Fabian Aguirre Vega - TERAPIA DE INTEGRACION SENSORIAL"}}]	8	1
706	2026-02-01 22:22:44.836483+00	19	MEN-0226-AN-001-80201 - Angel Fabian Aguirre Vega (7 años) (Febrero 2026)	2	[{"added": {"name": "Servicio-Profesional", "object": "TERAPIA DE INTEGRACION SENSORIAL - Jackie Jared"}}, {"changed": {"name": "Servicio-Profesional", "object": "PSICOMOTRICIDAD - Ana Gabriela", "fields": ["Profesional"]}}]	19	1
707	2026-02-01 23:31:15.040527+00	471	2026-02-02 17:30:00 - Jair Dorian Albino Choque (4 años) - PSICOLOGIA INFANTIL - Bs. 70.00	3		13	1
708	2026-02-01 23:31:15.040578+00	491	2026-02-02 20:15:00 - Jair Dorian Albino Choque (4 años) - PSICOPEDAGOGIA - Bs. 50.00	3		13	1
709	2026-02-01 23:31:15.040608+00	487	2026-02-03 18:30:00 - Jair Dorian Albino Choque (4 años) - TERAPIA DE LENGUAJE/FONOAUDIOLOGIA - Bs. 70.00	3		13	1
710	2026-02-01 23:31:15.040633+00	507	2026-02-03 19:30:00 - Jair Dorian Albino Choque (4 años) - TERAPIA DE INTEGRACION SENSORIAL - Bs. 70.00	3		13	1
711	2026-02-01 23:31:15.040658+00	499	2026-02-04 05:30:00 - Jair Dorian Albino Choque (4 años) - TERAPIA OCUPACIONAL/INDEPENDENCIA PERSONAL - Bs. 50.00	3		13	1
712	2026-02-01 23:31:15.040681+00	492	2026-02-04 20:15:00 - Jair Dorian Albino Choque (4 años) - PSICOPEDAGOGIA - Bs. 50.00	3		13	1
713	2026-02-01 23:31:15.040703+00	500	2026-02-05 05:30:00 - Jair Dorian Albino Choque (4 años) - TERAPIA OCUPACIONAL/INDEPENDENCIA PERSONAL - Bs. 50.00	3		13	1
714	2026-02-01 23:31:15.040724+00	511	2026-02-05 18:15:00 - Jair Dorian Albino Choque (4 años) - TERAPIA DE INTEGRACION SENSORIAL - Bs. 70.00	3		13	1
715	2026-02-01 23:31:15.040745+00	472	2026-02-06 17:30:00 - Jair Dorian Albino Choque (4 años) - PSICOLOGIA INFANTIL - Bs. 70.00	3		13	1
716	2026-02-01 23:31:15.040767+00	480	2026-02-06 18:30:00 - Jair Dorian Albino Choque (4 años) - TERAPIA DE LENGUAJE/FONOAUDIOLOGIA - Bs. 70.00	3		13	1
717	2026-02-01 23:31:15.040788+00	473	2026-02-09 17:30:00 - Jair Dorian Albino Choque (4 años) - PSICOLOGIA INFANTIL - Bs. 70.00	3		13	1
718	2026-02-01 23:31:15.04081+00	493	2026-02-09 20:15:00 - Jair Dorian Albino Choque (4 años) - PSICOPEDAGOGIA - Bs. 50.00	3		13	1
719	2026-02-01 23:31:15.040831+00	488	2026-02-10 18:30:00 - Jair Dorian Albino Choque (4 años) - TERAPIA DE LENGUAJE/FONOAUDIOLOGIA - Bs. 70.00	3		13	1
720	2026-02-01 23:31:15.040851+00	508	2026-02-10 19:30:00 - Jair Dorian Albino Choque (4 años) - TERAPIA DE INTEGRACION SENSORIAL - Bs. 70.00	3		13	1
721	2026-02-01 23:31:15.040871+00	501	2026-02-11 05:30:00 - Jair Dorian Albino Choque (4 años) - TERAPIA OCUPACIONAL/INDEPENDENCIA PERSONAL - Bs. 50.00	3		13	1
722	2026-02-01 23:31:15.040891+00	494	2026-02-11 20:15:00 - Jair Dorian Albino Choque (4 años) - PSICOPEDAGOGIA - Bs. 50.00	3		13	1
723	2026-02-01 23:31:15.040911+00	502	2026-02-12 05:30:00 - Jair Dorian Albino Choque (4 años) - TERAPIA OCUPACIONAL/INDEPENDENCIA PERSONAL - Bs. 50.00	3		13	1
724	2026-02-01 23:31:15.040933+00	512	2026-02-12 18:15:00 - Jair Dorian Albino Choque (4 años) - TERAPIA DE INTEGRACION SENSORIAL - Bs. 70.00	3		13	1
725	2026-02-01 23:31:15.040953+00	474	2026-02-13 17:30:00 - Jair Dorian Albino Choque (4 años) - PSICOLOGIA INFANTIL - Bs. 70.00	3		13	1
726	2026-02-01 23:31:15.040973+00	482	2026-02-13 18:30:00 - Jair Dorian Albino Choque (4 años) - TERAPIA DE LENGUAJE/FONOAUDIOLOGIA - Bs. 70.00	3		13	1
727	2026-02-01 23:31:15.040993+00	475	2026-02-16 17:30:00 - Jair Dorian Albino Choque (4 años) - PSICOLOGIA INFANTIL - Bs. 70.00	3		13	1
728	2026-02-01 23:31:15.041012+00	495	2026-02-16 20:15:00 - Jair Dorian Albino Choque (4 años) - PSICOPEDAGOGIA - Bs. 50.00	3		13	1
729	2026-02-01 23:31:15.041032+00	489	2026-02-17 18:30:00 - Jair Dorian Albino Choque (4 años) - TERAPIA DE LENGUAJE/FONOAUDIOLOGIA - Bs. 70.00	3		13	1
730	2026-02-01 23:31:15.041051+00	509	2026-02-17 19:30:00 - Jair Dorian Albino Choque (4 años) - TERAPIA DE INTEGRACION SENSORIAL - Bs. 70.00	3		13	1
731	2026-02-01 23:31:15.041073+00	503	2026-02-18 05:30:00 - Jair Dorian Albino Choque (4 años) - TERAPIA OCUPACIONAL/INDEPENDENCIA PERSONAL - Bs. 50.00	3		13	1
732	2026-02-01 23:31:15.041094+00	496	2026-02-18 20:15:00 - Jair Dorian Albino Choque (4 años) - PSICOPEDAGOGIA - Bs. 50.00	3		13	1
1561	2026-02-09 23:20:43.05451+00	41	JHULYPATRICIA@2026	1	[{"added": {}}]	4	1
733	2026-02-01 23:31:15.041114+00	504	2026-02-19 05:30:00 - Jair Dorian Albino Choque (4 años) - TERAPIA OCUPACIONAL/INDEPENDENCIA PERSONAL - Bs. 50.00	3		13	1
734	2026-02-01 23:31:15.041134+00	513	2026-02-19 18:15:00 - Jair Dorian Albino Choque (4 años) - TERAPIA DE INTEGRACION SENSORIAL - Bs. 70.00	3		13	1
735	2026-02-01 23:31:15.041154+00	476	2026-02-20 17:30:00 - Jair Dorian Albino Choque (4 años) - PSICOLOGIA INFANTIL - Bs. 70.00	3		13	1
736	2026-02-01 23:31:15.041174+00	484	2026-02-20 18:30:00 - Jair Dorian Albino Choque (4 años) - TERAPIA DE LENGUAJE/FONOAUDIOLOGIA - Bs. 70.00	3		13	1
737	2026-02-01 23:31:15.041194+00	477	2026-02-23 17:30:00 - Jair Dorian Albino Choque (4 años) - PSICOLOGIA INFANTIL - Bs. 70.00	3		13	1
738	2026-02-01 23:31:15.041214+00	497	2026-02-23 20:15:00 - Jair Dorian Albino Choque (4 años) - PSICOPEDAGOGIA - Bs. 50.00	3		13	1
739	2026-02-01 23:31:15.041234+00	490	2026-02-24 18:30:00 - Jair Dorian Albino Choque (4 años) - TERAPIA DE LENGUAJE/FONOAUDIOLOGIA - Bs. 70.00	3		13	1
740	2026-02-01 23:31:15.041254+00	510	2026-02-24 19:30:00 - Jair Dorian Albino Choque (4 años) - TERAPIA DE INTEGRACION SENSORIAL - Bs. 70.00	3		13	1
741	2026-02-01 23:31:15.041274+00	505	2026-02-25 05:30:00 - Jair Dorian Albino Choque (4 años) - TERAPIA OCUPACIONAL/INDEPENDENCIA PERSONAL - Bs. 50.00	3		13	1
742	2026-02-01 23:31:15.041294+00	498	2026-02-25 20:15:00 - Jair Dorian Albino Choque (4 años) - PSICOPEDAGOGIA - Bs. 50.00	3		13	1
743	2026-02-01 23:31:15.041314+00	506	2026-02-26 05:30:00 - Jair Dorian Albino Choque (4 años) - TERAPIA OCUPACIONAL/INDEPENDENCIA PERSONAL - Bs. 50.00	3		13	1
744	2026-02-01 23:31:15.041334+00	514	2026-02-26 18:15:00 - Jair Dorian Albino Choque (4 años) - TERAPIA DE INTEGRACION SENSORIAL - Bs. 70.00	3		13	1
745	2026-02-01 23:31:15.041355+00	478	2026-02-27 17:30:00 - Jair Dorian Albino Choque (4 años) - PSICOLOGIA INFANTIL - Bs. 70.00	3		13	1
746	2026-02-01 23:31:15.041376+00	486	2026-02-27 18:30:00 - Jair Dorian Albino Choque (4 años) - TERAPIA DE LENGUAJE/FONOAUDIOLOGIA - Bs. 70.00	3		13	1
747	2026-02-02 00:39:41.051694+00	691	2026-02-16 10:30:00 - Angel Fabian Aguirre Vega (7 años) - PSICOLOGIA INFANTIL - Bs. 70.00	3		13	1
748	2026-02-02 00:39:41.05175+00	677	2026-02-16 10:30:00 - Kezia Yarel Flores Puma (0 años) - ESTIMULACION TEMPRANA - Bs. 50.00	3		13	1
749	2026-02-02 00:39:41.051786+00	349	2026-02-16 10:30:00 - Cristopher Robert Venegas Morales (4 años) - TERAPIA OCUPACIONAL/INDEPENDENCIA PERSONAL - Bs. 50.00	3		13	1
750	2026-02-02 00:39:41.05182+00	717	2026-02-16 11:15:00 - Angel Fabian Aguirre Vega (7 años) - PSICOMOTRICIDAD - Bs. 50.00	3		13	1
751	2026-02-02 00:39:41.051858+00	685	2026-02-16 11:15:00 - Enzo Matias Huallpa Arando (1 años) - ESTIMULACION TEMPRANA - Bs. 50.00	3		13	1
752	2026-02-02 00:39:41.051891+00	517	2026-02-16 14:30:00 - Rommel Javier Blanco Choque (4 años) - PSICOLOGIA INFANTIL - Bs. 70.00	3		13	1
753	2026-02-02 00:39:41.051924+00	401	2026-02-16 15:00:00 - Andre Fabricio Garnica Fernandez (4 años) - TERAPIA DE LENGUAJE/FONOAUDIOLOGIA - Bs. 70.00	3		13	1
754	2026-02-02 00:39:41.051956+00	541	2026-02-16 15:15:00 - Rommel Javier Blanco Choque (4 años) - TERAPIA OCUPACIONAL/INDEPENDENCIA PERSONAL - Bs. 50.00	3		13	1
755	2026-02-02 00:39:41.051988+00	467	2026-02-16 15:15:00 - Mateo Benjamin Coro Astete (3 años) - TERAPIA DE INTEGRACION SENSORIAL - Bs. 70.00	3		13	1
756	2026-02-02 00:39:41.052026+00	411	2026-02-16 15:30:00 - Andre Fabricio Garnica Fernandez (4 años) - PSICOPEDAGOGIA - Bs. 50.00	3		13	1
757	2026-02-02 00:39:41.05206+00	443	2026-02-16 16:00:00 - Mateo Benjamin Coro Astete (3 años) - TERAPIA DE LENGUAJE/FONOAUDIOLOGIA - Bs. 70.00	3		13	1
758	2026-02-02 00:39:41.052094+00	803	2026-02-16 17:30:00 - Jair Dorian Albino Choque (4 años) - PSICOLOGIA INFANTIL - Bs. 70.00	3		13	1
759	2026-02-02 00:39:41.052136+00	593	2026-02-16 17:30:00 - Samuel Thiago Romay Perez (2 años) - PSICOMOTRICIDAD - Bs. 50.00	3		13	1
760	2026-02-02 00:39:41.052169+00	819	2026-02-16 18:15:00 - Jair Dorian Albino Choque (4 años) - PSICOPEDAGOGIA - Bs. 50.00	3		13	1
761	2026-02-02 00:40:04.431692+00	321	2026-02-17 09:00:00 - Cristopher Robert Venegas Morales (4 años) - TERAPIA DE LENGUAJE/FONOAUDIOLOGIA - Bs. 70.00	3		13	1
762	2026-02-02 00:40:04.431742+00	313	2026-02-17 09:45:00 - Cristopher Robert Venegas Morales (4 años) - PSICOLOGIA INFANTIL - Bs. 70.00	3		13	1
763	2026-02-02 00:40:04.431769+00	725	2026-02-17 10:30:00 - Angel Fabian Aguirre Vega (7 años) - APOYO ESCOLAR - Bs. 20.00	3		13	1
764	2026-02-02 00:40:04.431793+00	678	2026-02-17 10:30:00 - Kezia Yarel Flores Puma (0 años) - ESTIMULACION TEMPRANA - Bs. 50.00	3		13	1
765	2026-02-02 00:40:04.431816+00	707	2026-02-17 11:15:00 - Angel Fabian Aguirre Vega (7 años) - PSICOPEDAGOGIA - Bs. 50.00	3		13	1
766	2026-02-02 00:40:04.431838+00	667	2026-02-17 11:15:00 - Enzo Matias Huallpa Arando (1 años) - ESTIMULACION TEMPRANA - Bs. 50.00	3		13	1
767	2026-02-02 00:40:04.431859+00	583	2026-02-17 14:30:00 - Elena Marcy Coro Astete (2 años) - ESTIMULACION TEMPRANA - Bs. 50.00	3		13	1
768	2026-02-02 00:40:04.431881+00	549	2026-02-17 14:30:00 - Rommel Javier Blanco Choque (4 años) - PSICOPEDAGOGIA - Bs. 50.00	3		13	1
769	2026-02-02 00:40:04.431902+00	459	2026-02-17 14:30:00 - Mateo Benjamin Coro Astete (3 años) - TERAPIA OCUPACIONAL/INDEPENDENCIA PERSONAL - Bs. 50.00	3		13	1
770	2026-02-02 00:40:04.431923+00	521	2026-02-17 15:15:00 - Rommel Javier Blanco Choque (4 años) - PSICOLOGIA INFANTIL - Bs. 70.00	3		13	1
771	2026-02-02 00:40:04.431943+00	468	2026-02-17 15:15:00 - Mateo Benjamin Coro Astete (3 años) - TERAPIA DE INTEGRACION SENSORIAL - Bs. 70.00	3		13	1
772	2026-02-02 00:40:04.431965+00	417	2026-02-17 16:00:00 - Andre Fabricio Garnica Fernandez (4 años) - TERAPIA OCUPACIONAL/INDEPENDENCIA PERSONAL - Bs. 50.00	3		13	1
773	2026-02-02 00:40:04.431986+00	619	2026-02-17 16:45:00 - Jhoan Maximiliano Chipana Tacuri (5 años) - APOYO ESCOLAR - Bs. 20.00	3		13	1
774	2026-02-02 00:40:04.432007+00	405	2026-02-17 17:00:00 - Andre Fabricio Garnica Fernandez (4 años) - TERAPIA DE LENGUAJE/FONOAUDIOLOGIA - Bs. 70.00	3		13	1
775	2026-02-02 00:40:04.432029+00	833	2026-02-17 17:30:00 - Jair Dorian Albino Choque (4 años) - TERAPIA DE INTEGRACION SENSORIAL - Bs. 70.00	3		13	1
776	2026-02-02 00:40:04.432052+00	611	2026-02-17 17:30:00 - Jhoan Maximiliano Chipana Tacuri (5 años) - TERAPIA DE LENGUAJE/FONOAUDIOLOGIA - Bs. 70.00	3		13	1
777	2026-02-02 00:40:04.432074+00	811	2026-02-17 18:30:00 - Jair Dorian Albino Choque (4 años) - TERAPIA DE LENGUAJE/FONOAUDIOLOGIA - Bs. 70.00	3		13	1
778	2026-02-02 01:07:44.631019+00	21	MEN-0226-AN-001-3676 - Ander Mijael Oquendo Quiroga (3 años) (Febrero 2026)	2	[{"changed": {"name": "Servicio-Profesional", "object": "TERAPIA OCUPACIONAL/INDEPENDENCIA PERSONAL - Maria Lourdes", "fields": ["Profesional"]}}]	19	1
779	2026-02-02 01:44:14.229943+00	25	MEN-0226-JA-001-5968 - Jair Sebastian Alejo Tola (3 años) (Febrero 2026)	2	[{"added": {"name": "Servicio-Profesional", "object": "TERAPIA DE INTEGRACION SENSORIAL - Jackie Jared"}}]	19	1
827	2026-02-03 02:56:59.340862+00	1399	2026-01-12 16:45:00 - Thiago Matias Barahona Mancilla (9 años) - PSICOLOGIA INFANTIL - Bs. 70.00	3		13	1
780	2026-02-02 01:57:43.035588+00	42	Juaquin Wagner Berrios Alvarez (9 años)	2	[{"added": {"name": "Servicio del Paciente", "object": "Juaquin Wagner Berrios Alvarez - TERAPIA DE INTEGRACION SENSORIAL"}}]	8	1
781	2026-02-02 01:57:59.940879+00	27	MEN-0226-JU-001 - Juaquin Wagner Berrios Alvarez (9 años) (Febrero 2026)	2	[{"added": {"name": "Servicio-Profesional", "object": "TERAPIA DE INTEGRACION SENSORIAL - Jackie Jared"}}]	19	1
782	2026-02-02 02:04:39.639483+00	38	Gael Logan Velasquez Magne (5 años)	2	[{"added": {"name": "Servicio del Paciente", "object": "Gael Logan Velasquez Magne - TERAPIA DE INTEGRACION SENSORIAL"}}]	8	1
783	2026-02-02 02:05:06.349932+00	28	MEN-0226-GA-001 - Gael Logan Velasquez Magne (5 años) (Febrero 2026)	2	[{"added": {"name": "Servicio-Profesional", "object": "TERAPIA DE INTEGRACION SENSORIAL - Jackie Jared"}}]	19	1
784	2026-02-02 22:09:49.982499+00	13	Velasquez Romero, Dani	2	[]	14	1
785	2026-02-02 22:11:00.576517+00	19	DANI@2026	2	[{"changed": {"fields": ["password"]}}]	4	1
786	2026-02-02 22:30:15.835728+00	627	2026-02-03 15:15:00 - Briana Catalina Sagardia Navarro (2 años) - TERAPIA OCUPACIONAL/INDEPENDENCIA PERSONAL - Bs. 50.00	3		13	1
787	2026-02-02 22:30:15.835807+00	635	2026-02-03 16:00:00 - Briana Catalina Sagardia Navarro (2 años) - TERAPIA DE LENGUAJE/FONOAUDIOLOGIA - Bs. 70.00	3		13	1
788	2026-02-02 22:30:15.835852+00	639	2026-02-04 14:30:00 - Briana Catalina Sagardia Navarro (2 años) - TERAPIA DE LENGUAJE/FONOAUDIOLOGIA - Bs. 70.00	3		13	1
789	2026-02-02 22:30:15.83589+00	628	2026-02-04 15:15:00 - Briana Catalina Sagardia Navarro (2 años) - TERAPIA OCUPACIONAL/INDEPENDENCIA PERSONAL - Bs. 50.00	3		13	1
790	2026-02-02 22:30:15.835929+00	629	2026-02-10 15:15:00 - Briana Catalina Sagardia Navarro (2 años) - TERAPIA OCUPACIONAL/INDEPENDENCIA PERSONAL - Bs. 50.00	3		13	1
791	2026-02-02 22:30:15.835962+00	636	2026-02-10 16:00:00 - Briana Catalina Sagardia Navarro (2 años) - TERAPIA DE LENGUAJE/FONOAUDIOLOGIA - Bs. 70.00	3		13	1
792	2026-02-02 22:30:15.835995+00	640	2026-02-11 14:30:00 - Briana Catalina Sagardia Navarro (2 años) - TERAPIA DE LENGUAJE/FONOAUDIOLOGIA - Bs. 70.00	3		13	1
793	2026-02-02 22:30:15.836028+00	630	2026-02-11 15:15:00 - Briana Catalina Sagardia Navarro (2 años) - TERAPIA OCUPACIONAL/INDEPENDENCIA PERSONAL - Bs. 50.00	3		13	1
794	2026-02-02 22:30:15.836058+00	641	2026-02-18 14:30:00 - Briana Catalina Sagardia Navarro (2 años) - TERAPIA DE LENGUAJE/FONOAUDIOLOGIA - Bs. 70.00	3		13	1
795	2026-02-02 22:30:15.836088+00	632	2026-02-18 15:15:00 - Briana Catalina Sagardia Navarro (2 años) - TERAPIA OCUPACIONAL/INDEPENDENCIA PERSONAL - Bs. 50.00	3		13	1
796	2026-02-02 22:30:15.836118+00	633	2026-02-24 15:15:00 - Briana Catalina Sagardia Navarro (2 años) - TERAPIA OCUPACIONAL/INDEPENDENCIA PERSONAL - Bs. 50.00	3		13	1
797	2026-02-02 22:30:15.836147+00	638	2026-02-24 16:00:00 - Briana Catalina Sagardia Navarro (2 años) - TERAPIA DE LENGUAJE/FONOAUDIOLOGIA - Bs. 70.00	3		13	1
798	2026-02-02 22:30:15.836176+00	642	2026-02-25 14:30:00 - Briana Catalina Sagardia Navarro (2 años) - TERAPIA DE LENGUAJE/FONOAUDIOLOGIA - Bs. 70.00	3		13	1
799	2026-02-02 22:30:15.836205+00	634	2026-02-25 15:15:00 - Briana Catalina Sagardia Navarro (2 años) - TERAPIA OCUPACIONAL/INDEPENDENCIA PERSONAL - Bs. 50.00	3		13	1
800	2026-02-02 23:00:01.434346+00	1079	2026-02-02 17:30:00 - Dalia Otalora Marcelo (9 años) - PSICOLOGIA INFANTIL - Bs. 70.00	3		13	1
801	2026-02-02 23:00:01.434398+00	1007	2026-02-02 18:30:00 - Dalia Otalora Marcelo (9 años) - PSICOLOGIA INFANTIL - Bs. 70.00	3		13	1
802	2026-02-02 23:00:01.434427+00	1080	2026-02-05 17:30:00 - Dalia Otalora Marcelo (9 años) - PSICOLOGIA INFANTIL - Bs. 70.00	3		13	1
803	2026-02-02 23:00:01.434452+00	1008	2026-02-05 18:30:00 - Dalia Otalora Marcelo (9 años) - PSICOLOGIA INFANTIL - Bs. 70.00	3		13	1
804	2026-02-02 23:00:01.434476+00	1081	2026-02-09 17:30:00 - Dalia Otalora Marcelo (9 años) - PSICOLOGIA INFANTIL - Bs. 70.00	3		13	1
805	2026-02-02 23:00:01.434498+00	1009	2026-02-09 18:30:00 - Dalia Otalora Marcelo (9 años) - PSICOLOGIA INFANTIL - Bs. 70.00	3		13	1
806	2026-02-02 23:00:01.434521+00	1082	2026-02-12 17:30:00 - Dalia Otalora Marcelo (9 años) - PSICOLOGIA INFANTIL - Bs. 70.00	3		13	1
807	2026-02-02 23:00:01.434543+00	1010	2026-02-12 18:30:00 - Dalia Otalora Marcelo (9 años) - PSICOLOGIA INFANTIL - Bs. 70.00	3		13	1
808	2026-02-02 23:00:01.434564+00	1083	2026-02-16 17:30:00 - Dalia Otalora Marcelo (9 años) - PSICOLOGIA INFANTIL - Bs. 70.00	3		13	1
809	2026-02-02 23:00:01.434585+00	1011	2026-02-16 18:30:00 - Dalia Otalora Marcelo (9 años) - PSICOLOGIA INFANTIL - Bs. 70.00	3		13	1
810	2026-02-02 23:00:01.434606+00	1084	2026-02-19 17:30:00 - Dalia Otalora Marcelo (9 años) - PSICOLOGIA INFANTIL - Bs. 70.00	3		13	1
811	2026-02-02 23:00:01.434629+00	1012	2026-02-19 18:30:00 - Dalia Otalora Marcelo (9 años) - PSICOLOGIA INFANTIL - Bs. 70.00	3		13	1
812	2026-02-02 23:00:01.434651+00	1085	2026-02-23 17:30:00 - Dalia Otalora Marcelo (9 años) - PSICOLOGIA INFANTIL - Bs. 70.00	3		13	1
813	2026-02-02 23:00:01.434674+00	1013	2026-02-23 18:30:00 - Dalia Otalora Marcelo (9 años) - PSICOLOGIA INFANTIL - Bs. 70.00	3		13	1
814	2026-02-02 23:00:01.434724+00	1086	2026-02-26 17:30:00 - Dalia Otalora Marcelo (9 años) - PSICOLOGIA INFANTIL - Bs. 70.00	3		13	1
815	2026-02-02 23:00:01.434748+00	1014	2026-02-26 18:30:00 - Dalia Otalora Marcelo (9 años) - PSICOLOGIA INFANTIL - Bs. 70.00	3		13	1
816	2026-02-02 23:51:26.867551+00	6	MEN-0126-TH-001 - Thiago Matias Barahona Mancilla (9 años) (Febrero 2026)	2	[{"changed": {"fields": ["Mes"]}}]	19	1
817	2026-02-02 23:53:10.088525+00	27	Pago REC-0013 - Thiago Matias Barahona Mancilla (9 años) - Mensualidad: MEN-0126-TH-001 - Bs. 1300.00	3		18	1
818	2026-02-03 02:56:59.340527+00	1434	2026-01-01 16:45:00 - Thiago Matias Barahona Mancilla (9 años) - PSICOMOTRICIDAD - Bs. 50.00	3		13	1
819	2026-02-03 02:56:59.340593+00	1417	2026-01-02 16:30:00 - Thiago Matias Barahona Mancilla (9 años) - TERAPIA DE LENGUAJE/FONOAUDIOLOGIA - Bs. 70.00	3		13	1
820	2026-02-03 02:56:59.340624+00	1397	2026-01-05 16:45:00 - Thiago Matias Barahona Mancilla (9 años) - PSICOLOGIA INFANTIL - Bs. 70.00	3		13	1
821	2026-02-03 02:56:59.34065+00	1418	2026-01-06 16:30:00 - Thiago Matias Barahona Mancilla (9 años) - TERAPIA DE LENGUAJE/FONOAUDIOLOGIA - Bs. 70.00	3		13	1
822	2026-02-03 02:56:59.340713+00	1430	2026-01-06 17:00:00 - Thiago Matias Barahona Mancilla (9 años) - APOYO ESCOLAR - Bs. 20.00	3		13	1
823	2026-02-03 02:56:59.340763+00	1426	2026-01-07 04:00:00 - Thiago Matias Barahona Mancilla (9 años) - PSICOPEDAGOGIA - Bs. 50.00	3		13	1
824	2026-02-03 02:56:59.340793+00	1398	2026-01-07 16:45:00 - Thiago Matias Barahona Mancilla (9 años) - PSICOLOGIA INFANTIL - Bs. 70.00	3		13	1
825	2026-02-03 02:56:59.340817+00	1435	2026-01-08 16:45:00 - Thiago Matias Barahona Mancilla (9 años) - PSICOMOTRICIDAD - Bs. 50.00	3		13	1
826	2026-02-03 02:56:59.340839+00	1419	2026-01-09 16:30:00 - Thiago Matias Barahona Mancilla (9 años) - TERAPIA DE LENGUAJE/FONOAUDIOLOGIA - Bs. 70.00	3		13	1
1565	2026-02-09 23:29:19.54845+00	41	JHULYPATRICIA@2026	2	[{"changed": {"fields": ["Active", "Staff status"]}}]	4	1
828	2026-02-03 02:56:59.340886+00	1420	2026-01-13 16:30:00 - Thiago Matias Barahona Mancilla (9 años) - TERAPIA DE LENGUAJE/FONOAUDIOLOGIA - Bs. 70.00	3		13	1
829	2026-02-03 02:56:59.340909+00	1431	2026-01-13 17:00:00 - Thiago Matias Barahona Mancilla (9 años) - APOYO ESCOLAR - Bs. 20.00	3		13	1
830	2026-02-03 02:56:59.340931+00	1427	2026-01-14 04:00:00 - Thiago Matias Barahona Mancilla (9 años) - PSICOPEDAGOGIA - Bs. 50.00	3		13	1
831	2026-02-03 02:56:59.340953+00	1400	2026-01-14 16:45:00 - Thiago Matias Barahona Mancilla (9 años) - PSICOLOGIA INFANTIL - Bs. 70.00	3		13	1
832	2026-02-03 02:56:59.340974+00	1436	2026-01-15 16:45:00 - Thiago Matias Barahona Mancilla (9 años) - PSICOMOTRICIDAD - Bs. 50.00	3		13	1
833	2026-02-03 02:56:59.340996+00	1421	2026-01-16 16:30:00 - Thiago Matias Barahona Mancilla (9 años) - TERAPIA DE LENGUAJE/FONOAUDIOLOGIA - Bs. 70.00	3		13	1
834	2026-02-03 02:56:59.341017+00	1401	2026-01-19 16:45:00 - Thiago Matias Barahona Mancilla (9 años) - PSICOLOGIA INFANTIL - Bs. 70.00	3		13	1
835	2026-02-03 02:56:59.341038+00	1422	2026-01-20 16:30:00 - Thiago Matias Barahona Mancilla (9 años) - TERAPIA DE LENGUAJE/FONOAUDIOLOGIA - Bs. 70.00	3		13	1
836	2026-02-03 02:56:59.34106+00	1432	2026-01-20 17:00:00 - Thiago Matias Barahona Mancilla (9 años) - APOYO ESCOLAR - Bs. 20.00	3		13	1
837	2026-02-03 02:56:59.34108+00	1428	2026-01-21 04:00:00 - Thiago Matias Barahona Mancilla (9 años) - PSICOPEDAGOGIA - Bs. 50.00	3		13	1
838	2026-02-03 02:56:59.341101+00	1402	2026-01-21 16:45:00 - Thiago Matias Barahona Mancilla (9 años) - PSICOLOGIA INFANTIL - Bs. 70.00	3		13	1
839	2026-02-03 02:56:59.341121+00	1437	2026-01-22 16:45:00 - Thiago Matias Barahona Mancilla (9 años) - PSICOMOTRICIDAD - Bs. 50.00	3		13	1
840	2026-02-03 02:56:59.341142+00	1423	2026-01-23 16:30:00 - Thiago Matias Barahona Mancilla (9 años) - TERAPIA DE LENGUAJE/FONOAUDIOLOGIA - Bs. 70.00	3		13	1
841	2026-02-03 02:56:59.341162+00	1403	2026-01-26 16:45:00 - Thiago Matias Barahona Mancilla (9 años) - PSICOLOGIA INFANTIL - Bs. 70.00	3		13	1
842	2026-02-03 02:56:59.341183+00	1424	2026-01-27 16:30:00 - Thiago Matias Barahona Mancilla (9 años) - TERAPIA DE LENGUAJE/FONOAUDIOLOGIA - Bs. 70.00	3		13	1
843	2026-02-03 02:56:59.341204+00	1433	2026-01-27 17:00:00 - Thiago Matias Barahona Mancilla (9 años) - APOYO ESCOLAR - Bs. 20.00	3		13	1
844	2026-02-03 02:56:59.341225+00	1429	2026-01-28 04:00:00 - Thiago Matias Barahona Mancilla (9 años) - PSICOPEDAGOGIA - Bs. 50.00	3		13	1
845	2026-02-03 02:56:59.341245+00	1404	2026-01-28 16:45:00 - Thiago Matias Barahona Mancilla (9 años) - PSICOLOGIA INFANTIL - Bs. 70.00	3		13	1
846	2026-02-03 02:56:59.341266+00	1438	2026-01-29 16:45:00 - Thiago Matias Barahona Mancilla (9 años) - PSICOMOTRICIDAD - Bs. 50.00	3		13	1
847	2026-02-03 02:56:59.341286+00	1425	2026-01-30 16:30:00 - Thiago Matias Barahona Mancilla (9 años) - TERAPIA DE LENGUAJE/FONOAUDIOLOGIA - Bs. 70.00	3		13	1
848	2026-02-03 03:00:50.845173+00	1405	2026-02-02 16:00:00 - Thiago Matias Barahona Mancilla (9 años) - PSICOMOTRICIDAD - Bs. 50.00	3		13	1
849	2026-02-03 03:00:50.845234+00	1409	2026-02-02 16:45:00 - Thiago Matias Barahona Mancilla (9 años) - PSICOLOGIA INFANTIL - Bs. 70.00	3		13	1
850	2026-02-03 03:00:50.845266+00	1410	2026-02-04 16:45:00 - Thiago Matias Barahona Mancilla (9 años) - PSICOLOGIA INFANTIL - Bs. 70.00	3		13	1
851	2026-02-03 03:00:50.845293+00	1439	2026-02-05 16:00:00 - Thiago Matias Barahona Mancilla (9 años) - TERAPIA OCUPACIONAL/INDEPENDENCIA PERSONAL - Bs. 50.00	3		13	1
852	2026-02-03 03:00:50.845318+00	1443	2026-02-06 17:30:00 - Thiago Matias Barahona Mancilla (9 años) - TERAPIA OCUPACIONAL/INDEPENDENCIA PERSONAL - Bs. 50.00	3		13	1
853	2026-02-03 03:00:50.845342+00	1406	2026-02-09 16:00:00 - Thiago Matias Barahona Mancilla (9 años) - PSICOMOTRICIDAD - Bs. 50.00	3		13	1
854	2026-02-03 03:00:50.845365+00	1411	2026-02-09 16:45:00 - Thiago Matias Barahona Mancilla (9 años) - PSICOLOGIA INFANTIL - Bs. 70.00	3		13	1
855	2026-02-03 03:00:50.845388+00	1412	2026-02-11 16:45:00 - Thiago Matias Barahona Mancilla (9 años) - PSICOLOGIA INFANTIL - Bs. 70.00	3		13	1
856	2026-02-03 03:00:50.845411+00	1440	2026-02-12 16:00:00 - Thiago Matias Barahona Mancilla (9 años) - TERAPIA OCUPACIONAL/INDEPENDENCIA PERSONAL - Bs. 50.00	3		13	1
857	2026-02-03 03:00:50.845433+00	1444	2026-02-13 17:30:00 - Thiago Matias Barahona Mancilla (9 años) - TERAPIA OCUPACIONAL/INDEPENDENCIA PERSONAL - Bs. 50.00	3		13	1
858	2026-02-03 03:00:50.845455+00	1407	2026-02-16 16:00:00 - Thiago Matias Barahona Mancilla (9 años) - PSICOMOTRICIDAD - Bs. 50.00	3		13	1
859	2026-02-03 03:00:50.845476+00	1413	2026-02-16 16:45:00 - Thiago Matias Barahona Mancilla (9 años) - PSICOLOGIA INFANTIL - Bs. 70.00	3		13	1
860	2026-02-03 03:00:50.845498+00	1414	2026-02-18 16:45:00 - Thiago Matias Barahona Mancilla (9 años) - PSICOLOGIA INFANTIL - Bs. 70.00	3		13	1
861	2026-02-03 03:00:50.845519+00	1441	2026-02-19 16:00:00 - Thiago Matias Barahona Mancilla (9 años) - TERAPIA OCUPACIONAL/INDEPENDENCIA PERSONAL - Bs. 50.00	3		13	1
862	2026-02-03 03:00:50.84554+00	1445	2026-02-20 17:30:00 - Thiago Matias Barahona Mancilla (9 años) - TERAPIA OCUPACIONAL/INDEPENDENCIA PERSONAL - Bs. 50.00	3		13	1
863	2026-02-03 03:00:50.845562+00	1408	2026-02-23 16:00:00 - Thiago Matias Barahona Mancilla (9 años) - PSICOMOTRICIDAD - Bs. 50.00	3		13	1
864	2026-02-03 03:00:50.845584+00	1415	2026-02-23 16:45:00 - Thiago Matias Barahona Mancilla (9 años) - PSICOLOGIA INFANTIL - Bs. 70.00	3		13	1
865	2026-02-03 03:00:50.845606+00	1416	2026-02-25 16:45:00 - Thiago Matias Barahona Mancilla (9 años) - PSICOLOGIA INFANTIL - Bs. 70.00	3		13	1
866	2026-02-03 03:00:50.845628+00	1442	2026-02-26 16:00:00 - Thiago Matias Barahona Mancilla (9 años) - TERAPIA OCUPACIONAL/INDEPENDENCIA PERSONAL - Bs. 50.00	3		13	1
867	2026-02-03 03:00:50.84565+00	1446	2026-02-27 17:30:00 - Thiago Matias Barahona Mancilla (9 años) - TERAPIA OCUPACIONAL/INDEPENDENCIA PERSONAL - Bs. 50.00	3		13	1
868	2026-02-03 03:20:14.465587+00	22	Anya Valentina Palenque Corico (3 años)	2	[{"added": {"name": "Servicio del Paciente", "object": "Anya Valentina Palenque Corico - PSICOMOTRICIDAD"}}]	8	1
869	2026-02-03 03:34:34.0367+00	1393	2026-02-02 17:00:00 - Sebastian Mateo Venegas Venegas (7 años) - TERAPIA DE LENGUAJE/FONOAUDIOLOGIA - Bs. 70.00	3		13	1
870	2026-02-03 03:34:34.036775+00	1394	2026-02-09 17:00:00 - Sebastian Mateo Venegas Venegas (7 años) - TERAPIA DE LENGUAJE/FONOAUDIOLOGIA - Bs. 70.00	3		13	1
871	2026-02-03 03:34:34.036829+00	1396	2026-02-23 17:00:00 - Sebastian Mateo Venegas Venegas (7 años) - TERAPIA DE LENGUAJE/FONOAUDIOLOGIA - Bs. 70.00	3		13	1
872	2026-02-03 03:35:42.746284+00	1395	2026-02-16 17:00:00 - Sebastian Mateo Venegas Venegas (7 años) - TERAPIA DE LENGUAJE/FONOAUDIOLOGIA - Bs. 70.00	3		13	1
873	2026-02-03 03:42:23.470752+00	51	Sebastian Mateo Venegas Venegas (7 años)	2	[{"added": {"name": "Servicio del Paciente", "object": "Sebastian Mateo Venegas Venegas - TERAPIA DE INTEGRACION SENSORIAL"}}]	8	1
874	2026-02-03 03:45:21.167626+00	30	MEN-0226-SE-001 - Sebastian Mateo Venegas Venegas (7 años) (Febrero 2026)	2	[{"added": {"name": "Servicio-Profesional", "object": "TERAPIA DE INTEGRACION SENSORIAL - Ana Gabriela"}}]	19	1
875	2026-02-03 03:53:00.263443+00	30	MEN-0226-SE-001 - Sebastian Mateo Venegas Venegas (7 años) (Febrero 2026)	2	[]	19	1
876	2026-02-03 03:55:26.939322+00	1335	2026-02-02 09:00:00 - Anya Valentina Palenque Corico (3 años) - TERAPIA OCUPACIONAL/INDEPENDENCIA PERSONAL - Bs. 50.00	3		13	1
877	2026-02-03 03:55:26.939375+00	1327	2026-02-02 10:00:00 - Anya Valentina Palenque Corico (3 años) - TERAPIA DE LENGUAJE/FONOAUDIOLOGIA - Bs. 70.00	3		13	1
878	2026-02-03 03:55:26.939406+00	1343	2026-02-03 11:15:00 - Anya Valentina Palenque Corico (3 años) - PSICOLOGIA INFANTIL - Bs. 70.00	3		13	1
879	2026-02-03 03:55:26.939433+00	1336	2026-02-04 09:00:00 - Anya Valentina Palenque Corico (3 años) - TERAPIA OCUPACIONAL/INDEPENDENCIA PERSONAL - Bs. 50.00	3		13	1
880	2026-02-03 03:55:26.939458+00	1328	2026-02-04 10:00:00 - Anya Valentina Palenque Corico (3 años) - TERAPIA DE LENGUAJE/FONOAUDIOLOGIA - Bs. 70.00	3		13	1
881	2026-02-03 03:55:26.939483+00	1349	2026-02-05 09:45:00 - Anya Valentina Palenque Corico (3 años) - TERAPIA DE INTEGRACION SENSORIAL - Bs. 70.00	3		13	1
882	2026-02-03 03:55:26.939508+00	1345	2026-02-05 10:30:00 - Anya Valentina Palenque Corico (3 años) - PSICOLOGIA INFANTIL - Bs. 70.00	3		13	1
883	2026-02-03 03:55:26.939534+00	1337	2026-02-09 09:00:00 - Anya Valentina Palenque Corico (3 años) - TERAPIA OCUPACIONAL/INDEPENDENCIA PERSONAL - Bs. 50.00	3		13	1
884	2026-02-03 03:55:26.939557+00	1329	2026-02-09 10:00:00 - Anya Valentina Palenque Corico (3 años) - TERAPIA DE LENGUAJE/FONOAUDIOLOGIA - Bs. 70.00	3		13	1
885	2026-02-03 03:55:26.939582+00	1344	2026-02-10 11:15:00 - Anya Valentina Palenque Corico (3 años) - PSICOLOGIA INFANTIL - Bs. 70.00	3		13	1
886	2026-02-03 03:55:26.939606+00	1338	2026-02-11 09:00:00 - Anya Valentina Palenque Corico (3 años) - TERAPIA OCUPACIONAL/INDEPENDENCIA PERSONAL - Bs. 50.00	3		13	1
887	2026-02-03 03:55:26.939629+00	1330	2026-02-11 10:00:00 - Anya Valentina Palenque Corico (3 años) - TERAPIA DE LENGUAJE/FONOAUDIOLOGIA - Bs. 70.00	3		13	1
888	2026-02-03 03:55:26.939653+00	1350	2026-02-12 09:45:00 - Anya Valentina Palenque Corico (3 años) - TERAPIA DE INTEGRACION SENSORIAL - Bs. 70.00	3		13	1
889	2026-02-03 03:55:26.939701+00	1346	2026-02-12 10:30:00 - Anya Valentina Palenque Corico (3 años) - PSICOLOGIA INFANTIL - Bs. 70.00	3		13	1
890	2026-02-03 03:55:26.939741+00	1339	2026-02-16 09:00:00 - Anya Valentina Palenque Corico (3 años) - TERAPIA OCUPACIONAL/INDEPENDENCIA PERSONAL - Bs. 50.00	3		13	1
891	2026-02-03 03:55:26.939769+00	1331	2026-02-16 10:00:00 - Anya Valentina Palenque Corico (3 años) - TERAPIA DE LENGUAJE/FONOAUDIOLOGIA - Bs. 70.00	3		13	1
892	2026-02-03 03:55:26.939795+00	1340	2026-02-18 09:00:00 - Anya Valentina Palenque Corico (3 años) - TERAPIA OCUPACIONAL/INDEPENDENCIA PERSONAL - Bs. 50.00	3		13	1
893	2026-02-03 03:55:26.939821+00	1332	2026-02-18 10:00:00 - Anya Valentina Palenque Corico (3 años) - TERAPIA DE LENGUAJE/FONOAUDIOLOGIA - Bs. 70.00	3		13	1
894	2026-02-03 03:55:26.939844+00	1351	2026-02-19 09:45:00 - Anya Valentina Palenque Corico (3 años) - TERAPIA DE INTEGRACION SENSORIAL - Bs. 70.00	3		13	1
895	2026-02-03 03:55:26.939868+00	1347	2026-02-19 10:30:00 - Anya Valentina Palenque Corico (3 años) - PSICOLOGIA INFANTIL - Bs. 70.00	3		13	1
896	2026-02-03 03:55:26.939893+00	1341	2026-02-23 09:00:00 - Anya Valentina Palenque Corico (3 años) - TERAPIA OCUPACIONAL/INDEPENDENCIA PERSONAL - Bs. 50.00	3		13	1
897	2026-02-03 03:55:26.939916+00	1333	2026-02-23 10:00:00 - Anya Valentina Palenque Corico (3 años) - TERAPIA DE LENGUAJE/FONOAUDIOLOGIA - Bs. 70.00	3		13	1
898	2026-02-03 03:55:26.939938+00	1342	2026-02-25 09:00:00 - Anya Valentina Palenque Corico (3 años) - TERAPIA OCUPACIONAL/INDEPENDENCIA PERSONAL - Bs. 50.00	3		13	1
899	2026-02-03 03:55:26.939961+00	1334	2026-02-25 10:00:00 - Anya Valentina Palenque Corico (3 años) - TERAPIA DE LENGUAJE/FONOAUDIOLOGIA - Bs. 70.00	3		13	1
900	2026-02-03 03:55:26.939994+00	1352	2026-02-26 09:45:00 - Anya Valentina Palenque Corico (3 años) - TERAPIA DE INTEGRACION SENSORIAL - Bs. 70.00	3		13	1
901	2026-02-03 03:55:26.940022+00	1348	2026-02-26 10:30:00 - Anya Valentina Palenque Corico (3 años) - PSICOLOGIA INFANTIL - Bs. 70.00	3		13	1
902	2026-02-03 04:04:39.056035+00	21	MEN-0226-AN-001-3676 - Ander Mijael Oquendo Quiroga (3 años) (Febrero 2026)	2	[]	19	1
903	2026-02-03 04:05:57.337541+00	867	2026-02-03 10:30:00 - Ander Mijael Oquendo Quiroga (3 años) - TERAPIA OCUPACIONAL/INDEPENDENCIA PERSONAL - Bs. 50.00	3		13	1
904	2026-02-03 04:05:57.337627+00	1529	2026-02-06 09:45:00 - Ander Mijael Oquendo Quiroga (3 años) - TERAPIA OCUPACIONAL/INDEPENDENCIA PERSONAL - Bs. 50.00	3		13	1
905	2026-02-03 04:05:57.337708+00	868	2026-02-10 10:30:00 - Ander Mijael Oquendo Quiroga (3 años) - TERAPIA OCUPACIONAL/INDEPENDENCIA PERSONAL - Bs. 50.00	3		13	1
906	2026-02-03 04:05:57.337765+00	872	2026-02-13 09:45:00 - Ander Mijael Oquendo Quiroga (3 años) - TERAPIA OCUPACIONAL/INDEPENDENCIA PERSONAL - Bs. 50.00	3		13	1
907	2026-02-03 04:05:57.33782+00	869	2026-02-17 10:30:00 - Ander Mijael Oquendo Quiroga (3 años) - TERAPIA OCUPACIONAL/INDEPENDENCIA PERSONAL - Bs. 50.00	3		13	1
908	2026-02-03 04:05:57.337872+00	873	2026-02-20 09:45:00 - Ander Mijael Oquendo Quiroga (3 años) - TERAPIA OCUPACIONAL/INDEPENDENCIA PERSONAL - Bs. 50.00	3		13	1
909	2026-02-03 04:05:57.337925+00	870	2026-02-24 10:30:00 - Ander Mijael Oquendo Quiroga (3 años) - TERAPIA OCUPACIONAL/INDEPENDENCIA PERSONAL - Bs. 50.00	3		13	1
910	2026-02-03 04:05:57.337972+00	874	2026-02-27 09:45:00 - Ander Mijael Oquendo Quiroga (3 años) - TERAPIA OCUPACIONAL/INDEPENDENCIA PERSONAL - Bs. 50.00	3		13	1
911	2026-02-03 04:13:30.734162+00	783	2026-02-03 09:00:00 - Abel Fernando Mamani Castro (11 años) - PSICOLOGIA ADOLESCENTES - Bs. 70.00	3		13	1
912	2026-02-03 04:13:30.734214+00	791	2026-02-03 10:00:00 - Abel Fernando Mamani Castro (11 años) - PSICOPEDAGOGIA - Bs. 50.00	3		13	1
913	2026-02-03 04:13:30.734244+00	784	2026-02-05 09:00:00 - Abel Fernando Mamani Castro (11 años) - PSICOLOGIA ADOLESCENTES - Bs. 70.00	3		13	1
914	2026-02-03 04:13:30.734269+00	792	2026-02-05 10:00:00 - Abel Fernando Mamani Castro (11 años) - PSICOPEDAGOGIA - Bs. 50.00	3		13	1
915	2026-02-03 04:13:30.734294+00	785	2026-02-10 09:00:00 - Abel Fernando Mamani Castro (11 años) - PSICOLOGIA ADOLESCENTES - Bs. 70.00	3		13	1
916	2026-02-03 04:13:30.73432+00	793	2026-02-10 10:00:00 - Abel Fernando Mamani Castro (11 años) - PSICOPEDAGOGIA - Bs. 50.00	3		13	1
917	2026-02-03 04:13:30.734343+00	786	2026-02-12 09:00:00 - Abel Fernando Mamani Castro (11 años) - PSICOLOGIA ADOLESCENTES - Bs. 70.00	3		13	1
918	2026-02-03 04:13:30.734367+00	794	2026-02-12 10:00:00 - Abel Fernando Mamani Castro (11 años) - PSICOPEDAGOGIA - Bs. 50.00	3		13	1
919	2026-02-03 04:13:30.734391+00	788	2026-02-19 09:00:00 - Abel Fernando Mamani Castro (11 años) - PSICOLOGIA ADOLESCENTES - Bs. 70.00	3		13	1
920	2026-02-03 04:13:30.734414+00	796	2026-02-19 10:00:00 - Abel Fernando Mamani Castro (11 años) - PSICOPEDAGOGIA - Bs. 50.00	3		13	1
921	2026-02-03 04:13:30.734438+00	789	2026-02-24 09:00:00 - Abel Fernando Mamani Castro (11 años) - PSICOLOGIA ADOLESCENTES - Bs. 70.00	3		13	1
922	2026-02-03 04:13:30.734462+00	797	2026-02-24 10:00:00 - Abel Fernando Mamani Castro (11 años) - PSICOPEDAGOGIA - Bs. 50.00	3		13	1
923	2026-02-03 04:13:30.734485+00	790	2026-02-26 09:00:00 - Abel Fernando Mamani Castro (11 años) - PSICOLOGIA ADOLESCENTES - Bs. 70.00	3		13	1
924	2026-02-03 04:13:30.734507+00	798	2026-02-26 10:00:00 - Abel Fernando Mamani Castro (11 años) - PSICOPEDAGOGIA - Bs. 50.00	3		13	1
925	2026-02-03 04:14:31.141096+00	973	2026-02-16 05:30:00 - Ihan Thiago Rodriguez Torrez (7 años) - TERAPIA OCUPACIONAL/INDEPENDENCIA PERSONAL - Bs. 50.00	3		13	1
926	2026-02-03 04:14:31.141163+00	1550	2026-02-16 09:00:00 - Anya Valentina Palenque Corico (3 años) - TERAPIA OCUPACIONAL/INDEPENDENCIA PERSONAL - Bs. 50.00	3		13	1
927	2026-02-03 04:14:31.1412+00	861	2026-02-16 09:00:00 - Ander Mijael Oquendo Quiroga (3 años) - PSICOMOTRICIDAD - Bs. 50.00	3		13	1
928	2026-02-03 04:14:31.141232+00	1317	2026-02-16 09:30:00 - Leonardo Sebastian Colque Alderete (9 años) - APOYO ESCOLAR - Bs. 20.00	3		13	1
929	2026-02-03 04:14:31.141265+00	1089	2026-02-16 09:30:00 - Juaquin Wagner Berrios Alvarez (9 años) - PSICOPEDAGOGIA - Bs. 50.00	3		13	1
930	2026-02-03 04:14:31.141298+00	1521	2026-02-16 10:00:00 - Anya Valentina Palenque Corico (3 años) - TERAPIA DE LENGUAJE/FONOAUDIOLOGIA - Bs. 70.00	3		13	1
931	2026-02-03 04:14:31.141327+00	1385	2026-02-16 10:30:00 - Alana Genesis Mamanillo Quispe (1 años) - ESTIMULACION TEMPRANA - Bs. 50.00	3		13	1
932	2026-02-03 04:14:31.141357+00	1309	2026-02-16 10:30:00 - Leonardo Sebastian Colque Alderete (9 años) - PSICOPEDAGOGIA - Bs. 50.00	3		13	1
933	2026-02-03 04:14:31.141385+00	1067	2026-02-16 10:30:00 - Juaquin Wagner Berrios Alvarez (9 años) - PSICOLOGIA INFANTIL - Bs. 70.00	3		13	1
934	2026-02-03 04:14:31.141439+00	1025	2026-02-16 14:30:00 - Jair Sebastian Alejo Tola (3 años) - TERAPIA OCUPACIONAL/INDEPENDENCIA PERSONAL - Bs. 50.00	3		13	1
935	2026-02-03 04:14:31.141471+00	881	2026-02-16 14:30:00 - Franciel Marcela Flores Garnica (6 años) - PSICOPEDAGOGIA - Bs. 50.00	3		13	1
936	2026-02-03 04:14:31.141502+00	1355	2026-02-16 15:00:00 - Cristofer Bayron Garabito Marquez (10 años) - TERAPIA DE LENGUAJE/FONOAUDIOLOGIA - Bs. 70.00	3		13	1
937	2026-02-03 04:14:31.141532+00	1003	2026-02-16 15:15:00 - Jair Sebastian Alejo Tola (3 años) - PSICOMOTRICIDAD - Bs. 50.00	3		13	1
938	2026-02-03 04:14:31.141562+00	1359	2026-02-16 15:30:00 - Cristofer Bayron Garabito Marquez (10 años) - PSICOPEDAGOGIA - Bs. 50.00	3		13	1
939	2026-02-03 04:14:31.141591+00	1185	2026-02-16 15:30:00 - Erick Ramirez Olmedo (5 años) - TERAPIA DE LENGUAJE/FONOAUDIOLOGIA - Bs. 70.00	3		13	1
940	2026-02-03 04:14:31.141619+00	885	2026-02-16 15:30:00 - Franciel Marcela Flores Garnica (6 años) - APOYO ESCOLAR - Bs. 20.00	3		13	1
941	2026-02-03 04:14:31.141647+00	1477	2026-02-16 16:00:00 - Sebastian Mateo Venegas Venegas (7 años) - PSICOLOGIA INFANTIL - Bs. 70.00	3		13	1
942	2026-02-03 04:14:31.141708+00	1379	2026-02-16 16:00:00 - Mia Shantall Camargo Barja (7 años) - TERAPIA DE LENGUAJE/FONOAUDIOLOGIA - Bs. 70.00	3		13	1
943	2026-02-03 04:14:31.141745+00	1450	2026-02-16 16:45:00 - Thiago Matias Barahona Mancilla (9 años) - PSICOLOGIA INFANTIL - Bs. 70.00	3		13	1
944	2026-02-03 04:14:31.141773+00	977	2026-02-16 16:45:00 - Ivan Fernando Luna Palenque (4 años) - TERAPIA OCUPACIONAL/INDEPENDENCIA PERSONAL - Bs. 50.00	3		13	1
945	2026-02-03 04:14:31.141799+00	1484	2026-02-16 17:00:00 - Sebastian Mateo Venegas Venegas (7 años) - TERAPIA DE LENGUAJE/FONOAUDIOLOGIA - Bs. 70.00	3		13	1
946	2026-02-03 04:14:31.141825+00	1245	2026-02-16 17:00:00 - Luis Clemente Llanos Isla (8 años) - PSICOPEDAGOGIA - Bs. 50.00	3		13	1
947	2026-02-03 04:14:31.141849+00	1229	2026-02-16 17:30:00 - Juan Luis Flores Rivera (9 años) - APOYO ESCOLAR - Bs. 20.00	3		13	1
948	2026-02-03 04:14:31.141873+00	953	2026-02-16 17:30:00 - Ivan Fernando Luna Palenque (4 años) - TERAPIA DE LENGUAJE/FONOAUDIOLOGIA - Bs. 70.00	3		13	1
949	2026-02-03 04:14:31.141895+00	1049	2026-02-16 18:00:00 - Jeremias Garnica Orcko (5 años) - PSICOPEDAGOGIA - Bs. 50.00	3		13	1
950	2026-02-03 04:14:31.14192+00	905	2026-02-16 18:00:00 - Ihan Thiago Rodriguez Torrez (7 años) - TERAPIA DE LENGUAJE/FONOAUDIOLOGIA - Bs. 70.00	3		13	1
951	2026-02-03 04:14:31.141945+00	1169	2026-02-16 18:15:00 - Gael Logan Velasquez Magne (5 años) - TERAPIA DE INTEGRACION SENSORIAL - Bs. 70.00	3		13	1
952	2026-02-03 04:14:31.141968+00	1391	2026-02-16 18:30:00 - Dalia Otalora Marcelo (9 años) - TERAPIA DE LENGUAJE/FONOAUDIOLOGIA - Bs. 70.00	3		13	1
953	2026-02-03 04:14:31.141992+00	1265	2026-02-16 18:45:00 - Lucas Ignacio Condo Jancko (2 años) - PSICOMOTRICIDAD - Bs. 50.00	3		13	1
954	2026-02-03 04:14:57.744339+00	1373	2026-02-17 02:30:00 - Cristofer Bayron Garabito Marquez (10 años) - APOYO ESCOLAR - Bs. 20.00	3		13	1
955	2026-02-03 04:14:57.7444+00	1119	2026-02-17 09:00:00 - Dante Aguirre Alcaraz (3 años) - TERAPIA OCUPACIONAL/INDEPENDENCIA PERSONAL - Bs. 50.00	3		13	1
956	2026-02-03 04:14:57.744431+00	1111	2026-02-17 09:45:00 - Dante Aguirre Alcaraz (3 años) - PSICOLOGIA INFANTIL - Bs. 70.00	3		13	1
957	2026-02-03 04:14:57.744457+00	845	2026-02-17 10:00:00 - Ander Mijael Oquendo Quiroga (3 años) - TERAPIA DE LENGUAJE/FONOAUDIOLOGIA - Bs. 70.00	3		13	1
958	2026-02-03 04:14:57.744483+00	1544	2026-02-17 10:30:00 - Anya Valentina Palenque Corico (3 años) - PSICOMOTRICIDAD - Bs. 50.00	3		13	1
959	2026-02-03 04:14:57.744507+00	1531	2026-02-17 10:30:00 - Ander Mijael Oquendo Quiroga (3 años) - TERAPIA OCUPACIONAL/INDEPENDENCIA PERSONAL - Bs. 50.00	3		13	1
960	2026-02-03 04:14:57.744532+00	1209	2026-02-17 11:00:00 - Fabricio Enrique Burgos Chacon (3 años) - TERAPIA DE LENGUAJE/FONOAUDIOLOGIA - Bs. 70.00	3		13	1
961	2026-02-03 04:14:57.744557+00	1512	2026-02-17 11:15:00 - Anya Valentina Palenque Corico (3 años) - PSICOLOGIA INFANTIL - Bs. 70.00	3		13	1
962	2026-02-03 04:14:57.744581+00	1271	2026-02-17 11:15:00 - Lucas Ignacio Condo Jancko (2 años) - PSICOMOTRICIDAD - Bs. 50.00	3		13	1
963	2026-02-03 04:14:57.744605+00	1221	2026-02-17 14:30:00 - Juan Luis Flores Rivera (9 años) - PSICOPEDAGOGIA - Bs. 50.00	3		13	1
964	2026-02-03 04:14:57.74463+00	1026	2026-02-17 14:30:00 - Jair Sebastian Alejo Tola (3 años) - TERAPIA OCUPACIONAL/INDEPENDENCIA PERSONAL - Bs. 50.00	3		13	1
965	2026-02-03 04:14:57.744654+00	877	2026-02-17 14:30:00 - Franciel Marcela Flores Garnica (6 años) - TERAPIA DE LENGUAJE/FONOAUDIOLOGIA - Bs. 70.00	3		13	1
966	2026-02-03 04:14:57.744698+00	889	2026-02-17 15:15:00 - Franciel Marcela Flores Garnica (6 años) - EVAL 02 PSICOLOGIA - Bs. 300.00	3		13	1
967	2026-02-03 04:14:57.744742+00	1233	2026-02-17 15:30:00 - Juan Luis Flores Rivera (9 años) - APOYO ESCOLAR - Bs. 20.00	3		13	1
968	2026-02-03 04:14:57.744768+00	993	2026-02-17 15:30:00 - Jair Sebastian Alejo Tola (3 años) - TERAPIA DE LENGUAJE/FONOAUDIOLOGIA - Bs. 70.00	3		13	1
969	2026-02-03 04:14:57.744794+00	1367	2026-02-17 16:00:00 - Cristofer Bayron Garabito Marquez (10 años) - PSICOLOGIA INFANTIL - Bs. 70.00	3		13	1
970	2026-02-03 04:14:57.744819+00	1496	2026-02-17 16:30:00 - Sebastian Mateo Venegas Venegas (7 años) - PSICOPEDAGOGIA - Bs. 50.00	3		13	1
971	2026-02-03 04:14:57.744844+00	1456	2026-02-17 16:30:00 - Thiago Matias Barahona Mancilla (9 años) - TERAPIA DE LENGUAJE/FONOAUDIOLOGIA - Bs. 70.00	3		13	1
972	2026-02-03 04:14:57.744867+00	1057	2026-02-17 16:45:00 - Jeremias Garnica Orcko (5 años) - TERAPIA OCUPACIONAL/INDEPENDENCIA PERSONAL - Bs. 50.00	3		13	1
973	2026-02-03 04:14:57.744891+00	1472	2026-02-17 17:00:00 - Thiago Matias Barahona Mancilla (9 años) - APOYO ESCOLAR - Bs. 20.00	3		13	1
974	2026-02-03 04:14:57.744927+00	949	2026-02-17 17:00:00 - Ivan Fernando Luna Palenque (4 años) - TERAPIA DE LENGUAJE/FONOAUDIOLOGIA - Bs. 70.00	3		13	1
975	2026-02-03 04:14:57.744956+00	1161	2026-02-17 17:30:00 - Gael Logan Velasquez Magne (5 años) - PSICOPEDAGOGIA - Bs. 50.00	3		13	1
976	2026-02-03 04:14:57.74498+00	1045	2026-02-17 17:30:00 - Jeremias Garnica Orcko (5 años) - TERAPIA DE LENGUAJE/FONOAUDIOLOGIA - Bs. 70.00	3		13	1
977	2026-02-03 04:14:57.745004+00	937	2026-02-17 17:30:00 - Ivan Fernando Luna Palenque (4 años) - PSICOLOGIA INFANTIL - Bs. 70.00	3		13	1
978	2026-02-03 04:14:57.745027+00	1193	2026-02-17 18:00:00 - Enrique Darwin Quispe Choque (7 años) - TERAPIA DE LENGUAJE/FONOAUDIOLOGIA - Bs. 70.00	3		13	1
979	2026-02-03 04:14:57.745051+00	1125	2026-02-17 18:15:00 - Gael Logan Velasquez Magne (5 años) - PSICOLOGIA INFANTIL - Bs. 70.00	3		13	1
980	2026-02-03 04:17:50.938035+00	1353	2026-02-02 15:00:00 - Cristofer Bayron Garabito Marquez (10 años) - TERAPIA DE LENGUAJE/FONOAUDIOLOGIA - Bs. 70.00	3		13	1
981	2026-02-03 04:17:50.938103+00	1357	2026-02-02 15:30:00 - Cristofer Bayron Garabito Marquez (10 años) - PSICOPEDAGOGIA - Bs. 50.00	3		13	1
982	2026-02-03 04:17:50.938149+00	1369	2026-02-03 02:30:00 - Cristofer Bayron Garabito Marquez (10 años) - APOYO ESCOLAR - Bs. 20.00	3		13	1
983	2026-02-03 04:17:50.938188+00	1365	2026-02-03 16:00:00 - Cristofer Bayron Garabito Marquez (10 años) - PSICOLOGIA INFANTIL - Bs. 70.00	3		13	1
984	2026-02-03 04:17:50.938224+00	1361	2026-02-04 02:30:00 - Cristofer Bayron Garabito Marquez (10 años) - PSICOPEDAGOGIA - Bs. 50.00	3		13	1
985	2026-02-03 04:17:50.938261+00	1370	2026-02-07 02:30:00 - Cristofer Bayron Garabito Marquez (10 años) - APOYO ESCOLAR - Bs. 20.00	3		13	1
986	2026-02-03 04:17:50.938296+00	1354	2026-02-09 15:00:00 - Cristofer Bayron Garabito Marquez (10 años) - TERAPIA DE LENGUAJE/FONOAUDIOLOGIA - Bs. 70.00	3		13	1
987	2026-02-03 04:17:50.93833+00	1358	2026-02-09 15:30:00 - Cristofer Bayron Garabito Marquez (10 años) - PSICOPEDAGOGIA - Bs. 50.00	3		13	1
988	2026-02-03 04:17:50.938363+00	1371	2026-02-10 02:30:00 - Cristofer Bayron Garabito Marquez (10 años) - APOYO ESCOLAR - Bs. 20.00	3		13	1
989	2026-02-03 04:17:50.938396+00	1366	2026-02-10 16:00:00 - Cristofer Bayron Garabito Marquez (10 años) - PSICOLOGIA INFANTIL - Bs. 70.00	3		13	1
990	2026-02-03 04:17:50.938429+00	1362	2026-02-11 02:30:00 - Cristofer Bayron Garabito Marquez (10 años) - PSICOPEDAGOGIA - Bs. 50.00	3		13	1
991	2026-02-03 04:17:50.938461+00	1372	2026-02-14 02:30:00 - Cristofer Bayron Garabito Marquez (10 años) - APOYO ESCOLAR - Bs. 20.00	3		13	1
992	2026-02-03 04:17:50.938493+00	1363	2026-02-18 02:30:00 - Cristofer Bayron Garabito Marquez (10 años) - PSICOPEDAGOGIA - Bs. 50.00	3		13	1
993	2026-02-03 04:17:50.938527+00	1374	2026-02-21 02:30:00 - Cristofer Bayron Garabito Marquez (10 años) - APOYO ESCOLAR - Bs. 20.00	3		13	1
994	2026-02-03 04:17:50.93856+00	1356	2026-02-23 15:00:00 - Cristofer Bayron Garabito Marquez (10 años) - TERAPIA DE LENGUAJE/FONOAUDIOLOGIA - Bs. 70.00	3		13	1
995	2026-02-03 04:17:50.938597+00	1360	2026-02-23 15:30:00 - Cristofer Bayron Garabito Marquez (10 años) - PSICOPEDAGOGIA - Bs. 50.00	3		13	1
996	2026-02-03 04:17:50.938633+00	1375	2026-02-24 02:30:00 - Cristofer Bayron Garabito Marquez (10 años) - APOYO ESCOLAR - Bs. 20.00	3		13	1
997	2026-02-03 04:17:50.938667+00	1368	2026-02-24 16:00:00 - Cristofer Bayron Garabito Marquez (10 años) - PSICOLOGIA INFANTIL - Bs. 70.00	3		13	1
998	2026-02-03 04:17:50.938726+00	1364	2026-02-25 02:30:00 - Cristofer Bayron Garabito Marquez (10 años) - PSICOPEDAGOGIA - Bs. 50.00	3		13	1
999	2026-02-03 04:17:50.938762+00	1376	2026-02-28 02:30:00 - Cristofer Bayron Garabito Marquez (10 años) - APOYO ESCOLAR - Bs. 20.00	3		13	1
1000	2026-02-03 04:26:30.740617+00	1183	2026-02-02 15:30:00 - Erick Ramirez Olmedo (5 años) - TERAPIA DE LENGUAJE/FONOAUDIOLOGIA - Bs. 70.00	3		13	1
1001	2026-02-03 04:31:58.467944+00	36	Franciel Marcela Flores Garnica (6 años)	2	[{"changed": {"name": "Servicio del Paciente", "object": "Franciel Marcela Flores Garnica - PSICOLOGIA INFANTIL", "fields": ["Servicio"]}}]	8	1
1002	2026-02-03 04:34:15.053387+00	22	MEN-0226-FR-001 - Franciel Marcela Flores Garnica (6 años) (Febrero 2026)	2	[{"changed": {"name": "Servicio-Profesional", "object": "PSICOLOGIA INFANTIL - Michelle Andrea", "fields": ["Servicio"]}}]	19	1
1003	2026-02-03 04:35:06.425594+00	26	MEN 01 PSICOLOGIA INFANTIL - Bs. 0.00	3		11	1
1004	2026-02-03 04:35:06.425652+00	27	MEN 02 PSICOPEDAGOGIA - Bs. 0.00	3		11	1
1005	2026-02-03 04:35:06.425716+00	28	MEN 03 APOYO ESCOLAR - Bs. 0.00	3		11	1
1006	2026-02-03 04:35:06.42575+00	29	MEN 04 TERAPIA OCUPACIONAL/INDEPENDENCIA PERSONAL - Bs. 0.00	3		11	1
1007	2026-02-03 04:35:06.425779+00	30	MEN 05 TERAPIA DE INTEGRACION SENSORIAL - Bs. 0.00	3		11	1
1008	2026-02-03 04:35:06.425811+00	31	MEN 06 TERAPIA PSICOMOTRICIDAD - Bs. 0.00	3		11	1
1009	2026-02-03 04:35:06.425842+00	32	MEN 07 TERAPIA DE LENGUAJE Y COMUNICACION - Bs. 0.00	3		11	1
1010	2026-02-03 04:35:06.425873+00	33	MEN 08 ESTIMULACION TEMPRANA - Bs. 0.00	3		11	1
1011	2026-02-03 04:35:06.425904+00	34	MEN 09 TERAPIA INTEGRAL - Bs. 1300.00	3		11	1
1012	2026-02-03 04:43:18.937537+00	1227	2026-02-02 17:30:00 - Juan Luis Flores Rivera (9 años) - APOYO ESCOLAR - Bs. 20.00	3		13	1
1013	2026-02-03 04:43:18.937613+00	1219	2026-02-03 14:30:00 - Juan Luis Flores Rivera (9 años) - PSICOPEDAGOGIA - Bs. 50.00	3		13	1
1014	2026-02-03 04:43:18.937663+00	1231	2026-02-03 15:30:00 - Juan Luis Flores Rivera (9 años) - APOYO ESCOLAR - Bs. 20.00	3		13	1
1015	2026-02-03 04:43:18.937734+00	1235	2026-02-04 14:30:00 - Juan Luis Flores Rivera (9 años) - APOYO ESCOLAR - Bs. 20.00	3		13	1
1016	2026-02-03 04:43:18.937785+00	1223	2026-02-04 15:30:00 - Juan Luis Flores Rivera (9 años) - PSICOPEDAGOGIA - Bs. 50.00	3		13	1
1017	2026-02-03 04:43:18.937833+00	1239	2026-02-05 16:30:00 - Juan Luis Flores Rivera (9 años) - APOYO ESCOLAR - Bs. 20.00	3		13	1
1018	2026-02-03 04:43:18.937878+00	1215	2026-02-06 16:45:00 - Juan Luis Flores Rivera (9 años) - PSICOLOGIA INFANTIL - Bs. 70.00	3		13	1
1019	2026-02-03 04:43:18.937922+00	1228	2026-02-09 17:30:00 - Juan Luis Flores Rivera (9 años) - APOYO ESCOLAR - Bs. 20.00	3		13	1
1020	2026-02-03 04:43:18.937963+00	1220	2026-02-10 14:30:00 - Juan Luis Flores Rivera (9 años) - PSICOPEDAGOGIA - Bs. 50.00	3		13	1
1021	2026-02-03 04:43:18.938002+00	1232	2026-02-10 15:30:00 - Juan Luis Flores Rivera (9 años) - APOYO ESCOLAR - Bs. 20.00	3		13	1
1022	2026-02-03 04:43:18.938041+00	1236	2026-02-11 14:30:00 - Juan Luis Flores Rivera (9 años) - APOYO ESCOLAR - Bs. 20.00	3		13	1
1578	2026-02-11 22:56:44.70875+00	74	Alison Mishel Lopez Ramos (7 años)	2	[{"changed": {"fields": ["Estado"]}}]	8	1
1023	2026-02-03 04:43:18.93808+00	1224	2026-02-11 15:30:00 - Juan Luis Flores Rivera (9 años) - PSICOPEDAGOGIA - Bs. 50.00	3		13	1
1024	2026-02-03 04:43:18.938119+00	1240	2026-02-12 16:30:00 - Juan Luis Flores Rivera (9 años) - APOYO ESCOLAR - Bs. 20.00	3		13	1
1025	2026-02-03 04:43:18.938158+00	1216	2026-02-13 16:45:00 - Juan Luis Flores Rivera (9 años) - PSICOLOGIA INFANTIL - Bs. 70.00	3		13	1
1026	2026-02-03 04:43:18.938197+00	1237	2026-02-18 14:30:00 - Juan Luis Flores Rivera (9 años) - APOYO ESCOLAR - Bs. 20.00	3		13	1
1027	2026-02-03 04:43:18.938236+00	1225	2026-02-18 15:30:00 - Juan Luis Flores Rivera (9 años) - PSICOPEDAGOGIA - Bs. 50.00	3		13	1
1028	2026-02-03 04:43:18.938275+00	1241	2026-02-19 16:30:00 - Juan Luis Flores Rivera (9 años) - APOYO ESCOLAR - Bs. 20.00	3		13	1
1029	2026-02-03 04:43:18.938314+00	1217	2026-02-20 16:45:00 - Juan Luis Flores Rivera (9 años) - PSICOLOGIA INFANTIL - Bs. 70.00	3		13	1
1030	2026-02-03 04:43:18.938354+00	1230	2026-02-23 17:30:00 - Juan Luis Flores Rivera (9 años) - APOYO ESCOLAR - Bs. 20.00	3		13	1
1031	2026-02-03 04:43:18.938392+00	1222	2026-02-24 14:30:00 - Juan Luis Flores Rivera (9 años) - PSICOPEDAGOGIA - Bs. 50.00	3		13	1
1032	2026-02-03 04:43:18.938428+00	1234	2026-02-24 15:30:00 - Juan Luis Flores Rivera (9 años) - APOYO ESCOLAR - Bs. 20.00	3		13	1
1033	2026-02-03 04:43:18.938462+00	1238	2026-02-25 14:30:00 - Juan Luis Flores Rivera (9 años) - APOYO ESCOLAR - Bs. 20.00	3		13	1
1034	2026-02-03 04:43:18.938501+00	1226	2026-02-25 15:30:00 - Juan Luis Flores Rivera (9 años) - PSICOPEDAGOGIA - Bs. 50.00	3		13	1
1035	2026-02-03 04:43:18.938541+00	1242	2026-02-26 16:30:00 - Juan Luis Flores Rivera (9 años) - APOYO ESCOLAR - Bs. 20.00	3		13	1
1036	2026-02-03 04:43:18.938584+00	1218	2026-02-27 16:45:00 - Juan Luis Flores Rivera (9 años) - PSICOLOGIA INFANTIL - Bs. 70.00	3		13	1
1037	2026-02-03 04:45:33.935762+00	1263	2026-02-02 18:45:00 - Lucas Ignacio Condo Jancko (2 años) - PSICOMOTRICIDAD - Bs. 50.00	3		13	1
1038	2026-02-03 04:45:33.935821+00	1267	2026-02-03 11:15:00 - Lucas Ignacio Condo Jancko (2 años) - PSICOMOTRICIDAD - Bs. 50.00	3		13	1
1039	2026-02-03 04:45:33.935852+00	1275	2026-02-04 18:45:00 - Lucas Ignacio Condo Jancko (2 años) - PSICOMOTRICIDAD - Bs. 50.00	3		13	1
1040	2026-02-03 04:45:33.935878+00	1268	2026-02-06 11:15:00 - Lucas Ignacio Condo Jancko (2 años) - PSICOMOTRICIDAD - Bs. 50.00	3		13	1
1041	2026-02-03 04:45:33.935903+00	1264	2026-02-09 18:45:00 - Lucas Ignacio Condo Jancko (2 años) - PSICOMOTRICIDAD - Bs. 50.00	3		13	1
1042	2026-02-03 04:45:33.935928+00	1269	2026-02-10 11:15:00 - Lucas Ignacio Condo Jancko (2 años) - PSICOMOTRICIDAD - Bs. 50.00	3		13	1
1043	2026-02-03 04:45:33.935952+00	1276	2026-02-11 18:45:00 - Lucas Ignacio Condo Jancko (2 años) - PSICOMOTRICIDAD - Bs. 50.00	3		13	1
1044	2026-02-03 04:45:33.935977+00	1270	2026-02-13 11:15:00 - Lucas Ignacio Condo Jancko (2 años) - PSICOMOTRICIDAD - Bs. 50.00	3		13	1
1045	2026-02-03 04:45:33.935999+00	1277	2026-02-18 18:45:00 - Lucas Ignacio Condo Jancko (2 años) - PSICOMOTRICIDAD - Bs. 50.00	3		13	1
1046	2026-02-03 04:45:33.936021+00	1272	2026-02-20 11:15:00 - Lucas Ignacio Condo Jancko (2 años) - PSICOMOTRICIDAD - Bs. 50.00	3		13	1
1047	2026-02-03 04:45:33.936043+00	1266	2026-02-23 18:45:00 - Lucas Ignacio Condo Jancko (2 años) - PSICOMOTRICIDAD - Bs. 50.00	3		13	1
1048	2026-02-03 04:45:33.936065+00	1273	2026-02-24 11:15:00 - Lucas Ignacio Condo Jancko (2 años) - PSICOMOTRICIDAD - Bs. 50.00	3		13	1
1049	2026-02-03 04:45:33.936087+00	1278	2026-02-25 18:45:00 - Lucas Ignacio Condo Jancko (2 años) - PSICOMOTRICIDAD - Bs. 50.00	3		13	1
1050	2026-02-03 04:45:33.93611+00	1274	2026-02-27 11:15:00 - Lucas Ignacio Condo Jancko (2 años) - PSICOMOTRICIDAD - Bs. 50.00	3		13	1
1051	2026-02-03 04:52:09.042452+00	1377	2026-02-02 16:00:00 - Mia Shantall Camargo Barja (7 años) - TERAPIA DE LENGUAJE/FONOAUDIOLOGIA - Bs. 70.00	3		13	1
1052	2026-02-03 04:52:09.042514+00	1291	2026-02-04 04:30:00 - Mia Shantall Camargo Barja (7 años) - APOYO ESCOLAR - Bs. 20.00	3		13	1
1053	2026-02-03 04:52:09.042556+00	1279	2026-02-04 17:30:00 - Mia Shantall Camargo Barja (7 años) - TERAPIA DE LENGUAJE/FONOAUDIOLOGIA - Bs. 70.00	3		13	1
1054	2026-02-03 04:52:09.042589+00	1287	2026-02-05 15:30:00 - Mia Shantall Camargo Barja (7 años) - APOYO ESCOLAR - Bs. 20.00	3		13	1
1055	2026-02-03 04:52:09.04262+00	1283	2026-02-06 14:30:00 - Mia Shantall Camargo Barja (7 años) - TERAPIA DE LENGUAJE/FONOAUDIOLOGIA - Bs. 70.00	3		13	1
1056	2026-02-03 04:52:09.042652+00	1295	2026-02-06 15:00:00 - Mia Shantall Camargo Barja (7 años) - APOYO ESCOLAR - Bs. 20.00	3		13	1
1057	2026-02-03 04:52:09.042713+00	1299	2026-02-07 09:30:00 - Mia Shantall Camargo Barja (7 años) - APOYO ESCOLAR - Bs. 20.00	3		13	1
1058	2026-02-03 04:52:09.042749+00	1378	2026-02-09 16:00:00 - Mia Shantall Camargo Barja (7 años) - TERAPIA DE LENGUAJE/FONOAUDIOLOGIA - Bs. 70.00	3		13	1
1059	2026-02-03 04:52:09.042782+00	1292	2026-02-11 04:30:00 - Mia Shantall Camargo Barja (7 años) - APOYO ESCOLAR - Bs. 20.00	3		13	1
1060	2026-02-03 04:52:09.042813+00	1280	2026-02-11 17:30:00 - Mia Shantall Camargo Barja (7 años) - TERAPIA DE LENGUAJE/FONOAUDIOLOGIA - Bs. 70.00	3		13	1
1061	2026-02-03 04:52:09.042844+00	1288	2026-02-12 15:30:00 - Mia Shantall Camargo Barja (7 años) - APOYO ESCOLAR - Bs. 20.00	3		13	1
1062	2026-02-03 04:52:09.042875+00	1284	2026-02-13 14:30:00 - Mia Shantall Camargo Barja (7 años) - TERAPIA DE LENGUAJE/FONOAUDIOLOGIA - Bs. 70.00	3		13	1
1063	2026-02-03 04:52:09.042905+00	1296	2026-02-13 15:00:00 - Mia Shantall Camargo Barja (7 años) - APOYO ESCOLAR - Bs. 20.00	3		13	1
1064	2026-02-03 04:52:09.042936+00	1300	2026-02-14 09:30:00 - Mia Shantall Camargo Barja (7 años) - APOYO ESCOLAR - Bs. 20.00	3		13	1
1065	2026-02-03 04:52:09.042972+00	1293	2026-02-18 04:30:00 - Mia Shantall Camargo Barja (7 años) - APOYO ESCOLAR - Bs. 20.00	3		13	1
1066	2026-02-03 04:52:09.043006+00	1281	2026-02-18 17:30:00 - Mia Shantall Camargo Barja (7 años) - TERAPIA DE LENGUAJE/FONOAUDIOLOGIA - Bs. 70.00	3		13	1
1067	2026-02-03 04:52:09.04304+00	1289	2026-02-19 15:30:00 - Mia Shantall Camargo Barja (7 años) - APOYO ESCOLAR - Bs. 20.00	3		13	1
1068	2026-02-03 04:52:09.043073+00	1285	2026-02-20 14:30:00 - Mia Shantall Camargo Barja (7 años) - TERAPIA DE LENGUAJE/FONOAUDIOLOGIA - Bs. 70.00	3		13	1
1069	2026-02-03 04:52:09.043105+00	1297	2026-02-20 15:00:00 - Mia Shantall Camargo Barja (7 años) - APOYO ESCOLAR - Bs. 20.00	3		13	1
1070	2026-02-03 04:52:09.043137+00	1301	2026-02-21 09:30:00 - Mia Shantall Camargo Barja (7 años) - APOYO ESCOLAR - Bs. 20.00	3		13	1
1071	2026-02-03 04:52:09.04317+00	1380	2026-02-23 16:00:00 - Mia Shantall Camargo Barja (7 años) - TERAPIA DE LENGUAJE/FONOAUDIOLOGIA - Bs. 70.00	3		13	1
1072	2026-02-03 04:52:09.043202+00	1294	2026-02-25 04:30:00 - Mia Shantall Camargo Barja (7 años) - APOYO ESCOLAR - Bs. 20.00	3		13	1
1073	2026-02-03 04:52:09.043233+00	1282	2026-02-25 17:30:00 - Mia Shantall Camargo Barja (7 años) - TERAPIA DE LENGUAJE/FONOAUDIOLOGIA - Bs. 70.00	3		13	1
1074	2026-02-03 04:52:09.043264+00	1290	2026-02-26 15:30:00 - Mia Shantall Camargo Barja (7 años) - APOYO ESCOLAR - Bs. 20.00	3		13	1
1075	2026-02-03 04:52:09.043306+00	1286	2026-02-27 14:30:00 - Mia Shantall Camargo Barja (7 años) - TERAPIA DE LENGUAJE/FONOAUDIOLOGIA - Bs. 70.00	3		13	1
1076	2026-02-03 04:52:09.043343+00	1298	2026-02-27 15:00:00 - Mia Shantall Camargo Barja (7 años) - APOYO ESCOLAR - Bs. 20.00	3		13	1
1077	2026-02-03 04:52:09.043377+00	1302	2026-02-28 09:30:00 - Mia Shantall Camargo Barja (7 años) - APOYO ESCOLAR - Bs. 20.00	3		13	1
1078	2026-02-03 20:53:22.537948+00	1587	2026-02-10 16:00:00 - Cristofer Bayron Garabito Marquez (10 años) - PSICOLOGIA INFANTIL - Bs. 70.00	3		13	1
1079	2026-02-03 20:53:22.538022+00	1588	2026-02-17 16:00:00 - Cristofer Bayron Garabito Marquez (10 años) - PSICOLOGIA INFANTIL - Bs. 70.00	3		13	1
1080	2026-02-03 20:53:22.538055+00	1589	2026-02-24 16:00:00 - Cristofer Bayron Garabito Marquez (10 años) - PSICOLOGIA INFANTIL - Bs. 70.00	3		13	1
1081	2026-02-03 20:53:41.233777+00	1593	2026-02-02 15:30:00 - Cristofer Bayron Garabito Marquez (10 años) - PSICOPEDAGOGIA - Bs. 50.00	3		13	1
1082	2026-02-03 20:53:41.233828+00	1594	2026-02-09 15:30:00 - Cristofer Bayron Garabito Marquez (10 años) - PSICOPEDAGOGIA - Bs. 50.00	3		13	1
1083	2026-02-03 20:53:41.233857+00	1595	2026-02-16 15:30:00 - Cristofer Bayron Garabito Marquez (10 años) - PSICOPEDAGOGIA - Bs. 50.00	3		13	1
1084	2026-02-03 20:53:41.233882+00	1596	2026-02-23 15:30:00 - Cristofer Bayron Garabito Marquez (10 años) - PSICOPEDAGOGIA - Bs. 50.00	3		13	1
1085	2026-02-03 21:14:34.633516+00	1115	2026-02-03 09:00:00 - Dante Aguirre Alcaraz (3 años) - TERAPIA OCUPACIONAL/INDEPENDENCIA PERSONAL - Bs. 50.00	3		13	1
1086	2026-02-03 21:14:34.633617+00	1107	2026-02-03 09:45:00 - Dante Aguirre Alcaraz (3 años) - PSICOLOGIA INFANTIL - Bs. 70.00	3		13	1
1087	2026-02-03 21:14:34.63367+00	1116	2026-02-05 09:00:00 - Dante Aguirre Alcaraz (3 años) - TERAPIA OCUPACIONAL/INDEPENDENCIA PERSONAL - Bs. 50.00	3		13	1
1088	2026-02-03 21:14:34.633719+00	1108	2026-02-05 09:45:00 - Dante Aguirre Alcaraz (3 años) - PSICOLOGIA INFANTIL - Bs. 70.00	3		13	1
1089	2026-02-03 21:14:34.633766+00	1117	2026-02-10 09:00:00 - Dante Aguirre Alcaraz (3 años) - TERAPIA OCUPACIONAL/INDEPENDENCIA PERSONAL - Bs. 50.00	3		13	1
1090	2026-02-03 21:14:34.633813+00	1109	2026-02-10 09:45:00 - Dante Aguirre Alcaraz (3 años) - PSICOLOGIA INFANTIL - Bs. 70.00	3		13	1
1091	2026-02-03 21:14:34.633858+00	1118	2026-02-12 09:00:00 - Dante Aguirre Alcaraz (3 años) - TERAPIA OCUPACIONAL/INDEPENDENCIA PERSONAL - Bs. 50.00	3		13	1
1092	2026-02-03 21:14:34.633902+00	1110	2026-02-12 09:45:00 - Dante Aguirre Alcaraz (3 años) - PSICOLOGIA INFANTIL - Bs. 70.00	3		13	1
1093	2026-02-03 21:14:34.633945+00	1120	2026-02-19 09:00:00 - Dante Aguirre Alcaraz (3 años) - TERAPIA OCUPACIONAL/INDEPENDENCIA PERSONAL - Bs. 50.00	3		13	1
1094	2026-02-03 21:14:34.633989+00	1112	2026-02-19 09:45:00 - Dante Aguirre Alcaraz (3 años) - PSICOLOGIA INFANTIL - Bs. 70.00	3		13	1
1095	2026-02-03 21:14:34.634033+00	1121	2026-02-24 09:00:00 - Dante Aguirre Alcaraz (3 años) - TERAPIA OCUPACIONAL/INDEPENDENCIA PERSONAL - Bs. 50.00	3		13	1
1096	2026-02-03 21:14:34.634076+00	1113	2026-02-24 09:45:00 - Dante Aguirre Alcaraz (3 años) - PSICOLOGIA INFANTIL - Bs. 70.00	3		13	1
1097	2026-02-03 21:14:34.63412+00	1122	2026-02-26 09:00:00 - Dante Aguirre Alcaraz (3 años) - TERAPIA OCUPACIONAL/INDEPENDENCIA PERSONAL - Bs. 50.00	3		13	1
1098	2026-02-03 21:14:34.634163+00	1114	2026-02-26 09:45:00 - Dante Aguirre Alcaraz (3 años) - PSICOLOGIA INFANTIL - Bs. 70.00	3		13	1
1099	2026-02-03 21:15:23.836722+00	1567	2026-02-02 14:30:00 - Erick Ramirez Olmedo (5 años) - TERAPIA DE LENGUAJE/FONOAUDIOLOGIA - Bs. 70.00	3		13	1
1100	2026-02-03 21:15:23.836771+00	1131	2026-02-04 15:15:00 - Erick Aguirre Alcaraz (10 años) - PSICOLOGIA INFANTIL - Bs. 70.00	3		13	1
1101	2026-02-03 21:15:23.8368+00	1179	2026-02-04 15:30:00 - Erick Ramirez Olmedo (5 años) - APOYO ESCOLAR - Bs. 20.00	3		13	1
1102	2026-02-03 21:15:23.836823+00	1139	2026-02-04 16:00:00 - Erick Aguirre Alcaraz (10 años) - TERAPIA DE LENGUAJE/FONOAUDIOLOGIA - Bs. 70.00	3		13	1
1103	2026-02-03 21:15:23.836846+00	1187	2026-02-04 16:30:00 - Erick Ramirez Olmedo (5 años) - TERAPIA DE LENGUAJE/FONOAUDIOLOGIA - Bs. 70.00	3		13	1
1104	2026-02-03 21:15:23.836869+00	1132	2026-02-06 15:15:00 - Erick Aguirre Alcaraz (10 años) - PSICOLOGIA INFANTIL - Bs. 70.00	3		13	1
1105	2026-02-03 21:15:23.836891+00	1140	2026-02-06 16:00:00 - Erick Aguirre Alcaraz (10 años) - TERAPIA DE LENGUAJE/FONOAUDIOLOGIA - Bs. 70.00	3		13	1
1106	2026-02-03 21:15:23.836913+00	1568	2026-02-09 14:30:00 - Erick Ramirez Olmedo (5 años) - TERAPIA DE LENGUAJE/FONOAUDIOLOGIA - Bs. 70.00	3		13	1
1107	2026-02-03 21:15:23.836935+00	1133	2026-02-11 15:15:00 - Erick Aguirre Alcaraz (10 años) - PSICOLOGIA INFANTIL - Bs. 70.00	3		13	1
1108	2026-02-03 21:15:23.836955+00	1180	2026-02-11 15:30:00 - Erick Ramirez Olmedo (5 años) - APOYO ESCOLAR - Bs. 20.00	3		13	1
1109	2026-02-03 21:15:23.836976+00	1141	2026-02-11 16:00:00 - Erick Aguirre Alcaraz (10 años) - TERAPIA DE LENGUAJE/FONOAUDIOLOGIA - Bs. 70.00	3		13	1
1110	2026-02-03 21:15:23.836996+00	1188	2026-02-11 16:30:00 - Erick Ramirez Olmedo (5 años) - TERAPIA DE LENGUAJE/FONOAUDIOLOGIA - Bs. 70.00	3		13	1
1111	2026-02-03 21:15:23.837037+00	1134	2026-02-13 15:15:00 - Erick Aguirre Alcaraz (10 años) - PSICOLOGIA INFANTIL - Bs. 70.00	3		13	1
1112	2026-02-03 21:15:23.837063+00	1142	2026-02-13 16:00:00 - Erick Aguirre Alcaraz (10 años) - TERAPIA DE LENGUAJE/FONOAUDIOLOGIA - Bs. 70.00	3		13	1
1113	2026-02-03 21:15:23.837085+00	1569	2026-02-16 14:30:00 - Erick Ramirez Olmedo (5 años) - TERAPIA DE LENGUAJE/FONOAUDIOLOGIA - Bs. 70.00	3		13	1
1114	2026-02-03 21:15:23.837106+00	1135	2026-02-18 15:15:00 - Erick Aguirre Alcaraz (10 años) - PSICOLOGIA INFANTIL - Bs. 70.00	3		13	1
1115	2026-02-03 21:15:23.837127+00	1181	2026-02-18 15:30:00 - Erick Ramirez Olmedo (5 años) - APOYO ESCOLAR - Bs. 20.00	3		13	1
1116	2026-02-03 21:15:23.837148+00	1143	2026-02-18 16:00:00 - Erick Aguirre Alcaraz (10 años) - TERAPIA DE LENGUAJE/FONOAUDIOLOGIA - Bs. 70.00	3		13	1
1117	2026-02-03 21:15:23.837169+00	1189	2026-02-18 16:30:00 - Erick Ramirez Olmedo (5 años) - TERAPIA DE LENGUAJE/FONOAUDIOLOGIA - Bs. 70.00	3		13	1
1118	2026-02-03 21:15:23.837189+00	1136	2026-02-20 15:15:00 - Erick Aguirre Alcaraz (10 años) - PSICOLOGIA INFANTIL - Bs. 70.00	3		13	1
1119	2026-02-03 21:15:23.837209+00	1144	2026-02-20 16:00:00 - Erick Aguirre Alcaraz (10 años) - TERAPIA DE LENGUAJE/FONOAUDIOLOGIA - Bs. 70.00	3		13	1
1120	2026-02-03 21:15:23.837229+00	1570	2026-02-23 14:30:00 - Erick Ramirez Olmedo (5 años) - TERAPIA DE LENGUAJE/FONOAUDIOLOGIA - Bs. 70.00	3		13	1
1121	2026-02-03 21:15:23.837249+00	1137	2026-02-25 15:15:00 - Erick Aguirre Alcaraz (10 años) - PSICOLOGIA INFANTIL - Bs. 70.00	3		13	1
1122	2026-02-03 21:15:23.837269+00	1182	2026-02-25 15:30:00 - Erick Ramirez Olmedo (5 años) - APOYO ESCOLAR - Bs. 20.00	3		13	1
1123	2026-02-03 21:15:23.837289+00	1145	2026-02-25 16:00:00 - Erick Aguirre Alcaraz (10 años) - TERAPIA DE LENGUAJE/FONOAUDIOLOGIA - Bs. 70.00	3		13	1
1124	2026-02-03 21:15:23.837309+00	1190	2026-02-25 16:30:00 - Erick Ramirez Olmedo (5 años) - TERAPIA DE LENGUAJE/FONOAUDIOLOGIA - Bs. 70.00	3		13	1
1125	2026-02-03 21:15:23.837329+00	1138	2026-02-27 15:15:00 - Erick Aguirre Alcaraz (10 años) - PSICOLOGIA INFANTIL - Bs. 70.00	3		13	1
1126	2026-02-03 21:15:23.837349+00	1146	2026-02-27 16:00:00 - Erick Aguirre Alcaraz (10 años) - TERAPIA DE LENGUAJE/FONOAUDIOLOGIA - Bs. 70.00	3		13	1
1127	2026-02-03 21:16:02.542469+00	1203	2026-02-03 11:00:00 - Fabricio Enrique Burgos Chacon (3 años) - TERAPIA DE LENGUAJE/FONOAUDIOLOGIA - Bs. 70.00	3		13	1
1128	2026-02-03 21:16:02.542567+00	1204	2026-02-04 11:00:00 - Fabricio Enrique Burgos Chacon (3 años) - TERAPIA DE LENGUAJE/FONOAUDIOLOGIA - Bs. 70.00	3		13	1
1129	2026-02-03 21:16:02.542625+00	1205	2026-02-05 11:00:00 - Fabricio Enrique Burgos Chacon (3 años) - TERAPIA DE LENGUAJE/FONOAUDIOLOGIA - Bs. 70.00	3		13	1
1130	2026-02-03 21:16:02.542673+00	1206	2026-02-10 11:00:00 - Fabricio Enrique Burgos Chacon (3 años) - TERAPIA DE LENGUAJE/FONOAUDIOLOGIA - Bs. 70.00	3		13	1
1131	2026-02-03 21:16:02.542717+00	1207	2026-02-11 11:00:00 - Fabricio Enrique Burgos Chacon (3 años) - TERAPIA DE LENGUAJE/FONOAUDIOLOGIA - Bs. 70.00	3		13	1
1132	2026-02-03 21:16:02.542756+00	1208	2026-02-12 11:00:00 - Fabricio Enrique Burgos Chacon (3 años) - TERAPIA DE LENGUAJE/FONOAUDIOLOGIA - Bs. 70.00	3		13	1
1133	2026-02-03 21:16:02.542798+00	1210	2026-02-18 11:00:00 - Fabricio Enrique Burgos Chacon (3 años) - TERAPIA DE LENGUAJE/FONOAUDIOLOGIA - Bs. 70.00	3		13	1
1134	2026-02-03 21:16:02.542837+00	1211	2026-02-19 11:00:00 - Fabricio Enrique Burgos Chacon (3 años) - TERAPIA DE LENGUAJE/FONOAUDIOLOGIA - Bs. 70.00	3		13	1
1135	2026-02-03 21:16:02.542875+00	1212	2026-02-24 11:00:00 - Fabricio Enrique Burgos Chacon (3 años) - TERAPIA DE LENGUAJE/FONOAUDIOLOGIA - Bs. 70.00	3		13	1
1136	2026-02-03 21:16:02.54291+00	1213	2026-02-25 11:00:00 - Fabricio Enrique Burgos Chacon (3 años) - TERAPIA DE LENGUAJE/FONOAUDIOLOGIA - Bs. 70.00	3		13	1
1137	2026-02-03 21:16:02.542947+00	1214	2026-02-26 11:00:00 - Fabricio Enrique Burgos Chacon (3 años) - TERAPIA DE LENGUAJE/FONOAUDIOLOGIA - Bs. 70.00	3		13	1
1138	2026-02-03 21:53:16.934158+00	1243	2026-02-02 17:00:00 - Luis Clemente Llanos Isla (8 años) - PSICOPEDAGOGIA - Bs. 50.00	3		13	1
1139	2026-02-03 21:53:16.934249+00	1255	2026-02-04 14:30:00 - Luis Clemente Llanos Isla (8 años) - PSICOLOGIA INFANTIL - Bs. 70.00	3		13	1
1140	2026-02-03 21:53:16.934299+00	1247	2026-02-04 15:15:00 - Luis Clemente Llanos Isla (8 años) - TERAPIA OCUPACIONAL/INDEPENDENCIA PERSONAL - Bs. 50.00	3		13	1
1141	2026-02-03 21:53:16.934345+00	1256	2026-02-05 14:30:00 - Luis Clemente Llanos Isla (8 años) - PSICOLOGIA INFANTIL - Bs. 70.00	3		13	1
1142	2026-02-03 21:53:16.93439+00	1248	2026-02-05 15:15:00 - Luis Clemente Llanos Isla (8 años) - TERAPIA OCUPACIONAL/INDEPENDENCIA PERSONAL - Bs. 50.00	3		13	1
1143	2026-02-03 21:53:16.934434+00	1244	2026-02-09 17:00:00 - Luis Clemente Llanos Isla (8 años) - PSICOPEDAGOGIA - Bs. 50.00	3		13	1
1144	2026-02-03 21:53:16.93448+00	1257	2026-02-11 14:30:00 - Luis Clemente Llanos Isla (8 años) - PSICOLOGIA INFANTIL - Bs. 70.00	3		13	1
1145	2026-02-03 21:53:16.934524+00	1249	2026-02-11 15:15:00 - Luis Clemente Llanos Isla (8 años) - TERAPIA OCUPACIONAL/INDEPENDENCIA PERSONAL - Bs. 50.00	3		13	1
1146	2026-02-03 21:53:16.934629+00	1258	2026-02-12 14:30:00 - Luis Clemente Llanos Isla (8 años) - PSICOLOGIA INFANTIL - Bs. 70.00	3		13	1
1147	2026-02-03 21:53:16.934678+00	1250	2026-02-12 15:15:00 - Luis Clemente Llanos Isla (8 años) - TERAPIA OCUPACIONAL/INDEPENDENCIA PERSONAL - Bs. 50.00	3		13	1
1148	2026-02-03 21:53:16.934722+00	1259	2026-02-18 14:30:00 - Luis Clemente Llanos Isla (8 años) - PSICOLOGIA INFANTIL - Bs. 70.00	3		13	1
1149	2026-02-03 21:53:16.934767+00	1251	2026-02-18 15:15:00 - Luis Clemente Llanos Isla (8 años) - TERAPIA OCUPACIONAL/INDEPENDENCIA PERSONAL - Bs. 50.00	3		13	1
1150	2026-02-03 21:53:16.934823+00	1260	2026-02-19 14:30:00 - Luis Clemente Llanos Isla (8 años) - PSICOLOGIA INFANTIL - Bs. 70.00	3		13	1
1151	2026-02-03 21:53:16.934878+00	1252	2026-02-19 15:15:00 - Luis Clemente Llanos Isla (8 años) - TERAPIA OCUPACIONAL/INDEPENDENCIA PERSONAL - Bs. 50.00	3		13	1
1152	2026-02-03 21:53:16.934924+00	1246	2026-02-23 17:00:00 - Luis Clemente Llanos Isla (8 años) - PSICOPEDAGOGIA - Bs. 50.00	3		13	1
1153	2026-02-03 21:53:16.935068+00	1261	2026-02-25 14:30:00 - Luis Clemente Llanos Isla (8 años) - PSICOLOGIA INFANTIL - Bs. 70.00	3		13	1
1154	2026-02-03 21:53:16.935123+00	1253	2026-02-25 15:15:00 - Luis Clemente Llanos Isla (8 años) - TERAPIA OCUPACIONAL/INDEPENDENCIA PERSONAL - Bs. 50.00	3		13	1
1155	2026-02-03 21:53:16.935171+00	1262	2026-02-26 14:30:00 - Luis Clemente Llanos Isla (8 años) - PSICOLOGIA INFANTIL - Bs. 70.00	3		13	1
1156	2026-02-03 21:53:16.935218+00	1254	2026-02-26 15:15:00 - Luis Clemente Llanos Isla (8 años) - TERAPIA OCUPACIONAL/INDEPENDENCIA PERSONAL - Bs. 50.00	3		13	1
1157	2026-02-03 21:59:22.84775+00	10	Rodriguez Romero, Maria Lourdes	2	[{"changed": {"fields": ["Servicios"]}}]	14	1
1158	2026-02-03 22:05:14.419207+00	14	Arancibia Urioste, Dannya	1	[{"added": {}}]	14	1
1159	2026-02-03 22:36:43.747267+00	971	2026-02-02 17:30:00 - Ihan Thiago Rodriguez Torrez (7 años) - TERAPIA OCUPACIONAL/INDEPENDENCIA PERSONAL - Bs. 50.00	2	[{"changed": {"fields": ["Hora inicio", "Hora fin"]}}]	13	1
1160	2026-02-03 22:38:01.037835+00	972	2026-02-09 17:30:00 - Ihan Thiago Rodriguez Torrez (7 años) - TERAPIA OCUPACIONAL/INDEPENDENCIA PERSONAL - Bs. 50.00	2	[{"changed": {"fields": ["Hora inicio", "Hora fin"]}}]	13	1
1161	2026-02-03 22:38:38.540332+00	974	2026-02-23 17:30:00 - Ihan Thiago Rodriguez Torrez (7 años) - TERAPIA OCUPACIONAL/INDEPENDENCIA PERSONAL - Bs. 50.00	2	[{"changed": {"fields": ["Hora inicio", "Hora fin"]}}]	13	1
1162	2026-02-03 22:46:05.7704+00	25	MEN-0226-JA-001-5968 - Jair Sebastian Alejo Tola (3 años) (Febrero 2026)	2	[{"changed": {"name": "Servicio-Profesional", "object": "PSICOLOGIA INFANTIL - Dannya", "fields": ["Profesional"]}}]	19	1
1163	2026-02-03 22:46:53.030734+00	26	MEN-0226-JE-001 - Jeremias Garnica Orcko (5 años) (Febrero 2026)	2	[{"changed": {"name": "Servicio-Profesional", "object": "PSICOLOGIA INFANTIL - Dannya", "fields": ["Profesional"]}}]	19	1
1164	2026-02-03 22:53:38.132161+00	1584	2026-02-10 14:30:00 - Juan Luis Flores Rivera (9 años) - PSICOPEDAGOGIA - Bs. 50.00	3		13	1
1165	2026-02-03 22:53:38.132211+00	1590	2026-02-10 15:30:00 - Juan Luis Flores Rivera (9 años) - APOYO ESCOLAR - Bs. 20.00	3		13	1
1166	2026-02-03 22:53:38.13224+00	1585	2026-02-17 14:30:00 - Juan Luis Flores Rivera (9 años) - PSICOPEDAGOGIA - Bs. 50.00	3		13	1
1167	2026-02-03 22:53:38.132264+00	1591	2026-02-17 15:30:00 - Juan Luis Flores Rivera (9 años) - APOYO ESCOLAR - Bs. 20.00	3		13	1
1168	2026-02-03 22:53:38.132287+00	1586	2026-02-24 14:30:00 - Juan Luis Flores Rivera (9 años) - PSICOPEDAGOGIA - Bs. 50.00	3		13	1
1169	2026-02-03 22:53:38.13231+00	1592	2026-02-24 15:30:00 - Juan Luis Flores Rivera (9 años) - APOYO ESCOLAR - Bs. 20.00	3		13	1
1170	2026-02-03 23:05:26.143095+00	48	Luis Clemente Llanos Isla (8 años)	2	[]	8	1
1171	2026-02-04 01:33:55.362195+00	34	MEN-0226-LI-001 - Lilian Guerra Cayhuara (3 años) (Febrero 2026)	2	[{"changed": {"name": "Servicio-Profesional", "object": "TERAPIA OCUPACIONAL/INDEPENDENCIA PERSONAL - Edith Paola", "fields": ["Profesional"]}}]	19	1
1172	2026-02-04 01:55:18.933995+00	1733	2026-02-04 16:45:00 - Abel Fernando Mamani Castro (11 años) - PSICOLOGIA ADOLESCENTES - Bs. 70.00	3		13	1
1173	2026-02-04 01:55:18.934061+00	1745	2026-02-04 17:30:00 - Abel Fernando Mamani Castro (11 años) - PSICOPEDAGOGIA - Bs. 50.00	3		13	1
1174	2026-02-04 01:55:18.9341+00	1734	2026-02-06 16:45:00 - Abel Fernando Mamani Castro (11 años) - PSICOLOGIA ADOLESCENTES - Bs. 70.00	3		13	1
1175	2026-02-04 01:55:18.934135+00	1741	2026-02-06 17:30:00 - Abel Fernando Mamani Castro (11 años) - PSICOPEDAGOGIA - Bs. 50.00	3		13	1
1176	2026-02-04 01:55:18.934167+00	1735	2026-02-11 16:45:00 - Abel Fernando Mamani Castro (11 años) - PSICOLOGIA ADOLESCENTES - Bs. 70.00	3		13	1
1177	2026-02-04 01:55:18.934198+00	1746	2026-02-11 17:30:00 - Abel Fernando Mamani Castro (11 años) - PSICOPEDAGOGIA - Bs. 50.00	3		13	1
1178	2026-02-04 01:55:18.93423+00	1736	2026-02-13 16:45:00 - Abel Fernando Mamani Castro (11 años) - PSICOLOGIA ADOLESCENTES - Bs. 70.00	3		13	1
1179	2026-02-04 01:55:18.934261+00	1742	2026-02-13 17:30:00 - Abel Fernando Mamani Castro (11 años) - PSICOPEDAGOGIA - Bs. 50.00	3		13	1
1180	2026-02-04 01:55:18.934293+00	1737	2026-02-18 16:45:00 - Abel Fernando Mamani Castro (11 años) - PSICOLOGIA ADOLESCENTES - Bs. 70.00	3		13	1
1181	2026-02-04 01:55:18.934325+00	1747	2026-02-18 17:30:00 - Abel Fernando Mamani Castro (11 años) - PSICOPEDAGOGIA - Bs. 50.00	3		13	1
1182	2026-02-04 01:55:18.934359+00	1738	2026-02-20 16:45:00 - Abel Fernando Mamani Castro (11 años) - PSICOLOGIA ADOLESCENTES - Bs. 70.00	3		13	1
1183	2026-02-04 01:55:18.934391+00	1743	2026-02-20 17:30:00 - Abel Fernando Mamani Castro (11 años) - PSICOPEDAGOGIA - Bs. 50.00	3		13	1
1184	2026-02-04 01:55:18.934422+00	1739	2026-02-25 16:45:00 - Abel Fernando Mamani Castro (11 años) - PSICOLOGIA ADOLESCENTES - Bs. 70.00	3		13	1
1185	2026-02-04 01:55:18.934454+00	1748	2026-02-25 17:30:00 - Abel Fernando Mamani Castro (11 años) - PSICOPEDAGOGIA - Bs. 50.00	3		13	1
1186	2026-02-04 01:55:18.934487+00	1740	2026-02-27 16:45:00 - Abel Fernando Mamani Castro (11 años) - PSICOLOGIA ADOLESCENTES - Bs. 70.00	3		13	1
1187	2026-02-04 01:55:18.93452+00	1744	2026-02-27 17:30:00 - Abel Fernando Mamani Castro (11 años) - PSICOPEDAGOGIA - Bs. 50.00	3		13	1
1188	2026-02-04 02:27:42.354843+00	551	2026-02-04 15:30:00 - Rommel Javier Blanco Choque (4 años) - PSICOPEDAGOGIA - Bs. 50.00	2	[{"changed": {"fields": ["Hora inicio", "Hora fin"]}}]	13	1
1189	2026-02-04 02:28:17.043047+00	552	2026-02-11 15:30:00 - Rommel Javier Blanco Choque (4 años) - PSICOPEDAGOGIA - Bs. 50.00	2	[{"changed": {"fields": ["Hora inicio", "Hora fin"]}}]	13	1
1190	2026-02-04 02:28:46.953687+00	553	2026-02-18 15:30:00 - Rommel Javier Blanco Choque (4 años) - PSICOPEDAGOGIA - Bs. 50.00	2	[{"changed": {"fields": ["Hora inicio", "Hora fin"]}}]	13	1
1191	2026-02-04 02:29:13.457653+00	554	2026-02-25 15:30:00 - Rommel Javier Blanco Choque (4 años) - PSICOPEDAGOGIA - Bs. 50.00	2	[{"changed": {"fields": ["Hora inicio", "Hora fin"]}}]	13	1
1192	2026-02-04 02:32:37.537356+00	1779	2026-02-16 09:00:00 - Anthony Fabricio Nogales Castro (5 años) - TERAPIA DE LENGUAJE/FONOAUDIOLOGIA - Bs. 70.00	3		13	1
1193	2026-02-04 02:32:37.537402+00	1768	2026-02-16 09:45:00 - Anthony Fabricio Nogales Castro (5 años) - PSICOLOGIA INFANTIL - Bs. 70.00	3		13	1
1194	2026-02-04 02:32:37.537429+00	1715	2026-02-16 14:30:00 - Lilian Guerra Cayhuara (3 años) - PSICOPEDAGOGIA - Bs. 50.00	3		13	1
1195	2026-02-04 02:32:37.537454+00	1651	2026-02-16 14:30:00 - Erick Ramirez Olmedo (5 años) - PSICOLOGIA INFANTIL - Bs. 70.00	3		13	1
1196	2026-02-04 02:32:37.537477+00	1603	2026-02-16 15:00:00 - Cristofer Bayron Garabito Marquez (10 años) - TERAPIA DE LENGUAJE/FONOAUDIOLOGIA - Bs. 70.00	3		13	1
1197	2026-02-04 02:32:37.537501+00	1655	2026-02-16 15:30:00 - Erick Ramirez Olmedo (5 años) - TERAPIA DE LENGUAJE/FONOAUDIOLOGIA - Bs. 70.00	3		13	1
1198	2026-02-04 02:32:37.537524+00	1607	2026-02-16 15:30:00 - Cristofer Bayron Garabito Marquez (10 años) - PSICOPEDAGOGIA - Bs. 50.00	3		13	1
1199	2026-02-04 02:32:37.537597+00	1752	2026-02-16 16:00:00 - Abel Fernando Mamani Castro (11 años) - PSICOLOGIA ADOLESCENTES - Bs. 70.00	3		13	1
1200	2026-02-04 02:32:37.537623+00	1759	2026-02-16 17:00:00 - Abel Fernando Mamani Castro (11 años) - PSICOPEDAGOGIA - Bs. 50.00	3		13	1
1201	2026-02-04 02:32:57.03637+00	1795	2026-02-17 09:00:00 - Anthony Fabricio Nogales Castro (5 años) - TERAPIA OCUPACIONAL/INDEPENDENCIA PERSONAL - Bs. 50.00	3		13	1
1202	2026-02-04 02:32:57.036444+00	1788	2026-02-17 10:00:00 - Anthony Fabricio Nogales Castro (5 años) - PSICOPEDAGOGIA - Bs. 50.00	3		13	1
1203	2026-02-04 02:32:57.036487+00	1705	2026-02-17 14:30:00 - Lilian Guerra Cayhuara (3 años) - TERAPIA DE LENGUAJE/FONOAUDIOLOGIA - Bs. 70.00	3		13	1
1204	2026-02-04 02:32:57.036523+00	1699	2026-02-17 14:30:00 - Juan Luis Flores Rivera (9 años) - PSICOPEDAGOGIA - Bs. 50.00	3		13	1
1205	2026-02-04 02:32:57.036614+00	1615	2026-02-17 14:30:00 - Cristofer Bayron Garabito Marquez (10 años) - APOYO ESCOLAR - Bs. 20.00	3		13	1
1206	2026-02-04 02:32:57.036652+00	1688	2026-02-17 15:00:00 - Frederick Yohan Delgado Seco (7 años) - TERAPIA DE LENGUAJE/FONOAUDIOLOGIA - Bs. 70.00	3		13	1
1207	2026-02-04 02:32:57.036687+00	1726	2026-02-17 15:15:00 - Lilian Guerra Cayhuara (3 años) - TERAPIA OCUPACIONAL/INDEPENDENCIA PERSONAL - Bs. 50.00	3		13	1
1208	2026-02-04 02:32:57.036722+00	1667	2026-02-17 16:00:00 - Fabricio Enrique Burgos Chacon (3 años) - TERAPIA DE LENGUAJE/FONOAUDIOLOGIA - Bs. 70.00	3		13	1
1209	2026-02-04 02:32:57.036759+00	1599	2026-02-17 16:00:00 - Cristofer Bayron Garabito Marquez (10 años) - PSICOLOGIA INFANTIL - Bs. 70.00	3		13	1
1210	2026-02-04 11:18:48.039787+00	20	Lilian Guerra Cayhuara (3 años)	2	[{"added": {"name": "Servicio del Paciente", "object": "Lilian Guerra Cayhuara - TERAPIA DE INTEGRACION SENSORIAL"}}]	8	1
1211	2026-02-04 11:20:13.19993+00	20	Lilian Guerra Cayhuara (3 años)	2	[{"changed": {"fields": ["Foto"]}}]	8	1
1212	2026-02-04 11:21:07.637523+00	34	MEN-0226-LI-001 - Lilian Guerra Cayhuara (3 años) (Febrero 2026)	2	[{"added": {"name": "Servicio-Profesional", "object": "TERAPIA DE INTEGRACION SENSORIAL - Jackie Jared"}}]	19	1
1213	2026-02-04 15:31:38.743869+00	1827	2026-02-02 16:00:00 - Thiago Matias Barahona Mancilla (9 años) - PSICOMOTRICIDAD - Bs. 50.00	3		13	1
1214	2026-02-04 15:31:38.743937+00	1583	2026-02-02 16:45:00 - Thiago Matias Barahona Mancilla (9 años) - PSICOLOGIA INFANTIL - Bs. 70.00	3		13	1
1215	2026-02-04 15:31:38.74398+00	1454	2026-02-03 16:30:00 - Thiago Matias Barahona Mancilla (9 años) - TERAPIA DE LENGUAJE/FONOAUDIOLOGIA - Bs. 70.00	3		13	1
1216	2026-02-04 15:31:38.744017+00	1470	2026-02-03 17:00:00 - Thiago Matias Barahona Mancilla (9 años) - APOYO ESCOLAR - Bs. 20.00	3		13	1
1217	2026-02-04 15:31:38.744089+00	1579	2026-02-04 16:00:00 - Thiago Matias Barahona Mancilla (9 años) - PSICOPEDAGOGIA - Bs. 50.00	3		13	1
1218	2026-02-04 15:31:38.744129+00	1447	2026-02-04 16:45:00 - Thiago Matias Barahona Mancilla (9 años) - PSICOLOGIA INFANTIL - Bs. 70.00	3		13	1
1219	2026-02-04 15:31:38.744165+00	1462	2026-02-05 16:00:00 - Thiago Matias Barahona Mancilla (9 años) - TERAPIA OCUPACIONAL/INDEPENDENCIA PERSONAL - Bs. 50.00	3		13	1
1220	2026-02-04 15:31:38.744201+00	1466	2026-02-06 17:30:00 - Thiago Matias Barahona Mancilla (9 años) - TERAPIA OCUPACIONAL/INDEPENDENCIA PERSONAL - Bs. 50.00	3		13	1
1221	2026-02-04 15:31:38.744236+00	1458	2026-02-06 18:30:00 - Thiago Matias Barahona Mancilla (9 años) - TERAPIA DE LENGUAJE/FONOAUDIOLOGIA - Bs. 70.00	3		13	1
1222	2026-02-04 15:31:38.74427+00	1828	2026-02-09 16:00:00 - Thiago Matias Barahona Mancilla (9 años) - PSICOMOTRICIDAD - Bs. 50.00	3		13	1
1223	2026-02-04 15:31:38.744304+00	1448	2026-02-09 16:45:00 - Thiago Matias Barahona Mancilla (9 años) - PSICOLOGIA INFANTIL - Bs. 70.00	3		13	1
1224	2026-02-04 15:31:38.744339+00	1455	2026-02-10 16:30:00 - Thiago Matias Barahona Mancilla (9 años) - TERAPIA DE LENGUAJE/FONOAUDIOLOGIA - Bs. 70.00	3		13	1
1225	2026-02-04 15:31:38.744373+00	1471	2026-02-10 17:00:00 - Thiago Matias Barahona Mancilla (9 años) - APOYO ESCOLAR - Bs. 20.00	3		13	1
1226	2026-02-04 15:31:38.744406+00	1580	2026-02-11 16:00:00 - Thiago Matias Barahona Mancilla (9 años) - PSICOPEDAGOGIA - Bs. 50.00	3		13	1
1227	2026-02-04 15:31:38.744439+00	1449	2026-02-11 16:45:00 - Thiago Matias Barahona Mancilla (9 años) - PSICOLOGIA INFANTIL - Bs. 70.00	3		13	1
1228	2026-02-04 15:31:38.744473+00	1463	2026-02-12 16:00:00 - Thiago Matias Barahona Mancilla (9 años) - TERAPIA OCUPACIONAL/INDEPENDENCIA PERSONAL - Bs. 50.00	3		13	1
1229	2026-02-04 15:31:38.744507+00	1467	2026-02-13 17:30:00 - Thiago Matias Barahona Mancilla (9 años) - TERAPIA OCUPACIONAL/INDEPENDENCIA PERSONAL - Bs. 50.00	3		13	1
1230	2026-02-04 15:31:38.744551+00	1459	2026-02-13 18:30:00 - Thiago Matias Barahona Mancilla (9 años) - TERAPIA DE LENGUAJE/FONOAUDIOLOGIA - Bs. 70.00	3		13	1
1231	2026-02-04 15:31:38.744586+00	1829	2026-02-16 16:00:00 - Thiago Matias Barahona Mancilla (9 años) - PSICOMOTRICIDAD - Bs. 50.00	3		13	1
1232	2026-02-04 15:31:38.744617+00	1581	2026-02-18 16:00:00 - Thiago Matias Barahona Mancilla (9 años) - PSICOPEDAGOGIA - Bs. 50.00	3		13	1
1233	2026-02-04 15:31:38.744647+00	1451	2026-02-18 16:45:00 - Thiago Matias Barahona Mancilla (9 años) - PSICOLOGIA INFANTIL - Bs. 70.00	3		13	1
1234	2026-02-04 15:31:38.744676+00	1464	2026-02-19 16:00:00 - Thiago Matias Barahona Mancilla (9 años) - TERAPIA OCUPACIONAL/INDEPENDENCIA PERSONAL - Bs. 50.00	3		13	1
1235	2026-02-04 15:31:38.744704+00	1468	2026-02-20 17:30:00 - Thiago Matias Barahona Mancilla (9 años) - TERAPIA OCUPACIONAL/INDEPENDENCIA PERSONAL - Bs. 50.00	3		13	1
1236	2026-02-04 15:31:38.744733+00	1460	2026-02-20 18:30:00 - Thiago Matias Barahona Mancilla (9 años) - TERAPIA DE LENGUAJE/FONOAUDIOLOGIA - Bs. 70.00	3		13	1
1237	2026-02-04 15:31:38.744763+00	1830	2026-02-23 16:00:00 - Thiago Matias Barahona Mancilla (9 años) - PSICOMOTRICIDAD - Bs. 50.00	3		13	1
1238	2026-02-04 15:31:38.744794+00	1452	2026-02-23 16:45:00 - Thiago Matias Barahona Mancilla (9 años) - PSICOLOGIA INFANTIL - Bs. 70.00	3		13	1
1239	2026-02-04 15:31:38.744825+00	1457	2026-02-24 16:30:00 - Thiago Matias Barahona Mancilla (9 años) - TERAPIA DE LENGUAJE/FONOAUDIOLOGIA - Bs. 70.00	3		13	1
1240	2026-02-04 15:31:38.744855+00	1473	2026-02-24 17:00:00 - Thiago Matias Barahona Mancilla (9 años) - APOYO ESCOLAR - Bs. 20.00	3		13	1
1241	2026-02-04 15:31:38.744885+00	1582	2026-02-25 16:00:00 - Thiago Matias Barahona Mancilla (9 años) - PSICOPEDAGOGIA - Bs. 50.00	3		13	1
1242	2026-02-04 15:31:38.744915+00	1453	2026-02-25 16:45:00 - Thiago Matias Barahona Mancilla (9 años) - PSICOLOGIA INFANTIL - Bs. 70.00	3		13	1
1243	2026-02-04 15:31:38.744947+00	1465	2026-02-26 16:00:00 - Thiago Matias Barahona Mancilla (9 años) - TERAPIA OCUPACIONAL/INDEPENDENCIA PERSONAL - Bs. 50.00	3		13	1
1244	2026-02-04 15:31:38.744979+00	1469	2026-02-27 17:30:00 - Thiago Matias Barahona Mancilla (9 años) - TERAPIA OCUPACIONAL/INDEPENDENCIA PERSONAL - Bs. 50.00	3		13	1
1245	2026-02-04 15:31:38.745017+00	1461	2026-02-27 18:30:00 - Thiago Matias Barahona Mancilla (9 años) - TERAPIA DE LENGUAJE/FONOAUDIOLOGIA - Bs. 70.00	3		13	1
1246	2026-02-05 14:56:53.616854+00	14	Coro Veliz, Jhuly Patricia	2	[{"changed": {"fields": ["Nombre", "Apellido"]}}]	14	1
1247	2026-02-05 21:15:18.885864+00	79	Santiago Nicolas Mendoza Villafan (2 años)	2	[{"changed": {"fields": ["Sucursales"]}}]	8	1
1248	2026-02-05 22:49:10.541941+00	1047	2026-02-02 18:00:00 - Jeremias Garnica Orcko (5 años) - PSICOPEDAGOGIA - Bs. 50.00	3		13	1
1249	2026-02-05 22:49:10.542065+00	1055	2026-02-03 16:45:00 - Jeremias Garnica Orcko (5 años) - TERAPIA OCUPACIONAL/INDEPENDENCIA PERSONAL - Bs. 50.00	3		13	1
1250	2026-02-05 22:49:10.542139+00	1043	2026-02-03 17:30:00 - Jeremias Garnica Orcko (5 años) - TERAPIA DE LENGUAJE/FONOAUDIOLOGIA - Bs. 70.00	3		13	1
1251	2026-02-05 22:49:10.542199+00	1035	2026-02-04 15:30:00 - Jeremias Garnica Orcko (5 años) - TERAPIA DE LENGUAJE/FONOAUDIOLOGIA - Bs. 70.00	3		13	1
1252	2026-02-05 22:49:10.542253+00	1944	2026-02-04 17:30:00 - Jeremias Garnica Orcko (5 años) - PSICOLOGIA INFANTIL - Bs. 70.00	3		13	1
1253	2026-02-05 22:49:10.542309+00	1051	2026-02-05 15:00:00 - Jeremias Garnica Orcko (5 años) - PSICOPEDAGOGIA - Bs. 50.00	3		13	1
1254	2026-02-05 22:49:10.542363+00	1031	2026-02-05 16:00:00 - Jeremias Garnica Orcko (5 años) - PSICOLOGIA INFANTIL - Bs. 70.00	3		13	1
1255	2026-02-05 22:49:10.542421+00	1036	2026-02-06 15:30:00 - Jeremias Garnica Orcko (5 años) - TERAPIA DE LENGUAJE/FONOAUDIOLOGIA - Bs. 70.00	3		13	1
1256	2026-02-05 22:49:10.542498+00	1059	2026-02-06 16:00:00 - Jeremias Garnica Orcko (5 años) - TERAPIA OCUPACIONAL/INDEPENDENCIA PERSONAL - Bs. 50.00	3		13	1
1257	2026-02-05 22:49:10.542553+00	1048	2026-02-09 18:00:00 - Jeremias Garnica Orcko (5 años) - PSICOPEDAGOGIA - Bs. 50.00	3		13	1
1258	2026-02-05 22:49:10.542604+00	1056	2026-02-10 16:45:00 - Jeremias Garnica Orcko (5 años) - TERAPIA OCUPACIONAL/INDEPENDENCIA PERSONAL - Bs. 50.00	3		13	1
1259	2026-02-05 22:49:10.542656+00	1044	2026-02-10 17:30:00 - Jeremias Garnica Orcko (5 años) - TERAPIA DE LENGUAJE/FONOAUDIOLOGIA - Bs. 70.00	3		13	1
1260	2026-02-05 22:49:10.542709+00	1037	2026-02-11 15:30:00 - Jeremias Garnica Orcko (5 años) - TERAPIA DE LENGUAJE/FONOAUDIOLOGIA - Bs. 70.00	3		13	1
1261	2026-02-05 22:49:10.54276+00	1945	2026-02-11 17:30:00 - Jeremias Garnica Orcko (5 años) - PSICOLOGIA INFANTIL - Bs. 70.00	3		13	1
1262	2026-02-05 22:49:10.542813+00	1052	2026-02-12 15:00:00 - Jeremias Garnica Orcko (5 años) - PSICOPEDAGOGIA - Bs. 50.00	3		13	1
1263	2026-02-05 22:49:10.542866+00	1032	2026-02-12 16:00:00 - Jeremias Garnica Orcko (5 años) - PSICOLOGIA INFANTIL - Bs. 70.00	3		13	1
1264	2026-02-05 22:49:10.542917+00	1038	2026-02-13 15:30:00 - Jeremias Garnica Orcko (5 años) - TERAPIA DE LENGUAJE/FONOAUDIOLOGIA - Bs. 70.00	3		13	1
1265	2026-02-05 22:49:10.542969+00	1060	2026-02-13 16:00:00 - Jeremias Garnica Orcko (5 años) - TERAPIA OCUPACIONAL/INDEPENDENCIA PERSONAL - Bs. 50.00	3		13	1
1266	2026-02-05 22:49:10.543018+00	1039	2026-02-18 15:30:00 - Jeremias Garnica Orcko (5 años) - TERAPIA DE LENGUAJE/FONOAUDIOLOGIA - Bs. 70.00	3		13	1
1267	2026-02-05 22:49:10.543069+00	1946	2026-02-18 17:30:00 - Jeremias Garnica Orcko (5 años) - PSICOLOGIA INFANTIL - Bs. 70.00	3		13	1
1268	2026-02-05 22:49:10.543118+00	1053	2026-02-19 15:00:00 - Jeremias Garnica Orcko (5 años) - PSICOPEDAGOGIA - Bs. 50.00	3		13	1
1269	2026-02-05 22:49:10.543153+00	1033	2026-02-19 16:00:00 - Jeremias Garnica Orcko (5 años) - PSICOLOGIA INFANTIL - Bs. 70.00	3		13	1
1270	2026-02-05 22:49:10.543179+00	1040	2026-02-20 15:30:00 - Jeremias Garnica Orcko (5 años) - TERAPIA DE LENGUAJE/FONOAUDIOLOGIA - Bs. 70.00	3		13	1
1271	2026-02-05 22:49:10.543202+00	1061	2026-02-20 16:00:00 - Jeremias Garnica Orcko (5 años) - TERAPIA OCUPACIONAL/INDEPENDENCIA PERSONAL - Bs. 50.00	3		13	1
1272	2026-02-05 22:49:10.543227+00	1050	2026-02-23 18:00:00 - Jeremias Garnica Orcko (5 años) - PSICOPEDAGOGIA - Bs. 50.00	3		13	1
1273	2026-02-05 22:49:10.543259+00	1058	2026-02-24 16:45:00 - Jeremias Garnica Orcko (5 años) - TERAPIA OCUPACIONAL/INDEPENDENCIA PERSONAL - Bs. 50.00	3		13	1
1274	2026-02-05 22:49:10.543296+00	1046	2026-02-24 17:30:00 - Jeremias Garnica Orcko (5 años) - TERAPIA DE LENGUAJE/FONOAUDIOLOGIA - Bs. 70.00	3		13	1
1275	2026-02-05 22:49:10.543321+00	1041	2026-02-25 15:30:00 - Jeremias Garnica Orcko (5 años) - TERAPIA DE LENGUAJE/FONOAUDIOLOGIA - Bs. 70.00	3		13	1
1276	2026-02-05 22:49:10.543355+00	1947	2026-02-25 17:30:00 - Jeremias Garnica Orcko (5 años) - PSICOLOGIA INFANTIL - Bs. 70.00	3		13	1
1277	2026-02-05 22:49:10.543392+00	1054	2026-02-26 15:00:00 - Jeremias Garnica Orcko (5 años) - PSICOPEDAGOGIA - Bs. 50.00	3		13	1
1278	2026-02-05 22:49:10.543418+00	1034	2026-02-26 16:00:00 - Jeremias Garnica Orcko (5 años) - PSICOLOGIA INFANTIL - Bs. 70.00	3		13	1
1279	2026-02-05 22:49:10.543441+00	1042	2026-02-27 15:30:00 - Jeremias Garnica Orcko (5 años) - TERAPIA DE LENGUAJE/FONOAUDIOLOGIA - Bs. 70.00	3		13	1
1280	2026-02-05 22:49:10.5435+00	1062	2026-02-27 16:00:00 - Jeremias Garnica Orcko (5 años) - TERAPIA OCUPACIONAL/INDEPENDENCIA PERSONAL - Bs. 50.00	3		13	1
1281	2026-02-05 22:50:25.543968+00	1019	2026-02-02 14:30:00 - Jair Sebastian Alejo Tola (3 años) - TERAPIA OCUPACIONAL/INDEPENDENCIA PERSONAL - Bs. 50.00	3		13	1
1282	2026-02-05 22:50:25.544059+00	999	2026-02-02 15:15:00 - Jair Sebastian Alejo Tola (3 años) - PSICOMOTRICIDAD - Bs. 50.00	3		13	1
1283	2026-02-05 22:50:25.544114+00	1940	2026-02-02 17:30:00 - Jair Sebastian Alejo Tola (3 años) - PSICOLOGIA INFANTIL - Bs. 70.00	3		13	1
1284	2026-02-05 22:50:25.544159+00	1020	2026-02-03 14:30:00 - Jair Sebastian Alejo Tola (3 años) - TERAPIA OCUPACIONAL/INDEPENDENCIA PERSONAL - Bs. 50.00	3		13	1
1285	2026-02-05 22:50:25.544205+00	991	2026-02-03 15:30:00 - Jair Sebastian Alejo Tola (3 años) - TERAPIA DE LENGUAJE/FONOAUDIOLOGIA - Bs. 70.00	3		13	1
1286	2026-02-05 22:50:25.544252+00	995	2026-02-04 15:00:00 - Jair Sebastian Alejo Tola (3 años) - TERAPIA DE LENGUAJE/FONOAUDIOLOGIA - Bs. 70.00	3		13	1
1287	2026-02-05 22:50:25.544295+00	1693	2026-02-04 16:00:00 - Jair Sebastian Alejo Tola (3 años) - PSICOLOGIA INFANTIL - Bs. 70.00	3		13	1
1288	2026-02-05 22:50:25.544343+00	1015	2026-02-05 02:30:00 - Jair Sebastian Alejo Tola (3 años) - TERAPIA DE INTEGRACION SENSORIAL - Bs. 70.00	3		13	1
1289	2026-02-05 22:50:25.544389+00	1021	2026-02-06 14:30:00 - Jair Sebastian Alejo Tola (3 años) - TERAPIA OCUPACIONAL/INDEPENDENCIA PERSONAL - Bs. 50.00	3		13	1
1290	2026-02-05 22:50:25.544432+00	1000	2026-02-06 15:15:00 - Jair Sebastian Alejo Tola (3 años) - PSICOMOTRICIDAD - Bs. 50.00	3		13	1
1291	2026-02-05 22:50:25.544499+00	1022	2026-02-09 14:30:00 - Jair Sebastian Alejo Tola (3 años) - TERAPIA OCUPACIONAL/INDEPENDENCIA PERSONAL - Bs. 50.00	3		13	1
1292	2026-02-05 22:50:25.544538+00	1001	2026-02-09 15:15:00 - Jair Sebastian Alejo Tola (3 años) - PSICOMOTRICIDAD - Bs. 50.00	3		13	1
1293	2026-02-05 22:50:25.544564+00	1941	2026-02-09 17:30:00 - Jair Sebastian Alejo Tola (3 años) - PSICOLOGIA INFANTIL - Bs. 70.00	3		13	1
1294	2026-02-05 22:50:25.544589+00	1023	2026-02-10 14:30:00 - Jair Sebastian Alejo Tola (3 años) - TERAPIA OCUPACIONAL/INDEPENDENCIA PERSONAL - Bs. 50.00	3		13	1
1295	2026-02-05 22:50:25.544613+00	992	2026-02-10 15:30:00 - Jair Sebastian Alejo Tola (3 años) - TERAPIA DE LENGUAJE/FONOAUDIOLOGIA - Bs. 70.00	3		13	1
1296	2026-02-05 22:50:25.544634+00	996	2026-02-11 15:00:00 - Jair Sebastian Alejo Tola (3 años) - TERAPIA DE LENGUAJE/FONOAUDIOLOGIA - Bs. 70.00	3		13	1
1297	2026-02-05 22:50:25.544656+00	1694	2026-02-11 16:00:00 - Jair Sebastian Alejo Tola (3 años) - PSICOLOGIA INFANTIL - Bs. 70.00	3		13	1
1298	2026-02-05 22:50:25.544679+00	1016	2026-02-12 02:30:00 - Jair Sebastian Alejo Tola (3 años) - TERAPIA DE INTEGRACION SENSORIAL - Bs. 70.00	3		13	1
1299	2026-02-05 22:50:25.544701+00	1024	2026-02-13 14:30:00 - Jair Sebastian Alejo Tola (3 años) - TERAPIA OCUPACIONAL/INDEPENDENCIA PERSONAL - Bs. 50.00	3		13	1
1300	2026-02-05 22:50:25.544722+00	1002	2026-02-13 15:15:00 - Jair Sebastian Alejo Tola (3 años) - PSICOMOTRICIDAD - Bs. 50.00	3		13	1
1301	2026-02-05 22:50:25.544744+00	1942	2026-02-16 17:30:00 - Jair Sebastian Alejo Tola (3 años) - PSICOLOGIA INFANTIL - Bs. 70.00	3		13	1
1302	2026-02-05 22:50:25.544766+00	997	2026-02-18 15:00:00 - Jair Sebastian Alejo Tola (3 años) - TERAPIA DE LENGUAJE/FONOAUDIOLOGIA - Bs. 70.00	3		13	1
1303	2026-02-05 22:50:25.544787+00	1695	2026-02-18 16:00:00 - Jair Sebastian Alejo Tola (3 años) - PSICOLOGIA INFANTIL - Bs. 70.00	3		13	1
1304	2026-02-05 22:50:25.544809+00	1017	2026-02-19 02:30:00 - Jair Sebastian Alejo Tola (3 años) - TERAPIA DE INTEGRACION SENSORIAL - Bs. 70.00	3		13	1
1305	2026-02-05 22:50:25.544831+00	1027	2026-02-20 14:30:00 - Jair Sebastian Alejo Tola (3 años) - TERAPIA OCUPACIONAL/INDEPENDENCIA PERSONAL - Bs. 50.00	3		13	1
1306	2026-02-05 22:50:25.544852+00	1004	2026-02-20 15:15:00 - Jair Sebastian Alejo Tola (3 años) - PSICOMOTRICIDAD - Bs. 50.00	3		13	1
1307	2026-02-05 22:50:25.544873+00	1028	2026-02-23 14:30:00 - Jair Sebastian Alejo Tola (3 años) - TERAPIA OCUPACIONAL/INDEPENDENCIA PERSONAL - Bs. 50.00	3		13	1
1308	2026-02-05 22:50:25.544893+00	1005	2026-02-23 15:15:00 - Jair Sebastian Alejo Tola (3 años) - PSICOMOTRICIDAD - Bs. 50.00	3		13	1
1309	2026-02-05 22:50:25.544914+00	1943	2026-02-23 17:30:00 - Jair Sebastian Alejo Tola (3 años) - PSICOLOGIA INFANTIL - Bs. 70.00	3		13	1
1310	2026-02-05 22:50:25.544934+00	1029	2026-02-24 14:30:00 - Jair Sebastian Alejo Tola (3 años) - TERAPIA OCUPACIONAL/INDEPENDENCIA PERSONAL - Bs. 50.00	3		13	1
1311	2026-02-05 22:50:25.544954+00	994	2026-02-24 15:30:00 - Jair Sebastian Alejo Tola (3 años) - TERAPIA DE LENGUAJE/FONOAUDIOLOGIA - Bs. 70.00	3		13	1
1312	2026-02-05 22:50:25.544975+00	998	2026-02-25 15:00:00 - Jair Sebastian Alejo Tola (3 años) - TERAPIA DE LENGUAJE/FONOAUDIOLOGIA - Bs. 70.00	3		13	1
1313	2026-02-05 22:50:25.544995+00	1696	2026-02-25 16:00:00 - Jair Sebastian Alejo Tola (3 años) - PSICOLOGIA INFANTIL - Bs. 70.00	3		13	1
1314	2026-02-05 22:50:25.545016+00	1018	2026-02-26 02:30:00 - Jair Sebastian Alejo Tola (3 años) - TERAPIA DE INTEGRACION SENSORIAL - Bs. 70.00	3		13	1
1315	2026-02-05 22:50:25.545036+00	1030	2026-02-27 14:30:00 - Jair Sebastian Alejo Tola (3 años) - TERAPIA OCUPACIONAL/INDEPENDENCIA PERSONAL - Bs. 50.00	3		13	1
1316	2026-02-05 22:50:25.545057+00	1006	2026-02-27 15:15:00 - Jair Sebastian Alejo Tola (3 años) - PSICOMOTRICIDAD - Bs. 50.00	3		13	1
1317	2026-02-08 04:44:56.024482+00	840	2026-02-11 11:15:00 - Ander Mijael Oquendo Quiroga (3 años) - PSICOLOGIA INFANTIL - Bs. 70.00	2	[{"changed": {"fields": ["Profesional"]}}]	13	1
1318	2026-02-08 04:45:34.82891+00	841	2026-02-18 11:15:00 - Ander Mijael Oquendo Quiroga (3 años) - PSICOLOGIA INFANTIL - Bs. 70.00	2	[{"changed": {"fields": ["Profesional"]}}]	13	1
1319	2026-02-08 04:46:09.421354+00	842	2026-02-25 11:15:00 - Ander Mijael Oquendo Quiroga (3 años) - PSICOLOGIA INFANTIL - Bs. 70.00	2	[{"changed": {"fields": ["Profesional"]}}]	13	1
1320	2026-02-08 04:50:53.920902+00	1511	2026-02-10 11:15:00 - Anya Valentina Palenque Corico (3 años) - PSICOLOGIA INFANTIL - Bs. 70.00	2	[{"changed": {"fields": ["Profesional"]}}]	13	1
1321	2026-02-08 04:51:32.229736+00	1515	2026-02-12 10:30:00 - Anya Valentina Palenque Corico (3 años) - PSICOLOGIA INFANTIL - Bs. 70.00	2	[{"changed": {"fields": ["Profesional"]}}]	13	1
1322	2026-02-08 04:52:15.732065+00	1516	2026-02-19 10:30:00 - Anya Valentina Palenque Corico (3 años) - PSICOLOGIA INFANTIL - Bs. 70.00	2	[{"changed": {"fields": ["Profesional"]}}]	13	1
1323	2026-02-08 04:52:43.322322+00	1513	2026-02-24 11:15:00 - Anya Valentina Palenque Corico (3 años) - PSICOLOGIA INFANTIL - Bs. 70.00	2	[{"changed": {"fields": ["Profesional"]}}]	13	1
1324	2026-02-08 04:53:15.621725+00	1517	2026-02-26 10:30:00 - Anya Valentina Palenque Corico (3 años) - PSICOLOGIA INFANTIL - Bs. 70.00	2	[{"changed": {"fields": ["Profesional"]}}]	13	1
1325	2026-02-08 04:57:10.523231+00	1650	2026-02-09 14:30:00 - Erick Ramirez Olmedo (5 años) - PSICOLOGIA INFANTIL - Bs. 70.00	2	[{"changed": {"fields": ["Profesional"]}}]	13	1
1326	2026-02-08 04:57:44.620326+00	1652	2026-02-23 14:30:00 - Erick Ramirez Olmedo (5 años) - PSICOLOGIA INFANTIL - Bs. 70.00	2	[{"changed": {"fields": ["Profesional"]}}]	13	1
1327	2026-02-08 04:59:42.318597+00	1635	2026-02-11 15:15:00 - Erick Aguirre Alcaraz (10 años) - PSICOLOGIA INFANTIL - Bs. 70.00	2	[]	13	1
1328	2026-02-08 05:07:24.930461+00	896	2026-02-13 18:15:00 - Ihan Thiago Rodriguez Torrez (7 años) - PSICOLOGIA INFANTIL - Bs. 70.00	2	[{"changed": {"fields": ["Profesional"]}}]	13	1
1329	2026-02-08 05:07:50.325663+00	900	2026-02-14 10:30:00 - Ihan Thiago Rodriguez Torrez (7 años) - PSICOLOGIA INFANTIL - Bs. 70.00	2	[{"changed": {"fields": ["Profesional"]}}]	13	1
1330	2026-02-08 05:08:19.841926+00	897	2026-02-20 18:15:00 - Ihan Thiago Rodriguez Torrez (7 años) - PSICOLOGIA INFANTIL - Bs. 70.00	2	[{"changed": {"fields": ["Profesional"]}}]	13	1
1331	2026-02-08 05:08:44.826353+00	901	2026-02-21 10:30:00 - Ihan Thiago Rodriguez Torrez (7 años) - PSICOLOGIA INFANTIL - Bs. 70.00	2	[{"changed": {"fields": ["Profesional"]}}]	13	1
1332	2026-02-08 05:09:16.321701+00	898	2026-02-27 18:15:00 - Ihan Thiago Rodriguez Torrez (7 años) - PSICOLOGIA INFANTIL - Bs. 70.00	2	[{"changed": {"fields": ["Profesional"]}}]	13	1
1333	2026-02-08 05:09:42.02946+00	902	2026-02-28 10:30:00 - Ihan Thiago Rodriguez Torrez (7 años) - PSICOLOGIA INFANTIL - Bs. 70.00	2	[{"changed": {"fields": ["Profesional"]}}]	13	1
1334	2026-02-08 05:22:13.731849+00	2008	2026-02-09 18:15:00 - Jeremias Garnica Orcko (5 años) - PSICOPEDAGOGIA - Bs. 50.00	2	[{"changed": {"fields": ["Hora inicio", "Hora fin"]}}]	13	1
1335	2026-02-08 05:22:44.525658+00	2010	2026-02-23 18:15:00 - Jeremias Garnica Orcko (5 años) - PSICOPEDAGOGIA - Bs. 50.00	2	[{"changed": {"fields": ["Hora inicio", "Hora fin"]}}]	13	1
1336	2026-02-08 05:30:00.517598+00	1065	2026-02-09 10:30:00 - Juaquin Wagner Berrios Alvarez (9 años) - PSICOLOGIA INFANTIL - Bs. 70.00	2	[{"changed": {"fields": ["Profesional"]}}]	13	1
1337	2026-02-08 05:30:20.626861+00	1066	2026-02-13 10:30:00 - Juaquin Wagner Berrios Alvarez (9 años) - PSICOLOGIA INFANTIL - Bs. 70.00	2	[{"changed": {"fields": ["Profesional"]}}]	13	1
1338	2026-02-08 05:30:37.517816+00	1068	2026-02-20 10:30:00 - Juaquin Wagner Berrios Alvarez (9 años) - PSICOLOGIA INFANTIL - Bs. 70.00	2	[{"changed": {"fields": ["Profesional"]}}]	13	1
1339	2026-02-08 05:30:57.531257+00	1069	2026-02-23 10:30:00 - Juaquin Wagner Berrios Alvarez (9 años) - PSICOLOGIA INFANTIL - Bs. 70.00	2	[{"changed": {"fields": ["Profesional"]}}]	13	1
1340	2026-02-08 05:31:18.029799+00	1070	2026-02-27 10:30:00 - Juaquin Wagner Berrios Alvarez (9 años) - PSICOLOGIA INFANTIL - Bs. 70.00	2	[{"changed": {"fields": ["Profesional"]}}]	13	1
1341	2026-02-08 05:32:55.836204+00	7	Chijo Pino, Edith Paola	2	[{"changed": {"fields": ["Sucursales"]}}]	14	1
1342	2026-02-08 05:33:35.925494+00	1103	2026-02-07 14:30:00 - Juaquin Wagner Berrios Alvarez (9 años) - APOYO ESCOLAR - Bs. 20.00	2	[{"changed": {"fields": ["Profesional"]}}]	13	1
1343	2026-02-08 05:33:53.826479+00	1104	2026-02-14 14:30:00 - Juaquin Wagner Berrios Alvarez (9 años) - APOYO ESCOLAR - Bs. 20.00	2	[{"changed": {"fields": ["Profesional"]}}]	13	1
1344	2026-02-08 05:34:13.218649+00	1105	2026-02-21 14:30:00 - Juaquin Wagner Berrios Alvarez (9 años) - APOYO ESCOLAR - Bs. 20.00	2	[{"changed": {"fields": ["Profesional"]}}]	13	1
1345	2026-02-08 05:34:31.525455+00	1106	2026-02-28 14:30:00 - Juaquin Wagner Berrios Alvarez (9 años) - APOYO ESCOLAR - Bs. 20.00	2	[{"changed": {"fields": ["Profesional"]}}]	13	1
1346	2026-02-08 05:38:07.631335+00	27	MEN-0226-JU-001 - Juaquin Wagner Berrios Alvarez (9 años) (Febrero 2026)	2	[{"changed": {"name": "Servicio-Profesional", "object": "PSICOMOTRICIDAD - Michelle Andrea", "fields": ["Profesional"]}}]	19	1
1347	2026-02-08 05:42:29.543747+00	1315	2026-02-02 09:30:00 - Leonardo Sebastian Colque Alderete (9 años) - APOYO ESCOLAR - Bs. 20.00	3		13	1
1348	2026-02-08 05:42:29.543796+00	1319	2026-02-04 10:00:00 - Leonardo Sebastian Colque Alderete (9 años) - APOYO ESCOLAR - Bs. 20.00	3		13	1
1349	2026-02-08 05:42:29.543824+00	1323	2026-02-06 10:30:00 - Leonardo Sebastian Colque Alderete (9 años) - APOYO ESCOLAR - Bs. 20.00	3		13	1
1350	2026-02-08 05:42:29.543849+00	1316	2026-02-09 09:30:00 - Leonardo Sebastian Colque Alderete (9 años) - APOYO ESCOLAR - Bs. 20.00	3		13	1
1351	2026-02-08 05:42:29.543874+00	1320	2026-02-11 10:00:00 - Leonardo Sebastian Colque Alderete (9 años) - APOYO ESCOLAR - Bs. 20.00	3		13	1
1352	2026-02-08 05:42:29.543898+00	1324	2026-02-13 10:30:00 - Leonardo Sebastian Colque Alderete (9 años) - APOYO ESCOLAR - Bs. 20.00	3		13	1
1353	2026-02-08 05:42:29.543921+00	1321	2026-02-18 10:00:00 - Leonardo Sebastian Colque Alderete (9 años) - APOYO ESCOLAR - Bs. 20.00	3		13	1
1354	2026-02-08 05:42:29.543942+00	1325	2026-02-20 10:30:00 - Leonardo Sebastian Colque Alderete (9 años) - APOYO ESCOLAR - Bs. 20.00	3		13	1
1355	2026-02-08 05:42:29.543964+00	1318	2026-02-23 09:30:00 - Leonardo Sebastian Colque Alderete (9 años) - APOYO ESCOLAR - Bs. 20.00	3		13	1
1356	2026-02-08 05:42:29.543986+00	1322	2026-02-25 10:00:00 - Leonardo Sebastian Colque Alderete (9 años) - APOYO ESCOLAR - Bs. 20.00	3		13	1
1357	2026-02-08 05:42:29.544025+00	1326	2026-02-27 10:30:00 - Leonardo Sebastian Colque Alderete (9 años) - APOYO ESCOLAR - Bs. 20.00	3		13	1
1358	2026-02-08 05:48:43.926812+00	1836	2026-02-09 16:45:00 - Thiago Matias Barahona Mancilla (9 años) - PSICOLOGIA INFANTIL - Bs. 70.00	2	[{"changed": {"fields": ["Profesional"]}}]	13	1
1359	2026-02-08 05:49:17.231652+00	1832	2026-02-09 16:00:00 - Thiago Matias Barahona Mancilla (9 años) - PSICOMOTRICIDAD - Bs. 50.00	2	[]	13	1
1360	2026-02-08 05:49:53.628636+00	1840	2026-02-11 17:30:00 - Thiago Matias Barahona Mancilla (9 años) - PSICOLOGIA INFANTIL - Bs. 70.00	2	[{"changed": {"fields": ["Profesional"]}}]	13	1
1361	2026-02-08 05:50:10.822635+00	1841	2026-02-18 17:30:00 - Thiago Matias Barahona Mancilla (9 años) - PSICOLOGIA INFANTIL - Bs. 70.00	2	[{"changed": {"fields": ["Profesional"]}}]	13	1
1362	2026-02-08 05:50:31.333656+00	1838	2026-02-23 16:45:00 - Thiago Matias Barahona Mancilla (9 años) - PSICOLOGIA INFANTIL - Bs. 70.00	2	[{"changed": {"fields": ["Profesional"]}}]	13	1
1363	2026-02-08 05:50:53.224203+00	1842	2026-02-25 17:30:00 - Thiago Matias Barahona Mancilla (9 años) - PSICOLOGIA INFANTIL - Bs. 70.00	2	[{"changed": {"fields": ["Profesional"]}}]	13	1
1364	2026-02-08 05:52:54.336104+00	1863	2026-02-05 16:00:00 - Thiago Matias Barahona Mancilla (9 años) - TERAPIA OCUPACIONAL/INDEPENDENCIA PERSONAL - Bs. 50.00	2	[{"changed": {"fields": ["Hora inicio", "Hora fin"]}}]	13	1
1365	2026-02-08 05:53:22.840585+00	1864	2026-02-12 16:00:00 - Thiago Matias Barahona Mancilla (9 años) - TERAPIA OCUPACIONAL/INDEPENDENCIA PERSONAL - Bs. 50.00	2	[{"changed": {"fields": ["Hora inicio", "Hora fin"]}}]	13	1
1366	2026-02-08 05:53:52.228958+00	1865	2026-02-19 16:00:00 - Thiago Matias Barahona Mancilla (9 años) - TERAPIA OCUPACIONAL/INDEPENDENCIA PERSONAL - Bs. 50.00	2	[{"changed": {"fields": ["Hora inicio", "Hora fin"]}}]	13	1
1367	2026-02-08 05:54:16.822899+00	1866	2026-02-26 16:00:00 - Thiago Matias Barahona Mancilla (9 años) - TERAPIA OCUPACIONAL/INDEPENDENCIA PERSONAL - Bs. 50.00	2	[{"changed": {"fields": ["Hora inicio", "Hora fin"]}}]	13	1
1368	2026-02-08 06:03:30.737754+00	1969	2026-02-05 17:30:00 - Nicolas Maximiliano Martinez Cuba (2 años) - TERAPIA OCUPACIONAL/INDEPENDENCIA PERSONAL - Bs. 50.00	2	[{"changed": {"fields": ["Profesional"]}}]	13	1
1369	2026-02-08 06:03:49.430309+00	1989	2026-02-07 21:45:00 - Nicolas Maximiliano Martinez Cuba (2 años) - TERAPIA OCUPACIONAL/INDEPENDENCIA PERSONAL - Bs. 50.00	2	[{"changed": {"fields": ["Profesional"]}}]	13	1
1370	2026-02-08 06:04:06.426908+00	1970	2026-02-12 17:30:00 - Nicolas Maximiliano Martinez Cuba (2 años) - TERAPIA OCUPACIONAL/INDEPENDENCIA PERSONAL - Bs. 50.00	2	[{"changed": {"fields": ["Profesional"]}}]	13	1
1371	2026-02-08 06:04:24.214673+00	1990	2026-02-14 21:45:00 - Nicolas Maximiliano Martinez Cuba (2 años) - TERAPIA OCUPACIONAL/INDEPENDENCIA PERSONAL - Bs. 50.00	2	[{"changed": {"fields": ["Profesional"]}}]	13	1
1372	2026-02-08 06:04:41.629813+00	1971	2026-02-19 17:30:00 - Nicolas Maximiliano Martinez Cuba (2 años) - TERAPIA OCUPACIONAL/INDEPENDENCIA PERSONAL - Bs. 50.00	2	[{"changed": {"fields": ["Profesional"]}}]	13	1
1373	2026-02-08 06:05:04.026419+00	1991	2026-02-21 21:45:00 - Nicolas Maximiliano Martinez Cuba (2 años) - TERAPIA OCUPACIONAL/INDEPENDENCIA PERSONAL - Bs. 50.00	2	[{"changed": {"fields": ["Profesional"]}}]	13	1
1374	2026-02-08 06:05:30.537487+00	1972	2026-02-26 17:30:00 - Nicolas Maximiliano Martinez Cuba (2 años) - TERAPIA OCUPACIONAL/INDEPENDENCIA PERSONAL - Bs. 50.00	2	[{"changed": {"fields": ["Profesional"]}}]	13	1
1375	2026-02-08 06:06:13.0377+00	1972	2026-02-26 17:30:00 - Nicolas Maximiliano Martinez Cuba (2 años) - TERAPIA OCUPACIONAL/INDEPENDENCIA PERSONAL - Bs. 50.00	2	[]	13	1
1376	2026-02-08 06:06:30.820041+00	1992	2026-02-28 21:45:00 - Nicolas Maximiliano Martinez Cuba (2 años) - TERAPIA OCUPACIONAL/INDEPENDENCIA PERSONAL - Bs. 50.00	2	[{"changed": {"fields": ["Profesional"]}}]	13	1
1377	2026-02-08 06:08:32.131987+00	88	Nicolas Maximiliano Martinez Cuba (2 años)	2	[{"added": {"name": "Servicio del Paciente", "object": "Nicolas Maximiliano Martinez Cuba - PSICOMOTRICIDAD"}}]	8	1
1378	2026-02-08 06:09:11.526073+00	33	MEN-0226-NI-001 - Nicolas Maximiliano Martinez Cuba (2 años) (Febrero 2026)	2	[{"added": {"name": "Servicio-Profesional", "object": "PSICOMOTRICIDAD - Michelle Andrea"}}, {"changed": {"name": "Servicio-Profesional", "object": "TERAPIA OCUPACIONAL/INDEPENDENCIA PERSONAL - Maria Lourdes", "fields": ["Profesional"]}}]	19	1
1379	2026-02-08 06:09:58.031719+00	1973	2026-02-05 18:30:00 - Nicolas Maximiliano Martinez Cuba (2 años) - PSICOPEDAGOGIA - Bs. 50.00	3		13	1
1380	2026-02-08 06:09:58.031767+00	1974	2026-02-12 18:30:00 - Nicolas Maximiliano Martinez Cuba (2 años) - PSICOPEDAGOGIA - Bs. 50.00	3		13	1
1381	2026-02-08 06:09:58.031795+00	1975	2026-02-19 18:30:00 - Nicolas Maximiliano Martinez Cuba (2 años) - PSICOPEDAGOGIA - Bs. 50.00	3		13	1
1382	2026-02-08 06:09:58.031822+00	1976	2026-02-26 18:30:00 - Nicolas Maximiliano Martinez Cuba (2 años) - PSICOPEDAGOGIA - Bs. 50.00	3		13	1
1383	2026-02-08 06:13:08.419484+00	1989	2026-02-07 09:45:00 - Nicolas Maximiliano Martinez Cuba (2 años) - TERAPIA OCUPACIONAL/INDEPENDENCIA PERSONAL - Bs. 50.00	2	[{"changed": {"fields": ["Hora inicio", "Hora fin"]}}]	13	1
1384	2026-02-08 06:13:43.219722+00	1990	2026-02-14 09:45:00 - Nicolas Maximiliano Martinez Cuba (2 años) - TERAPIA OCUPACIONAL/INDEPENDENCIA PERSONAL - Bs. 50.00	2	[{"changed": {"fields": ["Hora inicio", "Hora fin"]}}]	13	1
1385	2026-02-08 06:14:08.138467+00	1991	2026-02-21 09:45:00 - Nicolas Maximiliano Martinez Cuba (2 años) - TERAPIA OCUPACIONAL/INDEPENDENCIA PERSONAL - Bs. 50.00	2	[{"changed": {"fields": ["Hora inicio", "Hora fin"]}}]	13	1
1386	2026-02-08 06:14:35.632783+00	1992	2026-02-28 09:45:00 - Nicolas Maximiliano Martinez Cuba (2 años) - TERAPIA OCUPACIONAL/INDEPENDENCIA PERSONAL - Bs. 50.00	2	[{"changed": {"fields": ["Hora inicio", "Hora fin"]}}]	13	1
1387	2026-02-08 06:17:24.442715+00	1475	2026-02-09 16:00:00 - Sebastian Mateo Venegas Venegas (7 años) - PSICOLOGIA INFANTIL - Bs. 70.00	2	[{"changed": {"fields": ["Profesional"]}}]	13	1
1388	2026-02-08 06:17:41.328612+00	1476	2026-02-13 16:00:00 - Sebastian Mateo Venegas Venegas (7 años) - PSICOLOGIA INFANTIL - Bs. 70.00	2	[{"changed": {"fields": ["Profesional"]}}]	13	1
1389	2026-02-08 06:17:57.73436+00	1478	2026-02-20 16:00:00 - Sebastian Mateo Venegas Venegas (7 años) - PSICOLOGIA INFANTIL - Bs. 70.00	2	[{"changed": {"fields": ["Profesional"]}}]	13	1
1390	2026-02-08 06:18:13.423181+00	1479	2026-02-23 16:00:00 - Sebastian Mateo Venegas Venegas (7 años) - PSICOLOGIA INFANTIL - Bs. 70.00	2	[{"changed": {"fields": ["Profesional"]}}]	13	1
1391	2026-02-08 06:18:30.321177+00	1480	2026-02-27 16:00:00 - Sebastian Mateo Venegas Venegas (7 años) - PSICOLOGIA INFANTIL - Bs. 70.00	2	[{"changed": {"fields": ["Profesional"]}}]	13	1
1392	2026-02-08 06:20:42.430251+00	30	MEN-0226-SE-001 - Sebastian Mateo Venegas Venegas (7 años) (Febrero 2026)	2	[{"changed": {"name": "Servicio-Profesional", "object": "PSICOLOGIA INFANTIL - Jhuly Patricia", "fields": ["Profesional"]}}, {"changed": {"name": "Servicio-Profesional", "object": "PSICOMOTRICIDAD - Michelle Andrea", "fields": ["Profesional"]}}, {"changed": {"name": "Servicio-Profesional", "object": "TERAPIA DE INTEGRACION SENSORIAL - Jackie Jared", "fields": ["Profesional"]}}]	19	1
1393	2026-02-08 06:21:27.731441+00	1504	2026-02-05 17:30:00 - Sebastian Mateo Venegas Venegas (7 años) - PSICOMOTRICIDAD - Bs. 50.00	3		13	1
1394	2026-02-08 06:22:00.8342+00	1505	2026-02-12 17:30:00 - Sebastian Mateo Venegas Venegas (7 años) - PSICOMOTRICIDAD - Bs. 50.00	3		13	1
1395	2026-02-08 06:22:00.83425+00	1506	2026-02-19 17:30:00 - Sebastian Mateo Venegas Venegas (7 años) - PSICOMOTRICIDAD - Bs. 50.00	3		13	1
1396	2026-02-08 06:22:00.83428+00	1507	2026-02-26 17:30:00 - Sebastian Mateo Venegas Venegas (7 años) - PSICOMOTRICIDAD - Bs. 50.00	3		13	1
1397	2026-02-08 06:27:13.528602+00	936	2026-02-10 17:30:00 - Ivan Fernando Luna Palenque (4 años) - PSICOLOGIA INFANTIL - Bs. 70.00	2	[{"changed": {"fields": ["Profesional"]}}]	13	1
1398	2026-02-08 06:27:34.135313+00	940	2026-02-12 16:45:00 - Ivan Fernando Luna Palenque (4 años) - PSICOLOGIA INFANTIL - Bs. 70.00	2	[{"changed": {"fields": ["Profesional"]}}]	13	1
1399	2026-02-08 06:27:53.229052+00	941	2026-02-19 16:45:00 - Ivan Fernando Luna Palenque (4 años) - PSICOLOGIA INFANTIL - Bs. 70.00	2	[{"changed": {"fields": ["Profesional"]}}]	13	1
1400	2026-02-08 06:28:25.327093+00	938	2026-02-24 17:30:00 - Ivan Fernando Luna Palenque (4 años) - PSICOLOGIA INFANTIL - Bs. 70.00	2	[{"changed": {"fields": ["Profesional"]}}]	13	1
1401	2026-02-08 06:28:46.227698+00	942	2026-02-26 16:45:00 - Ivan Fernando Luna Palenque (4 años) - PSICOLOGIA INFANTIL - Bs. 70.00	2	[{"changed": {"fields": ["Profesional"]}}]	13	1
1402	2026-02-08 06:30:05.330996+00	964	2026-02-11 17:30:00 - Ivan Fernando Luna Palenque (4 años) - PSICOMOTRICIDAD - Bs. 50.00	2	[{"changed": {"fields": ["Profesional"]}}]	13	1
1403	2026-02-08 06:30:37.628474+00	965	2026-02-18 17:30:00 - Ivan Fernando Luna Palenque (4 años) - PSICOMOTRICIDAD - Bs. 50.00	2	[{"changed": {"fields": ["Profesional"]}}]	13	1
1404	2026-02-08 06:30:59.432246+00	966	2026-02-25 17:30:00 - Ivan Fernando Luna Palenque (4 años) - PSICOMOTRICIDAD - Bs. 50.00	2	[{"changed": {"fields": ["Profesional"]}}]	13	1
1405	2026-02-08 06:31:33.287297+00	12	Gonzales Padilla, Michelle Andrea	2	[]	14	1
1406	2026-02-08 06:32:14.036152+00	24	MEN-0226-IV-001 - Ivan Fernando Luna Palenque (4 años) (Febrero 2026)	2	[{"changed": {"name": "Servicio-Profesional", "object": "PSICOLOGIA INFANTIL - Jhuly Patricia", "fields": ["Profesional"]}}, {"changed": {"name": "Servicio-Profesional", "object": "TERAPIA DE INTEGRACION SENSORIAL - Michelle Andrea", "fields": ["Servicio", "Profesional"]}}]	19	1
1407	2026-02-08 06:33:58.529719+00	968	2026-02-13 16:45:00 - Ivan Fernando Luna Palenque (4 años) - TERAPIA DE INTEGRACION SENSORIAL - Bs. 70.00	2	[{"changed": {"fields": ["Servicio", "Profesional"]}}]	13	1
1408	2026-02-08 06:34:25.020199+00	969	2026-02-20 16:45:00 - Ivan Fernando Luna Palenque (4 años) - TERAPIA DE INTEGRACION SENSORIAL - Bs. 70.00	2	[{"changed": {"fields": ["Servicio", "Profesional"]}}]	13	1
1409	2026-02-08 06:34:45.724797+00	970	2026-02-27 16:45:00 - Ivan Fernando Luna Palenque (4 años) - TERAPIA DE INTEGRACION SENSORIAL - Bs. 70.00	2	[{"changed": {"fields": ["Servicio", "Profesional"]}}]	13	1
1410	2026-02-08 06:36:56.718433+00	916	2026-02-11 18:15:00 - Ihan Thiago Rodriguez Torrez (7 años) - PSICOMOTRICIDAD - Bs. 50.00	2	[{"changed": {"fields": ["Profesional"]}}]	13	1
1411	2026-02-08 06:37:14.729681+00	917	2026-02-18 18:15:00 - Ihan Thiago Rodriguez Torrez (7 años) - PSICOMOTRICIDAD - Bs. 50.00	2	[{"changed": {"fields": ["Profesional"]}}]	13	1
1412	2026-02-08 06:37:33.733576+00	918	2026-02-25 18:15:00 - Ihan Thiago Rodriguez Torrez (7 años) - PSICOMOTRICIDAD - Bs. 50.00	2	[{"changed": {"fields": ["Profesional"]}}]	13	1
1413	2026-02-08 06:41:12.02527+00	860	2026-02-09 09:00:00 - Ander Mijael Oquendo Quiroga (3 años) - PSICOMOTRICIDAD - Bs. 50.00	2	[{"changed": {"fields": ["Profesional"]}}]	13	1
1414	2026-02-08 06:41:30.626525+00	862	2026-02-23 09:00:00 - Ander Mijael Oquendo Quiroga (3 años) - PSICOMOTRICIDAD - Bs. 50.00	2	[{"changed": {"fields": ["Profesional"]}}]	13	1
1415	2026-02-08 06:41:56.934055+00	864	2026-02-12 11:15:00 - Ander Mijael Oquendo Quiroga (3 años) - PSICOMOTRICIDAD - Bs. 50.00	2	[{"changed": {"fields": ["Profesional"]}}]	13	1
1416	2026-02-08 06:42:14.730345+00	865	2026-02-19 11:15:00 - Ander Mijael Oquendo Quiroga (3 años) - PSICOMOTRICIDAD - Bs. 50.00	2	[{"changed": {"fields": ["Profesional"]}}]	13	1
1417	2026-02-08 06:42:34.535322+00	866	2026-02-26 11:15:00 - Ander Mijael Oquendo Quiroga (3 años) - PSICOMOTRICIDAD - Bs. 50.00	2	[{"changed": {"fields": ["Profesional"]}}]	13	1
1418	2026-02-08 06:46:37.666157+00	22	Anya Valentina Palenque Corico (3 años)	2	[{"changed": {"fields": ["Foto"]}}, {"added": {"name": "Servicio del Paciente", "object": "Anya Valentina Palenque Corico - FISIOTERAPIA Y REHABILITACION"}}]	8	1
1419	2026-02-08 06:47:41.221828+00	29	MEN-0226-AN-001-12059 - Anya Valentina Palenque Corico (3 años) (Febrero 2026)	2	[{"added": {"name": "Servicio-Profesional", "object": "FISIOTERAPIA Y REHABILITACION - Jackie Jared"}}, {"changed": {"name": "Servicio-Profesional", "object": "PSICOLOGIA INFANTIL - Jhuly Patricia", "fields": ["Profesional"]}}, {"changed": {"name": "Servicio-Profesional", "object": "TERAPIA DE INTEGRACION SENSORIAL - Michelle Andrea", "fields": ["Profesional"]}}]	19	1
1420	2026-02-08 06:48:45.420139+00	1543	2026-02-10 10:30:00 - Anya Valentina Palenque Corico (3 años) - TERAPIA DE INTEGRACION SENSORIAL - Bs. 70.00	2	[{"changed": {"fields": ["Servicio", "Profesional"]}}]	13	1
1421	2026-02-08 06:49:06.329284+00	1545	2026-02-24 10:30:00 - Anya Valentina Palenque Corico (3 años) - TERAPIA DE INTEGRACION SENSORIAL - Bs. 70.00	2	[{"changed": {"fields": ["Servicio", "Profesional"]}}]	13	1
1422	2026-02-08 06:49:32.426591+00	1526	2026-02-12 09:45:00 - Anya Valentina Palenque Corico (3 años) - TERAPIA DE INTEGRACION SENSORIAL - Bs. 70.00	2	[{"changed": {"fields": ["Servicio", "Profesional"]}}]	13	1
1423	2026-02-08 06:49:53.222112+00	1527	2026-02-19 09:45:00 - Anya Valentina Palenque Corico (3 años) - TERAPIA DE INTEGRACION SENSORIAL - Bs. 70.00	2	[{"changed": {"fields": ["Servicio", "Profesional"]}}]	13	1
1424	2026-02-08 06:50:13.933128+00	1528	2026-02-26 09:45:00 - Anya Valentina Palenque Corico (3 años) - TERAPIA DE INTEGRACION SENSORIAL - Bs. 70.00	2	[{"changed": {"fields": ["Servicio", "Profesional"]}}]	13	1
1425	2026-02-08 06:59:21.135246+00	1661	2026-02-07 11:00:00 - Erick Ramirez Olmedo (5 años) - PSICOPEDAGOGIA - Bs. 50.00	2	[]	13	1
1426	2026-02-08 07:02:40.625594+00	1572	2026-02-10 15:15:00 - Franciel Marcela Flores Garnica (6 años) - PSICOLOGIA INFANTIL - Bs. 70.00	2	[{"changed": {"fields": ["Profesional"]}}]	13	1
1427	2026-02-08 07:02:55.535394+00	1574	2026-02-24 15:15:00 - Franciel Marcela Flores Garnica (6 años) - PSICOLOGIA INFANTIL - Bs. 70.00	2	[{"changed": {"fields": ["Profesional"]}}]	13	1
1428	2026-02-08 07:03:18.837002+00	1576	2026-02-13 14:30:00 - Franciel Marcela Flores Garnica (6 años) - PSICOLOGIA INFANTIL - Bs. 70.00	2	[{"changed": {"fields": ["Profesional"]}}]	13	1
1429	2026-02-08 07:03:36.752805+00	1577	2026-02-20 14:30:00 - Franciel Marcela Flores Garnica (6 años) - PSICOLOGIA INFANTIL - Bs. 70.00	2	[{"changed": {"fields": ["Profesional"]}}]	13	1
1430	2026-02-08 07:03:51.53375+00	1578	2026-02-27 14:30:00 - Franciel Marcela Flores Garnica (6 años) - PSICOLOGIA INFANTIL - Bs. 70.00	2	[{"changed": {"fields": ["Profesional"]}}]	13	1
1431	2026-02-08 07:09:04.141503+00	28	MEN-0226-GA-001 - Gael Logan Velasquez Magne (5 años) (Febrero 2026)	2	[{"changed": {"name": "Servicio-Profesional", "object": "PSICOLOGIA INFANTIL - Jhuly Patricia", "fields": ["Profesional"]}}, {"changed": {"name": "Servicio-Profesional", "object": "PSICOMOTRICIDAD - Michelle Andrea", "fields": ["Profesional"]}}, {"changed": {"name": "Servicio-Profesional", "object": "APOYO ESCOLAR - Edith Paola", "fields": ["Profesional"]}}]	19	1
1432	2026-02-08 07:11:15.641112+00	1164	2026-02-14 09:00:00 - Gael Logan Velasquez Magne (5 años) - PSICOPEDAGOGIA - Bs. 50.00	3		13	1
1433	2026-02-08 07:11:15.641183+00	1152	2026-02-14 10:00:00 - Gael Logan Velasquez Magne (5 años) - TERAPIA DE LENGUAJE/FONOAUDIOLOGIA - Bs. 70.00	3		13	1
1434	2026-02-08 07:11:15.641217+00	1165	2026-02-21 09:00:00 - Gael Logan Velasquez Magne (5 años) - PSICOPEDAGOGIA - Bs. 50.00	3		13	1
1435	2026-02-08 07:11:15.641243+00	1153	2026-02-21 10:00:00 - Gael Logan Velasquez Magne (5 años) - TERAPIA DE LENGUAJE/FONOAUDIOLOGIA - Bs. 70.00	3		13	1
1436	2026-02-08 07:11:15.641268+00	1166	2026-02-28 09:00:00 - Gael Logan Velasquez Magne (5 años) - PSICOPEDAGOGIA - Bs. 50.00	3		13	1
1437	2026-02-08 07:11:15.641291+00	1154	2026-02-28 10:00:00 - Gael Logan Velasquez Magne (5 años) - TERAPIA DE LENGUAJE/FONOAUDIOLOGIA - Bs. 70.00	3		13	1
1438	2026-02-08 07:15:45.021447+00	28	MEN-0226-GA-001 - Gael Logan Velasquez Magne (5 años) (Febrero 2026)	2	[]	19	1
1439	2026-02-08 07:22:15.624945+00	1174	2026-02-13 18:15:00 - Gael Logan Velasquez Magne (5 años) - PSICOMOTRICIDAD - Bs. 50.00	2	[{"changed": {"fields": ["Profesional"]}}]	13	1
1440	2026-02-08 07:22:34.523985+00	1176	2026-02-20 18:15:00 - Gael Logan Velasquez Magne (5 años) - PSICOMOTRICIDAD - Bs. 50.00	2	[{"changed": {"fields": ["Profesional"]}}]	13	1
1441	2026-02-08 07:22:50.624727+00	1178	2026-02-27 18:15:00 - Gael Logan Velasquez Magne (5 años) - PSICOMOTRICIDAD - Bs. 50.00	2	[{"changed": {"fields": ["Profesional"]}}]	13	1
1442	2026-02-08 07:27:06.930359+00	1124	2026-02-10 18:15:00 - Gael Logan Velasquez Magne (5 años) - PSICOLOGIA INFANTIL - Bs. 70.00	2	[{"changed": {"fields": ["Profesional"]}}]	13	1
1443	2026-02-08 07:27:30.023345+00	1126	2026-02-24 18:15:00 - Gael Logan Velasquez Magne (5 años) - PSICOLOGIA INFANTIL - Bs. 70.00	2	[{"changed": {"fields": ["Profesional"]}}]	13	1
1444	2026-02-08 07:31:47.017531+00	1168	2026-02-09 17:30:00 - Gael Logan Velasquez Magne (5 años) - TERAPIA DE INTEGRACION SENSORIAL - Bs. 70.00	2	[{"changed": {"fields": ["Hora inicio", "Hora fin"]}}]	13	1
1445	2026-02-08 07:32:15.319563+00	1170	2026-02-23 17:30:00 - Gael Logan Velasquez Magne (5 años) - TERAPIA DE INTEGRACION SENSORIAL - Bs. 70.00	2	[{"changed": {"fields": ["Hora inicio", "Hora fin"]}}]	13	1
1446	2026-02-08 07:33:24.630089+00	1128	2026-02-13 17:30:00 - Gael Logan Velasquez Magne (5 años) - PSICOLOGIA INFANTIL - Bs. 70.00	3		13	1
1447	2026-02-08 07:33:43.838347+00	1129	2026-02-20 17:30:00 - Gael Logan Velasquez Magne (5 años) - PSICOLOGIA INFANTIL - Bs. 70.00	3		13	1
1448	2026-02-08 07:34:00.541412+00	1130	2026-02-27 17:30:00 - Gael Logan Velasquez Magne (5 años) - PSICOLOGIA INFANTIL - Bs. 70.00	3		13	1
1449	2026-02-08 07:36:21.526171+00	1174	2026-02-13 17:30:00 - Gael Logan Velasquez Magne (5 años) - PSICOMOTRICIDAD - Bs. 50.00	2	[{"changed": {"fields": ["Hora inicio", "Hora fin"]}}]	13	1
1450	2026-02-08 07:36:50.63394+00	1176	2026-02-20 17:30:00 - Gael Logan Velasquez Magne (5 años) - PSICOMOTRICIDAD - Bs. 50.00	2	[{"changed": {"fields": ["Hora inicio", "Hora fin"]}}]	13	1
1451	2026-02-08 07:37:19.322636+00	1178	2026-02-27 17:30:00 - Gael Logan Velasquez Magne (5 años) - PSICOMOTRICIDAD - Bs. 50.00	2	[{"changed": {"fields": ["Hora inicio", "Hora fin"]}}]	13	1
1452	2026-02-08 07:39:50.620961+00	1174	2026-02-13 18:15:00 - Gael Logan Velasquez Magne (5 años) - PSICOMOTRICIDAD - Bs. 50.00	2	[{"changed": {"fields": ["Hora inicio", "Hora fin"]}}]	13	1
1453	2026-02-08 07:40:20.220058+00	1176	2026-02-20 18:15:00 - Gael Logan Velasquez Magne (5 años) - PSICOMOTRICIDAD - Bs. 50.00	2	[{"changed": {"fields": ["Hora inicio", "Hora fin"]}}]	13	1
1454	2026-02-08 07:40:45.424428+00	1178	2026-02-27 18:15:00 - Gael Logan Velasquez Magne (5 años) - PSICOMOTRICIDAD - Bs. 50.00	2	[{"changed": {"fields": ["Hora inicio", "Hora fin"]}}]	13	1
1455	2026-02-08 07:41:27.7252+00	920	2026-02-13 17:30:00 - Ihan Thiago Rodriguez Torrez (7 años) - PSICOMOTRICIDAD - Bs. 50.00	2	[{"changed": {"fields": ["Profesional"]}}]	13	1
1456	2026-02-08 07:41:48.53879+00	921	2026-02-20 17:30:00 - Ihan Thiago Rodriguez Torrez (7 años) - PSICOMOTRICIDAD - Bs. 50.00	2	[{"changed": {"fields": ["Profesional"]}}]	13	1
1457	2026-02-08 07:42:45.822779+00	921	2026-02-20 17:30:00 - Ihan Thiago Rodriguez Torrez (7 años) - PSICOMOTRICIDAD - Bs. 50.00	2	[]	13	1
1458	2026-02-08 07:43:03.926922+00	922	2026-02-27 17:30:00 - Ihan Thiago Rodriguez Torrez (7 años) - PSICOMOTRICIDAD - Bs. 50.00	2	[{"changed": {"fields": ["Profesional"]}}]	13	1
1459	2026-02-08 07:48:40.720723+00	1903	2026-02-02 17:30:00 - Juan Luis Flores Rivera (9 años) - APOYO ESCOLAR - Bs. 20.00	2	[{"changed": {"fields": ["Hora fin", "Duracion minutos"]}}]	13	1
1460	2026-02-08 07:49:01.123898+00	1904	2026-02-09 17:30:00 - Juan Luis Flores Rivera (9 años) - APOYO ESCOLAR - Bs. 20.00	2	[{"changed": {"fields": ["Hora fin", "Duracion minutos"]}}]	13	1
1461	2026-02-08 07:49:24.235267+00	1906	2026-02-23 17:30:00 - Juan Luis Flores Rivera (9 años) - APOYO ESCOLAR - Bs. 20.00	2	[{"changed": {"fields": ["Hora fin", "Duracion minutos"]}}]	13	1
1462	2026-02-08 07:52:29.524756+00	1915	2026-02-06 16:00:00 - Juan Luis Flores Rivera (9 años) - APOYO ESCOLAR - Bs. 20.00	2	[{"changed": {"fields": ["Hora fin", "Duracion minutos"]}}]	13	1
1463	2026-02-08 07:52:48.830852+00	1916	2026-02-13 16:00:00 - Juan Luis Flores Rivera (9 años) - APOYO ESCOLAR - Bs. 20.00	2	[{"changed": {"fields": ["Hora fin"]}}]	13	1
1464	2026-02-08 07:53:12.136524+00	1917	2026-02-20 16:00:00 - Juan Luis Flores Rivera (9 años) - APOYO ESCOLAR - Bs. 20.00	2	[{"changed": {"fields": ["Hora fin", "Duracion minutos"]}}]	13	1
1465	2026-02-08 07:53:36.322645+00	1918	2026-02-27 16:00:00 - Juan Luis Flores Rivera (9 años) - APOYO ESCOLAR - Bs. 20.00	2	[{"changed": {"fields": ["Hora fin", "Duracion minutos"]}}]	13	1
1466	2026-02-08 08:00:51.026588+00	1929	2026-02-11 14:30:00 - Luis Clemente Llanos Isla (8 años) - PSICOLOGIA INFANTIL - Bs. 70.00	2	[{"changed": {"fields": ["Profesional"]}}]	13	1
1467	2026-02-08 08:01:07.721528+00	1930	2026-02-12 14:30:00 - Luis Clemente Llanos Isla (8 años) - PSICOLOGIA INFANTIL - Bs. 70.00	2	[{"changed": {"fields": ["Profesional"]}}]	13	1
1468	2026-02-08 08:01:24.417919+00	1931	2026-02-18 14:30:00 - Luis Clemente Llanos Isla (8 años) - PSICOLOGIA INFANTIL - Bs. 70.00	2	[{"changed": {"fields": ["Profesional"]}}]	13	1
1469	2026-02-08 08:01:49.530322+00	1932	2026-02-19 14:30:00 - Luis Clemente Llanos Isla (8 años) - PSICOLOGIA INFANTIL - Bs. 70.00	2	[{"changed": {"fields": ["Profesional"]}}]	13	1
1470	2026-02-08 08:02:07.718568+00	1933	2026-02-25 14:30:00 - Luis Clemente Llanos Isla (8 años) - PSICOLOGIA INFANTIL - Bs. 70.00	2	[{"changed": {"fields": ["Profesional"]}}]	13	1
1471	2026-02-08 08:02:25.729297+00	1934	2026-02-26 14:30:00 - Luis Clemente Llanos Isla (8 años) - PSICOLOGIA INFANTIL - Bs. 70.00	2	[{"changed": {"fields": ["Profesional"]}}]	13	1
1472	2026-02-08 08:05:31.532274+00	1881	2026-02-02 09:45:00 - Lucas Ignacio Condo Jancko (2 años) - PSICOMOTRICIDAD - Bs. 50.00	3		13	1
1473	2026-02-08 08:05:31.532322+00	1885	2026-02-03 11:15:00 - Lucas Ignacio Condo Jancko (2 años) - PSICOMOTRICIDAD - Bs. 50.00	3		13	1
1474	2026-02-08 08:05:31.53235+00	1886	2026-02-04 11:15:00 - Lucas Ignacio Condo Jancko (2 años) - PSICOMOTRICIDAD - Bs. 50.00	3		13	1
1475	2026-02-08 08:05:31.532375+00	1871	2026-02-06 11:15:00 - Lucas Ignacio Condo Jancko (2 años) - PSICOMOTRICIDAD - Bs. 50.00	3		13	1
1476	2026-02-08 08:05:31.5324+00	1882	2026-02-09 09:45:00 - Lucas Ignacio Condo Jancko (2 años) - PSICOMOTRICIDAD - Bs. 50.00	3		13	1
1477	2026-02-08 08:05:31.532425+00	1872	2026-02-10 11:15:00 - Lucas Ignacio Condo Jancko (2 años) - PSICOMOTRICIDAD - Bs. 50.00	3		13	1
1478	2026-02-08 08:05:31.532449+00	1873	2026-02-11 11:15:00 - Lucas Ignacio Condo Jancko (2 años) - PSICOMOTRICIDAD - Bs. 50.00	3		13	1
1479	2026-02-08 08:05:31.532473+00	1874	2026-02-13 11:15:00 - Lucas Ignacio Condo Jancko (2 años) - PSICOMOTRICIDAD - Bs. 50.00	3		13	1
1480	2026-02-08 08:05:31.532496+00	1883	2026-02-16 09:45:00 - Lucas Ignacio Condo Jancko (2 años) - PSICOMOTRICIDAD - Bs. 50.00	3		13	1
1481	2026-02-08 08:05:31.532518+00	1875	2026-02-17 11:15:00 - Lucas Ignacio Condo Jancko (2 años) - PSICOMOTRICIDAD - Bs. 50.00	3		13	1
1482	2026-02-08 08:05:31.532539+00	1876	2026-02-18 11:15:00 - Lucas Ignacio Condo Jancko (2 años) - PSICOMOTRICIDAD - Bs. 50.00	3		13	1
1483	2026-02-08 08:05:31.532561+00	1877	2026-02-20 11:15:00 - Lucas Ignacio Condo Jancko (2 años) - PSICOMOTRICIDAD - Bs. 50.00	3		13	1
1484	2026-02-08 08:05:31.532583+00	1884	2026-02-23 09:45:00 - Lucas Ignacio Condo Jancko (2 años) - PSICOMOTRICIDAD - Bs. 50.00	3		13	1
1485	2026-02-08 08:05:31.532604+00	1878	2026-02-24 11:15:00 - Lucas Ignacio Condo Jancko (2 años) - PSICOMOTRICIDAD - Bs. 50.00	3		13	1
1486	2026-02-08 08:05:31.532625+00	1879	2026-02-25 11:15:00 - Lucas Ignacio Condo Jancko (2 años) - PSICOMOTRICIDAD - Bs. 50.00	3		13	1
1487	2026-02-08 08:05:31.532647+00	1880	2026-02-27 11:15:00 - Lucas Ignacio Condo Jancko (2 años) - PSICOMOTRICIDAD - Bs. 50.00	3		13	1
1488	2026-02-08 08:08:49.334519+00	1832	2026-02-09 16:00:00 - Thiago Matias Barahona Mancilla (9 años) - PSICOMOTRICIDAD - Bs. 50.00	2	[{"changed": {"fields": ["Profesional"]}}]	13	1
1489	2026-02-08 08:09:11.431301+00	1834	2026-02-23 16:00:00 - Thiago Matias Barahona Mancilla (9 años) - PSICOMOTRICIDAD - Bs. 50.00	2	[{"changed": {"fields": ["Profesional"]}}]	13	1
1490	2026-02-08 08:09:37.123801+00	1844	2026-02-12 16:45:00 - Thiago Matias Barahona Mancilla (9 años) - PSICOMOTRICIDAD - Bs. 50.00	2	[{"changed": {"fields": ["Profesional"]}}]	13	1
1491	2026-02-08 08:09:53.134693+00	1845	2026-02-19 16:45:00 - Thiago Matias Barahona Mancilla (9 años) - PSICOMOTRICIDAD - Bs. 50.00	2	[{"changed": {"fields": ["Profesional"]}}]	13	1
1492	2026-02-08 08:10:11.537414+00	1846	2026-02-26 16:45:00 - Thiago Matias Barahona Mancilla (9 años) - PSICOMOTRICIDAD - Bs. 50.00	2	[{"changed": {"fields": ["Profesional"]}}]	13	1
1493	2026-02-08 08:15:10.415853+00	2009	2026-02-16 06:15:00 - Jeremias Garnica Orcko (5 años) - PSICOPEDAGOGIA - Bs. 50.00	3		13	1
1494	2026-02-08 08:15:10.415902+00	2024	2026-02-16 11:15:00 - Juaquin Wagner Berrios Alvarez (9 años) - PSICOMOTRICIDAD - Bs. 50.00	3		13	1
1495	2026-02-08 08:15:10.415931+00	1833	2026-02-16 16:00:00 - Thiago Matias Barahona Mancilla (9 años) - PSICOMOTRICIDAD - Bs. 50.00	3		13	1
1496	2026-02-08 08:15:10.415955+00	1893	2026-02-16 16:30:00 - Frederick Yohan Delgado Seco (7 años) - APOYO ESCOLAR - Bs. 20.00	3		13	1
1497	2026-02-08 08:15:10.415978+00	1837	2026-02-16 16:45:00 - Thiago Matias Barahona Mancilla (9 años) - PSICOLOGIA INFANTIL - Bs. 70.00	3		13	1
1498	2026-02-08 08:15:10.416+00	1937	2026-02-16 17:00:00 - Luis Clemente Llanos Isla (8 años) - PSICOPEDAGOGIA - Bs. 50.00	3		13	1
1499	2026-02-08 08:15:10.416047+00	2003	2026-02-16 17:30:00 - Jeremias Garnica Orcko (5 años) - PSICOLOGIA INFANTIL - Bs. 70.00	3		13	1
1500	2026-02-08 08:15:10.416072+00	1905	2026-02-16 17:30:00 - Juan Luis Flores Rivera (9 años) - APOYO ESCOLAR - Bs. 20.00	3		13	1
1501	2026-02-08 08:15:10.416096+00	2065	2026-02-16 18:15:00 - Nicolas Maximiliano Martinez Cuba (2 años) - TERAPIA DE INTEGRACION SENSORIAL - Bs. 70.00	3		13	1
1502	2026-02-08 08:15:10.416119+00	2055	2026-02-16 18:15:00 - Gael Logan Velasquez Magne (5 años) - PSICOLOGIA INFANTIL - Bs. 70.00	3		13	1
1503	2026-02-08 08:15:29.819244+00	1909	2026-02-17 15:30:00 - Juan Luis Flores Rivera (9 años) - APOYO ESCOLAR - Bs. 20.00	3		13	1
1504	2026-02-08 08:15:29.819293+00	1857	2026-02-17 16:30:00 - Thiago Matias Barahona Mancilla (9 años) - TERAPIA DE LENGUAJE/FONOAUDIOLOGIA - Bs. 70.00	3		13	1
1505	2026-02-08 08:15:29.819324+00	2012	2026-02-17 16:45:00 - Jeremias Garnica Orcko (5 años) - TERAPIA OCUPACIONAL/INDEPENDENCIA PERSONAL - Bs. 50.00	3		13	1
1506	2026-02-08 08:15:29.819372+00	1853	2026-02-17 17:00:00 - Thiago Matias Barahona Mancilla (9 años) - APOYO ESCOLAR - Bs. 20.00	3		13	1
1507	2026-02-08 08:15:29.819404+00	1959	2026-02-17 17:30:00 - Jeremias Garnica Orcko (5 años) - TERAPIA DE LENGUAJE/FONOAUDIOLOGIA - Bs. 70.00	3		13	1
1508	2026-02-08 16:41:17.14147+00	2067	2026-02-09 09:45:00 - Liam Mateo Zelaya Espinoza (1 años) - ESTIMULACION TEMPRANA - Bs. 50.00	3		13	1
1509	2026-02-08 16:41:17.141545+00	2068	2026-02-12 09:45:00 - Liam Mateo Zelaya Espinoza (1 años) - ESTIMULACION TEMPRANA - Bs. 50.00	3		13	1
1510	2026-02-08 16:41:17.141591+00	2069	2026-02-16 09:45:00 - Liam Mateo Zelaya Espinoza (1 años) - ESTIMULACION TEMPRANA - Bs. 50.00	3		13	1
1511	2026-02-08 16:41:17.141633+00	2070	2026-02-19 09:45:00 - Liam Mateo Zelaya Espinoza (1 años) - ESTIMULACION TEMPRANA - Bs. 50.00	3		13	1
1512	2026-02-08 16:41:17.14169+00	2071	2026-02-23 09:45:00 - Liam Mateo Zelaya Espinoza (1 años) - ESTIMULACION TEMPRANA - Bs. 50.00	3		13	1
1513	2026-02-08 16:41:17.14173+00	2072	2026-02-26 09:45:00 - Liam Mateo Zelaya Espinoza (1 años) - ESTIMULACION TEMPRANA - Bs. 50.00	3		13	1
1514	2026-02-08 16:45:19.336227+00	81	Liam Mateo Zelaya Espinoza (1 años)	2	[{"added": {"name": "Servicio del Paciente", "object": "Liam Mateo Zelaya Espinoza - TERAPIA DE INTEGRACION SENSORIAL"}}]	8	1
1515	2026-02-08 16:45:51.116532+00	37	MEN-0226-LI-001-81851 - Liam Mateo Zelaya Espinoza (1 años) (Febrero 2026)	2	[{"added": {"name": "Servicio-Profesional", "object": "TERAPIA DE INTEGRACION SENSORIAL - Ana Gabriela"}}]	19	1
1517	2026-02-08 17:00:04.405972+00	1383	2026-02-09 10:30:00 - Alana Genesis Mamanillo Quispe (1 años) - ESTIMULACION TEMPRANA - Bs. 50.00	2	[{"changed": {"fields": ["Profesional"]}}]	13	1
1518	2026-02-08 17:01:57.602723+00	1387	2026-02-23 10:30:00 - Alana Genesis Mamanillo Quispe (1 años) - ESTIMULACION TEMPRANA - Bs. 50.00	2	[{"changed": {"fields": ["Profesional"]}}]	13	1
1519	2026-02-08 17:02:23.432648+00	1384	2026-02-12 10:30:00 - Alana Genesis Mamanillo Quispe (1 años) - ESTIMULACION TEMPRANA - Bs. 50.00	3		13	1
1520	2026-02-08 17:02:23.43271+00	1386	2026-02-19 10:30:00 - Alana Genesis Mamanillo Quispe (1 años) - ESTIMULACION TEMPRANA - Bs. 50.00	3		13	1
1521	2026-02-08 17:02:23.432752+00	1388	2026-02-26 10:30:00 - Alana Genesis Mamanillo Quispe (1 años) - ESTIMULACION TEMPRANA - Bs. 50.00	3		13	1
1522	2026-02-08 17:03:27.542053+00	1383	2026-02-09 10:30:00 - Alana Genesis Mamanillo Quispe (1 años) - ESTIMULACION TEMPRANA - Bs. 50.00	3		13	1
1523	2026-02-08 17:03:27.542117+00	1387	2026-02-23 10:30:00 - Alana Genesis Mamanillo Quispe (1 años) - ESTIMULACION TEMPRANA - Bs. 50.00	3		13	1
1524	2026-02-08 17:03:58.011917+00	10	MEN-0226-AL-001 - Alana Genesis Mamanillo Quispe (1 años) (Febrero 2026)	2	[{"added": {"name": "Servicio-Profesional", "object": "TERAPIA DE INTEGRACION SENSORIAL - Michelle Andrea"}}]	19	1
1525	2026-02-08 17:10:47.630744+00	836	2026-02-12 18:15:00 - Jair Dorian Albino Choque (4 años) - TERAPIA DE INTEGRACION SENSORIAL - Bs. 70.00	3		13	1
1526	2026-02-08 17:11:02.733781+00	837	2026-02-19 18:15:00 - Jair Dorian Albino Choque (4 años) - TERAPIA DE INTEGRACION SENSORIAL - Bs. 70.00	3		13	1
1527	2026-02-08 17:11:21.539179+00	838	2026-02-26 18:15:00 - Jair Dorian Albino Choque (4 años) - TERAPIA DE INTEGRACION SENSORIAL - Bs. 70.00	3		13	1
1528	2026-02-08 17:12:05.233305+00	1173	2026-02-12 18:15:00 - Gael Logan Velasquez Magne (5 años) - PSICOMOTRICIDAD - Bs. 50.00	2	[{"changed": {"fields": ["Profesional"]}}]	13	1
1529	2026-02-08 17:12:23.696647+00	1175	2026-02-19 18:15:00 - Gael Logan Velasquez Magne (5 años) - PSICOMOTRICIDAD - Bs. 50.00	2	[{"changed": {"fields": ["Profesional"]}}]	13	1
1530	2026-02-08 17:12:42.803067+00	1177	2026-02-26 18:15:00 - Gael Logan Velasquez Magne (5 años) - PSICOMOTRICIDAD - Bs. 50.00	2	[{"changed": {"fields": ["Profesional"]}}]	13	1
1531	2026-02-08 17:15:32.819899+00	12	MEN-0226-JA-001 - Jair Dorian Albino Choque (4 años) (Febrero 2026)	2	[{"added": {"name": "Servicio-Profesional", "object": "PSICOMOTRICIDAD - Ana Gabriela"}}]	19	1
1532	2026-02-08 17:19:13.102655+00	535	2026-02-06 16:00:00 - Rommel Javier Blanco Choque (4 años) - PSICOMOTRICIDAD - Bs. 50.00	2	[{"changed": {"fields": ["Profesional"]}}]	13	1
1533	2026-02-08 17:19:30.590639+00	536	2026-02-13 16:00:00 - Rommel Javier Blanco Choque (4 años) - PSICOMOTRICIDAD - Bs. 50.00	2	[{"changed": {"fields": ["Profesional"]}}]	13	1
1534	2026-02-08 17:19:47.295091+00	537	2026-02-20 16:00:00 - Rommel Javier Blanco Choque (4 años) - PSICOMOTRICIDAD - Bs. 50.00	2	[{"changed": {"fields": ["Profesional"]}}]	13	1
1535	2026-02-08 17:20:04.30171+00	538	2026-02-27 16:00:00 - Rommel Javier Blanco Choque (4 años) - PSICOMOTRICIDAD - Bs. 50.00	2	[{"changed": {"fields": ["Profesional"]}}]	13	1
1536	2026-02-08 17:22:23.5042+00	427	2026-02-05 16:00:00 - Andre Fabricio Garnica Fernandez (4 años) - TERAPIA DE INTEGRACION SENSORIAL - Bs. 70.00	2	[{"changed": {"fields": ["Profesional"]}}]	13	1
1537	2026-02-08 17:22:47.505048+00	428	2026-02-12 16:00:00 - Andre Fabricio Garnica Fernandez (4 años) - TERAPIA DE INTEGRACION SENSORIAL - Bs. 70.00	2	[{"changed": {"fields": ["Profesional"]}}]	13	1
1538	2026-02-08 17:23:05.339169+00	429	2026-02-19 16:00:00 - Andre Fabricio Garnica Fernandez (4 años) - TERAPIA DE INTEGRACION SENSORIAL - Bs. 70.00	2	[{"changed": {"fields": ["Profesional"]}}]	13	1
1539	2026-02-08 17:23:24.614313+00	430	2026-02-26 16:00:00 - Andre Fabricio Garnica Fernandez (4 años) - TERAPIA DE INTEGRACION SENSORIAL - Bs. 70.00	2	[{"changed": {"fields": ["Profesional"]}}]	13	1
1540	2026-02-08 17:25:10.10722+00	559	2026-02-09 16:45:00 - Hanna Rashiel Merida Carata (2 años) - PSICOMOTRICIDAD - Bs. 50.00	2	[{"changed": {"fields": ["Servicio", "Profesional"]}}]	13	1
1541	2026-02-08 17:25:33.695242+00	567	2026-02-23 16:45:00 - Hanna Rashiel Merida Carata (2 años) - PSICOMOTRICIDAD - Bs. 50.00	2	[{"changed": {"fields": ["Servicio", "Profesional"]}}]	13	1
1542	2026-02-08 17:26:05.439623+00	562	2026-02-12 16:45:00 - Hanna Rashiel Merida Carata (2 años) - PSICOMOTRICIDAD - Bs. 50.00	2	[{"changed": {"fields": ["Servicio", "Profesional"]}}]	13	1
1543	2026-02-08 17:26:24.415758+00	566	2026-02-19 16:45:00 - Hanna Rashiel Merida Carata (2 años) - PSICOMOTRICIDAD - Bs. 50.00	2	[{"changed": {"fields": ["Servicio", "Profesional"]}}]	13	1
1544	2026-02-08 17:26:46.011304+00	570	2026-02-26 16:45:00 - Hanna Rashiel Merida Carata (2 años) - PSICOMOTRICIDAD - Bs. 50.00	2	[{"changed": {"fields": ["Servicio", "Profesional"]}}]	13	1
1545	2026-02-08 17:27:23.097542+00	571	2026-02-06 11:15:00 - Hanna Rashiel Merida Carata (2 años) - PSICOMOTRICIDAD - Bs. 50.00	2	[{"changed": {"fields": ["Servicio", "Profesional"]}}]	13	1
1546	2026-02-08 17:27:41.317372+00	572	2026-02-13 11:15:00 - Hanna Rashiel Merida Carata (2 años) - PSICOMOTRICIDAD - Bs. 50.00	2	[{"changed": {"fields": ["Servicio", "Profesional"]}}]	13	1
1547	2026-02-08 17:28:03.913213+00	574	2026-02-27 11:15:00 - Hanna Rashiel Merida Carata (2 años) - PSICOMOTRICIDAD - Bs. 50.00	2	[{"changed": {"fields": ["Servicio", "Profesional"]}}]	13	1
1548	2026-02-08 17:31:51.600663+00	465	2026-02-09 15:15:00 - Mateo Benjamin Coro Astete (3 años) - TERAPIA DE INTEGRACION SENSORIAL - Bs. 70.00	2	[{"changed": {"fields": ["Profesional"]}}]	13	1
1549	2026-02-08 17:32:17.516723+00	469	2026-02-23 15:15:00 - Mateo Benjamin Coro Astete (3 años) - TERAPIA DE INTEGRACION SENSORIAL - Bs. 70.00	2	[{"changed": {"fields": ["Profesional"]}}]	13	1
1550	2026-02-08 17:54:43.73006+00	1539	2026-02-13 09:45:00 - Anya Valentina Palenque Corico (3 años) - PSICOMOTRICIDAD - Bs. 50.00	3		13	1
1551	2026-02-08 17:55:01.29322+00	1540	2026-02-20 09:45:00 - Anya Valentina Palenque Corico (3 años) - PSICOMOTRICIDAD - Bs. 50.00	2	[]	13	1
1552	2026-02-08 17:55:10.732146+00	1540	2026-02-20 09:45:00 - Anya Valentina Palenque Corico (3 años) - PSICOMOTRICIDAD - Bs. 50.00	3		13	1
1553	2026-02-08 17:55:28.830454+00	1541	2026-02-27 09:45:00 - Anya Valentina Palenque Corico (3 años) - PSICOMOTRICIDAD - Bs. 50.00	3		13	1
1554	2026-02-08 17:56:27.892586+00	334	2026-02-13 09:45:00 - Cristopher Robert Venegas Morales (4 años) - TERAPIA DE INTEGRACION SENSORIAL - Bs. 70.00	2	[{"changed": {"fields": ["Profesional"]}}]	13	1
1555	2026-02-08 17:56:46.506992+00	336	2026-02-20 09:45:00 - Cristopher Robert Venegas Morales (4 años) - TERAPIA DE INTEGRACION SENSORIAL - Bs. 70.00	2	[{"changed": {"fields": ["Profesional"]}}]	13	1
1556	2026-02-08 17:57:04.190864+00	338	2026-02-27 09:45:00 - Cristopher Robert Venegas Morales (4 años) - TERAPIA DE INTEGRACION SENSORIAL - Bs. 70.00	2	[{"changed": {"fields": ["Profesional"]}}]	13	1
1557	2026-02-08 17:59:38.408255+00	338	2026-02-27 09:45:00 - Cristopher Robert Venegas Morales (4 años) - TERAPIA DE INTEGRACION SENSORIAL - Bs. 70.00	2	[]	13	1
1559	2026-02-09 19:47:16.494429+00	2108	2026-02-10 09:30:00 - Limber Fabian Quispe Portillo (0 años) - EVAL 07 FISIOTERAPIA Y REHABILITACION - Bs. 200.00	3		13	1
1560	2026-02-09 20:07:07.901469+00	2109	2026-02-13 16:45:00 - Kaleb Zabdiel Huaranca Taca (6 años) - EVAL 02 PSICOLOGIA - Bs. 300.00	3		13	1
1562	2026-02-09 23:22:03.778474+00	41	JHULYPATRICIA@2026	2	[{"changed": {"fields": ["First name", "Last name", "Active", "Staff status", "Last login", "Date joined"]}}]	4	1
1563	2026-02-09 23:25:52.15889+00	41	JHULYPATRICIA@2026	2	[{"changed": {"fields": ["password"]}}]	4	1
1564	2026-02-09 23:28:22.529134+00	14	Coro Veliz, Jhuly Patricia	2	[{"changed": {"fields": ["User"]}}]	14	1
1566	2026-02-09 23:30:35.592938+00	40	JHULYPATRICIA@2026 - Profesional	2	[{"changed": {"fields": ["Rol", "Profesional", "Sucursales"]}}]	7	1
1567	2026-02-10 19:34:06.33502+00	2137	2026-02-11 14:30:00 - Samir Alessandro Villca Duran (4 años) - TERAPIA DE LENGUAJE/FONOAUDIOLOGIA - Bs. 70.00	3		13	1
1568	2026-02-10 19:34:06.335096+00	2134	2026-02-12 14:30:00 - Samir Alessandro Villca Duran (4 años) - PSICOLOGIA INFANTIL - Bs. 70.00	3		13	1
1569	2026-02-10 19:34:06.335151+00	2130	2026-02-13 15:15:00 - Samir Alessandro Villca Duran (4 años) - PSICOLOGIA INFANTIL - Bs. 70.00	3		13	1
1570	2026-02-10 19:34:06.335202+00	2138	2026-02-16 14:30:00 - Samir Alessandro Villca Duran (4 años) - TERAPIA DE LENGUAJE/FONOAUDIOLOGIA - Bs. 70.00	3		13	1
1571	2026-02-10 19:34:06.335289+00	2139	2026-02-18 14:30:00 - Samir Alessandro Villca Duran (4 años) - TERAPIA DE LENGUAJE/FONOAUDIOLOGIA - Bs. 70.00	3		13	1
1572	2026-02-10 19:34:06.335345+00	2135	2026-02-19 14:30:00 - Samir Alessandro Villca Duran (4 años) - PSICOLOGIA INFANTIL - Bs. 70.00	3		13	1
1573	2026-02-10 19:34:06.335395+00	2131	2026-02-20 15:15:00 - Samir Alessandro Villca Duran (4 años) - PSICOLOGIA INFANTIL - Bs. 70.00	3		13	1
1574	2026-02-10 19:34:06.335442+00	2140	2026-02-23 14:30:00 - Samir Alessandro Villca Duran (4 años) - TERAPIA DE LENGUAJE/FONOAUDIOLOGIA - Bs. 70.00	3		13	1
1575	2026-02-10 19:34:06.335489+00	2141	2026-02-25 14:30:00 - Samir Alessandro Villca Duran (4 años) - TERAPIA DE LENGUAJE/FONOAUDIOLOGIA - Bs. 70.00	3		13	1
1576	2026-02-10 19:34:06.335538+00	2136	2026-02-26 14:30:00 - Samir Alessandro Villca Duran (4 años) - PSICOLOGIA INFANTIL - Bs. 70.00	3		13	1
1577	2026-02-10 19:34:06.335588+00	2132	2026-02-27 15:15:00 - Samir Alessandro Villca Duran (4 años) - PSICOLOGIA INFANTIL - Bs. 70.00	3		13	1
1579	2026-02-11 23:07:12.235277+00	2195	2026-02-17 09:00:00 - Alison Mishel Lopez Ramos (7 años) - PSICOLOGIA INFANTIL - Bs. 70.00	3		13	1
1580	2026-02-11 23:07:12.235328+00	2196	2026-02-24 09:00:00 - Alison Mishel Lopez Ramos (7 años) - PSICOLOGIA INFANTIL - Bs. 70.00	3		13	1
1581	2026-02-11 23:21:24.932054+00	1750	2026-02-09 16:00:00 - Abel Fernando Mamani Castro (11 años) - PSICOLOGIA ADOLESCENTES - Bs. 70.00	3		13	1
1582	2026-02-11 23:21:24.932101+00	1757	2026-02-09 17:00:00 - Abel Fernando Mamani Castro (11 años) - PSICOPEDAGOGIA - Bs. 50.00	3		13	1
1583	2026-02-11 23:22:01.004991+00	1754	2026-02-23 16:00:00 - Abel Fernando Mamani Castro (11 años) - PSICOLOGIA ADOLESCENTES - Bs. 70.00	3		13	1
1584	2026-02-11 23:22:01.005042+00	1761	2026-02-23 17:00:00 - Abel Fernando Mamani Castro (11 años) - PSICOPEDAGOGIA - Bs. 50.00	3		13	1
1585	2026-02-11 23:22:44.232485+00	342	2026-02-14 09:00:00 - Cristopher Robert Venegas Morales (4 años) - PSICOPEDAGOGIA - Bs. 50.00	3		13	1
1586	2026-02-11 23:22:44.232536+00	326	2026-02-14 10:00:00 - Cristopher Robert Venegas Morales (4 años) - TERAPIA DE LENGUAJE/FONOAUDIOLOGIA - Bs. 70.00	3		13	1
1587	2026-02-11 23:23:08.843+00	344	2026-02-21 09:00:00 - Cristopher Robert Venegas Morales (4 años) - PSICOPEDAGOGIA - Bs. 50.00	3		13	1
1588	2026-02-11 23:23:08.843047+00	328	2026-02-21 10:00:00 - Cristopher Robert Venegas Morales (4 años) - TERAPIA DE LENGUAJE/FONOAUDIOLOGIA - Bs. 70.00	3		13	1
1589	2026-02-11 23:23:26.041045+00	346	2026-02-28 09:00:00 - Cristopher Robert Venegas Morales (4 años) - PSICOPEDAGOGIA - Bs. 50.00	3		13	1
1590	2026-02-11 23:23:26.041116+00	330	2026-02-28 10:00:00 - Cristopher Robert Venegas Morales (4 años) - TERAPIA DE LENGUAJE/FONOAUDIOLOGIA - Bs. 70.00	3		13	1
1591	2026-02-11 23:32:39.305063+00	2202	2026-02-12 09:30:00 - Cristopher Robert Venegas Morales (4 años) - TERAPIA DE LENGUAJE/FONOAUDIOLOGIA - Bs. 70.00	2	[{"changed": {"fields": ["Hora inicio", "Hora fin"]}}]	13	1
1592	2026-02-11 23:33:02.903944+00	2203	2026-02-19 09:30:00 - Cristopher Robert Venegas Morales (4 años) - TERAPIA DE LENGUAJE/FONOAUDIOLOGIA - Bs. 70.00	2	[{"changed": {"fields": ["Hora inicio", "Hora fin"]}}]	13	1
1593	2026-02-11 23:33:24.409474+00	2204	2026-02-26 09:30:00 - Cristopher Robert Venegas Morales (4 años) - TERAPIA DE LENGUAJE/FONOAUDIOLOGIA - Bs. 70.00	2	[{"changed": {"fields": ["Hora inicio", "Hora fin"]}}]	13	1
1594	2026-02-12 14:52:55.034469+00	2189	2026-02-16 09:00:00 - Alison Mishel Lopez Ramos (7 años) - APOYO ESCOLAR - Bs. 20.00	3		13	1
1595	2026-02-12 14:52:55.034547+00	2078	2026-02-16 09:45:00 - Liam Mateo Zelaya Espinoza (1 años) - TERAPIA DE INTEGRACION SENSORIAL - Bs. 70.00	3		13	1
1596	2026-02-12 14:52:55.034594+00	2150	2026-02-16 14:30:00 - Samir Alessandro Villca Duran (4 años) - APOYO ESCOLAR - Bs. 20.00	3		13	1
1597	2026-02-12 14:52:55.034622+00	2154	2026-02-16 15:15:00 - Samir Alessandro Villca Duran (4 años) - PSICOLOGIA INFANTIL - Bs. 70.00	3		13	1
1598	2026-02-12 14:53:11.812217+00	2197	2026-02-17 09:00:00 - Alison Mishel Lopez Ramos (7 años) - PSICOPEDAGOGIA - Bs. 50.00	3		13	1
1599	2026-02-12 14:53:11.812276+00	2079	2026-02-17 09:45:00 - Liam Mateo Zelaya Espinoza (1 años) - TERAPIA DE INTEGRACION SENSORIAL - Bs. 70.00	3		13	1
1600	2026-02-12 14:53:11.812305+00	2160	2026-02-17 14:30:00 - Samir Alessandro Villca Duran (4 años) - PSICOLOGIA INFANTIL - Bs. 70.00	3		13	1
1601	2026-02-12 14:53:11.81233+00	2147	2026-02-17 15:30:00 - Samir Alessandro Villca Duran (4 años) - PSICOPEDAGOGIA - Bs. 50.00	3		13	1
\.


--
-- Data for Name: django_content_type; Type: TABLE DATA; Schema: public; Owner: centro_misael_user
--

COPY public.django_content_type (id, app_label, model) FROM stdin;
1	admin	logentry
2	auth	group
3	auth	permission
4	auth	user
5	contenttypes	contenttype
6	sessions	session
7	core	perfilusuario
8	pacientes	paciente
9	pacientes	pacienteservicio
10	servicios	sucursal
11	servicios	tiposervicio
12	agenda	proyecto
13	agenda	sesion
14	profesionales	profesional
15	facturacion	cuentacorriente
16	facturacion	factura
17	facturacion	metodopago
18	facturacion	pago
19	agenda	mensualidad
20	agenda	servicioprofesionalmensualidad
\.


--
-- Data for Name: django_migrations; Type: TABLE DATA; Schema: public; Owner: centro_misael_user
--

COPY public.django_migrations (id, app, name, applied) FROM stdin;
1	contenttypes	0001_initial	2025-12-26 23:45:47.847545+00
2	auth	0001_initial	2025-12-26 23:45:48.970923+00
3	admin	0001_initial	2025-12-26 23:45:49.232799+00
4	admin	0002_logentry_remove_auto_add	2025-12-26 23:45:49.270656+00
5	admin	0003_logentry_add_action_flag_choices	2025-12-26 23:45:49.367839+00
6	servicios	0001_initial	2025-12-26 23:45:49.753663+00
7	profesionales	0001_initial	2025-12-26 23:45:50.431748+00
8	pacientes	0001_initial	2025-12-26 23:45:51.04136+00
9	agenda	0001_initial	2025-12-26 23:45:52.639916+00
10	agenda	0002_alter_sesion_monto_cobrado	2025-12-26 23:45:52.685957+00
11	contenttypes	0002_remove_content_type_name	2025-12-26 23:45:52.887739+00
12	auth	0002_alter_permission_name_max_length	2025-12-26 23:45:53.045266+00
13	auth	0003_alter_user_email_max_length	2025-12-26 23:45:53.232332+00
14	auth	0004_alter_user_username_opts	2025-12-26 23:45:53.306446+00
15	auth	0005_alter_user_last_login_null	2025-12-26 23:45:53.473604+00
16	auth	0006_require_contenttypes_0002	2025-12-26 23:45:53.534165+00
17	auth	0007_alter_validators_add_error_messages	2025-12-26 23:45:53.637382+00
18	auth	0008_alter_user_username_max_length	2025-12-26 23:45:53.801211+00
19	auth	0009_alter_user_last_name_max_length	2025-12-26 23:45:53.938194+00
20	auth	0010_alter_group_name_max_length	2025-12-26 23:45:54.075684+00
21	auth	0011_update_proxy_permissions	2025-12-26 23:45:54.153472+00
22	auth	0012_alter_user_first_name_max_length	2025-12-26 23:45:54.320217+00
23	core	0001_initial	2025-12-26 23:45:54.757291+00
24	facturacion	0001_initial	2025-12-26 23:45:56.471677+00
25	facturacion	0002_alter_pago_numero_recibo_and_more	2025-12-26 23:45:56.757848+00
26	facturacion	0003_alter_pago_monto	2025-12-26 23:45:56.867913+00
27	pacientes	0002_alter_pacienteservicio_options_and_more	2025-12-26 23:45:57.615894+00
28	sessions	0001_initial	2025-12-26 23:45:57.842461+00
29	core	0002_perfilusuario_paciente_alter_perfilusuario_rol	2026-01-14 22:33:25.274349+00
30	pacientes	0003_paciente_email_tutor_2_paciente_nombre_tutor_2_and_more	2026-01-14 22:33:25.668104+00
31	pacientes	0004_paciente_foto	2026-01-14 22:33:25.901714+00
32	profesionales	0002_profesional_foto	2026-01-14 22:33:26.092876+00
33	facturacion	0004_pago_pago_paciente_anulado_idx_and_more	2026-01-15 00:31:23.895461+00
34	facturacion	0005_cuentacorriente_facturacion_pacient_64f5b6_idx	2026-01-16 03:24:14.778716+00
35	pacientes	0005_paciente_user	2026-01-17 05:10:40.097735+00
36	servicios	0002_sucursal_email	2026-01-17 05:10:40.270696+00
37	agenda	0003_sesion_editada_por_profesional_and_more	2026-01-19 23:21:57.031247+00
38	agenda	0004_mensualidad_sesion_mensualidad_and_more	2026-01-25 12:07:41.758816+00
39	agenda	0005_remove_mensualidad_dias_semana_and_more	2026-01-25 12:07:41.983734+00
40	agenda	0006_alter_mensualidad_codigo	2026-01-25 12:07:42.109151+00
41	facturacion	0006_remove_pago_pago_sesion_o_proyecto_o_ninguno_and_more	2026-01-25 12:07:42.519927+00
42	servicios	0003_tiposervicio_precio_mensual_and_more	2026-01-25 12:07:42.643099+00
43	servicios	0004_tiposervicio_precio_proyecto	2026-01-25 12:07:42.780152+00
44	agenda	0007_servicioprofesionalmensualidad_and_more	2026-01-28 03:44:36.208639+00
45	agenda	0008_mensualidad_unique_paciente_periodo	2026-01-28 03:44:36.231274+00
46	facturacion	0007_pago_tipo_operacion_pago_pago_tipo_op_anulado_idx	2026-02-01 05:19:35.406949+00
\.


--
-- Data for Name: django_session; Type: TABLE DATA; Schema: public; Owner: centro_misael_user
--

COPY public.django_session (session_key, session_data, expire_date) FROM stdin;
tu8ssd6po6u8r5wj8nvcal8u4ngt7qa0	.eJxVjDkOwjAUBe_iGllecHAo6TmD9TfjALKlOKkQd4dIKaB9M_NeKsG6lLR2mdPE6qysOvxuCPSQugG-Q701Ta0u84R6U_ROu742ludld_8OCvTyrUfJ7gg-o_NBIMdAHG0GjACWgwHH2WE4URCLJH5EZ9lEEkNuAIZBvT8Z0Tlk:1vjgN9:HlQNRiAcv6Y2ntMFNti-ZiB4xVjSxLM4oU4bNj5nRuQ	2026-02-07 16:20:27.841617+00
kjr3y9mkh7izv850rg5p70vpexjcmc5e	.eJxVjDkOwjAUBe_iGllecHAo6TmD9TfjALKlOKkQd4dIKaB9M_NeKsG6lLR2mdPE6qysOvxuCPSQugG-Q701Ta0u84R6U_ROu742ludld_8OCvTyrUfJ7gg-o_NBIMdAHG0GjACWgwHH2WE4URCLJH5EZ9lEEkNuAIZBvT8Z0Tlk:1viYTL:4A0wzeYQgz_ozc8Lx9GF9pxzGHjYAgVi8GPo6R0GKZM	2026-02-04 13:42:11.968025+00
kohrmz6rf0ut3qy9pys1yaeifg3cvq9t	.eJxVjEEOwiAQRe_C2hCmhZZx6d4zkAEGqRpISrsy3l1JutDdz38v7yUc7Vt2e-PVLVGcBYA4_Z6ewoNLJ_FO5VZlqGVbFy-7Ig_a5LVGfl4O9y-QqeXeHbxVaBi0mSgmGzV4HDVj-m4bNE80oAVEHJXCmRk1BKAxBSIwM4j3B_ijN7g:1vj2Oi:xrWHZlYfzXlQLYr7MUmmSMKahWt6ByrhsMlORWFgr0s	2026-02-05 21:39:24.379579+00
ok0ebtwji9g7afn1h9j8flzu9jy15f6x	.eJxVjDkOwjAUBe_iGllecHAo6TmD9TfjALKlOKkQd4dIKaB9M_NeKsG6lLR2mdPE6qysOvxuCPSQugG-Q701Ta0u84R6U_ROu742ludld_8OCvTyrUfJ7gg-o_NBIMdAHG0GjACWgwHH2WE4URCLJH5EZ9lEEkNuAIZBvT8Z0Tlk:1vloFn:J01a36KjHub7Y9Eea4xfI4pXwdnxX8fkJc3tVXSDDQo	2026-02-13 13:09:39.588091+00
lcdzygkzcxivy57cjb27iogr0c9xbc2e	.eJxVjMsOwiAURP-FtSEUEFuX7vsN5HIfUjWQlHZl_HfbpAvdTeacmbeKsC45ro3nOJG6KqtOv10CfHLZAT2g3KvGWpZ5SnpX9EGbHivx63a4fwcZWt7WwYgdXCeDeEgOGcPFGHIkhK6nLQMBntlT8F0gbz2KScJg0Zk-EKvPF_48ON4:1vZIMp:QeXxp8ipebKqyXUDbOLm_dUik34MBhZTc0aeOxdVYoY	2026-01-10 00:41:11.497941+00
og88bzl9omwgrhyc29fmj3b0orhp21wz	.eJxVjDkOwjAUBe_iGllecHAo6TmD9TfjALKlOKkQd4dIKaB9M_NeKsG6lLR2mdPE6qysOvxuCPSQugG-Q701Ta0u84R6U_ROu742ludld_8OCvTyrUfJ7gg-o_NBIMdAHG0GjACWgwHH2WE4URCLJH5EZ9lEEkNuAIZBvT8Z0Tlk:1vZJqB:aqT_G5WsN3aaQMdh08p547na4jaSg7-RxUcZ6tLKips	2026-01-10 02:15:35.852902+00
xr0yr6jqvi91q2167zmsz1n9wb1ctnku	.eJxVjDsOwyAQBe9CHSHBsnxSps8Z0GLY4CTCkrErK3ePLblI2jczbxOR1qXGtZc5jllchdLi8jsmGl6lHSQ_qT0mOUxtmcckD0WetMv7lMv7drp_B5V63WtnwYJBjaSNZ7YFFTifs2UD6Bm808oAcaCidxOT54CheCZUhODE5wvXCjcK:1vjfG8:2J7HlSCj96DXblzINp0B-kSvJszy3fz5vKtb2EvezUY	2026-02-07 15:09:08.068491+00
ek91fvuvp8dz3nm8xmanwrj0sqkqh1b5	.eJxVjDkOwjAUBe_iGllecHAo6TmD9TfjALKlOKkQd4dIKaB9M_NeKsG6lLR2mdPE6qysOvxuCPSQugG-Q701Ta0u84R6U_ROu742ludld_8OCvTyrUfJ7gg-o_NBIMdAHG0GjACWgwHH2WE4URCLJH5EZ9lEEkNuAIZBvT8Z0Tlk:1vloFq:-QTfQfsMUeYyVWg-1pdxbmQiO0C8qnq311XWXvUEHE0	2026-02-13 13:09:42.89203+00
sqcs3j0p2vdt6u8jimqkpzyobtmbdsr5	.eJxVjMsOwiAURP-FtSEUEFuX7vsN5HIfUjWQlHZl_HfbpAvdTeacmbeKsC45ro3nOJG6KqtOv10CfHLZAT2g3KvGWpZ5SnpX9EGbHivx63a4fwcZWt7WwYgdXCeDeEgOGcPFGHIkhK6nLQMBntlT8F0gbz2KScJg0Zk-EKvPF_48ON4:1vamkX:faO68jRuSYUGgLisNoI7L4bsG1onPQADl4Iv25szADo	2026-01-14 03:19:49.219089+00
7tcs551k5w4gc32t5v6oubbtdi03jmjw	.eJxVjDkOwjAUBe_iGllecHAo6TmD9TfjALKlOKkQd4dIKaB9M_NeKsG6lLR2mdPE6qysOvxuCPSQugG-Q701Ta0u84R6U_ROu742ludld_8OCvTyrUfJ7gg-o_NBIMdAHG0GjACWgwHH2WE4URCLJH5EZ9lEEkNuAIZBvT8Z0Tlk:1vamoz:9IFD1Fj4WNJSsTDw-wpVbJc3dJMu2726Zc-dDJH3-io	2026-01-14 03:24:25.389337+00
iz9zxqkp6fttyylftc1sekhoreprtngp	.eJxVjDkOwjAUBe_iGllecHAo6TmD9TfjALKlOKkQd4dIKaB9M_NeKsG6lLR2mdPE6qysOvxuCPSQugG-Q701Ta0u84R6U_ROu742ludld_8OCvTyrUfJ7gg-o_NBIMdAHG0GjACWgwHH2WE4URCLJH5EZ9lEEkNuAIZBvT8Z0Tlk:1vZLMY:24RzQSRYxEGVDcpDE_kB83RSYfyFrHJfpyR-K3VpJSo	2026-01-10 03:53:06.197745+00
9nm88duodogliio7g4d540zjv3o6zsgp	.eJxVjDkOwjAUBe_iGllecHAo6TmD9TfjALKlOKkQd4dIKaB9M_NeKsG6lLR2mdPE6qysOvxuCPSQugG-Q701Ta0u84R6U_ROu742ludld_8OCvTyrUfJ7gg-o_NBIMdAHG0GjACWgwHH2WE4URCLJH5EZ9lEEkNuAIZBvT8Z0Tlk:1vamyr:4YkNF8Wt58GvC4DCBDZFTtpLI4-K04orjpIaXt51QH8	2026-01-14 03:34:37.377865+00
14cgwjo8t2ks0kz4nlggxn8y99k5w983	.eJxVjDkOwjAUBe_iGllecHAo6TmD9TfjALKlOKkQd4dIKaB9M_NeKsG6lLR2mdPE6qysOvxuCPSQugG-Q701Ta0u84R6U_ROu742ludld_8OCvTyrUfJ7gg-o_NBIMdAHG0GjACWgwHH2WE4URCLJH5EZ9lEEkNuAIZBvT8Z0Tlk:1vZLPZ:U_2q33sVy22WE7nR2pyj3Yg3i6F6PHLrIDIpxD_aBic	2026-01-10 03:56:13.268689+00
rmhx7g2mth6sddmerf0hx18cjcvzdq8m	.eJxVjDkOwjAUBe_iGllecHAo6TmD9TfjALKlOKkQd4dIKaB9M_NeKsG6lLR2mdPE6qysOvxuCPSQugG-Q701Ta0u84R6U_ROu742ludld_8OCvTyrUfJ7gg-o_NBIMdAHG0GjACWgwHH2WE4URCLJH5EZ9lEEkNuAIZBvT8Z0Tlk:1vZLUR:mSJuoDjpWUJcubvWhjTEWJqkBKeZduTUhJtSjHkmy4I	2026-01-10 04:01:15.871857+00
k3bw0gdag4a3q7w514vhrz3tc04np7dg	.eJxVjDkOwjAUBe_iGllecHAo6TmD9TfjALKlOKkQd4dIKaB9M_NeKsG6lLR2mdPE6qysOvxuCPSQugG-Q701Ta0u84R6U_ROu742ludld_8OCvTyrUfJ7gg-o_NBIMdAHG0GjACWgwHH2WE4URCLJH5EZ9lEEkNuAIZBvT8Z0Tlk:1vZOMy:7dLMXq5VxZ84iLZAjkzKKq3VImxhJt294vba_W3RmdE	2026-01-10 07:05:44.150353+00
nesufhywguopdz5fa71rttii4y5lzbuz	.eJxVjDkOwjAUBe_iGllecHAo6TmD9TfjALKlOKkQd4dIKaB9M_NeKsG6lLR2mdPE6qysOvxuCPSQugG-Q701Ta0u84R6U_ROu742ludld_8OCvTyrUfJ7gg-o_NBIMdAHG0GjACWgwHH2WE4URCLJH5EZ9lEEkNuAIZBvT8Z0Tlk:1vfJNn:_-LK1LrcJvYMdfKuZ6t-IngCNP6ZboP1omzVkL6W_mA	2026-01-26 14:59:03.073405+00
47xs028p3d1xsdniilo5ceycubafykc2	.eJxVjDkOwjAUBe_iGllecHAo6TmD9TfjALKlOKkQd4dIKaB9M_NeKsG6lLR2mdPE6qysOvxuCPSQugG-Q701Ta0u84R6U_ROu742ludld_8OCvTyrUfJ7gg-o_NBIMdAHG0GjACWgwHH2WE4URCLJH5EZ9lEEkNuAIZBvT8Z0Tlk:1vZehU:-3fAwOSyMqG8P-X1a61w7RVOEWtoy8QTNCTdQQh_bDQ	2026-01-11 00:32:00.601898+00
tthlqxbmqter2hylb892x0b5njra5dez	.eJxVjEEOwiAQRe_C2hCgDgWX7j0DGZhBqoYmpV0Z7y5NutDte-__twi4rSVsjZcwkbgIPYjTL4yYnlx3Qw-s91mmua7LFOWeyMM2eZuJX9ej_Tso2EpfM5-t0ZgIEihgrzySgk4AneHs7Yg6xpwjejYaeuUTEztykIfRKvH5AiBqOMg:1vfO7R:TcekwIw7jDpKASSD9pyOA8IWud0G68oDp9aKxozRjrE	2026-01-26 20:02:29.175851+00
2163di9a4rqcd7c7ljev8u8g06ef2lk6	.eJxVjDkOwjAUBe_iGllecHAo6TmD9TfjALKlOKkQd4dIKaB9M_NeKsG6lLR2mdPE6qysOvxuCPSQugG-Q701Ta0u84R6U_ROu742ludld_8OCvTyrUfJ7gg-o_NBIMdAHG0GjACWgwHH2WE4URCLJH5EZ9lEEkNuAIZBvT8Z0Tlk:1vZehX:2N8mzouRbgrF5vNZ9-k_pruR0YinwMU77x46HdM1rvk	2026-01-11 00:32:03.598712+00
l32h54ayep51tm4jk0bxuxxyu5cbvg19	.eJxVjDkOwjAUBe_iGllecHAo6TmD9TfjALKlOKkQd4dIKaB9M_NeKsG6lLR2mdPE6qysOvxuCPSQugG-Q701Ta0u84R6U_ROu742ludld_8OCvTyrUfJ7gg-o_NBIMdAHG0GjACWgwHH2WE4URCLJH5EZ9lEEkNuAIZBvT8Z0Tlk:1vZy41:lfHQ8ILG7xmuOPvRCdoTg1nQhAsC_5GoQFmKvnMf0Ag	2026-01-11 21:12:33.151686+00
6x2p7opsd6qrzb46yc921wcpjz728w8k	.eJxVjMEOwiAQRP-FsyEFukU8evcbyC7sStWUpLQn47_bJj3oaZJ5b-atIq5LiWvjOY5ZXdSgTr8dYXrytIP8wOledarTMo-kd0UftOlbzfy6Hu7fQcFWtjVA8MiUgxMhEA5gGNMgJJa5N11v89l5MHZL6JyxgZGMSAb0gROpzxcIMzjO:1vfO9D:fF2EfN8B9JNffZssijMVb4-PekvN4RU7W0bqSSJqijA	2026-01-26 20:04:19.931919+00
ogqip74sdlzdjqcry2y8ksxnu926u8g4	.eJxVjDkOwjAUBe_iGllecHAo6TmD9TfjALKlOKkQd4dIKaB9M_NeKsG6lLR2mdPE6qysOvxuCPSQugG-Q701Ta0u84R6U_ROu742ludld_8OCvTyrUfJ7gg-o_NBIMdAHG0GjACWgwHH2WE4URCLJH5EZ9lEEkNuAIZBvT8Z0Tlk:1va17T:BkO_r-1pBJOCmpR8UfIlEHruPeTmimU3bISvw4JZ8M4	2026-01-12 00:28:19.390965+00
0lvk9i3ad8ysxbu4rsebxgah5k9dapjp	.eJxVjDkOwjAUBe_iGllecHAo6TmD9TfjALKlOKkQd4dIKaB9M_NeKsG6lLR2mdPE6qysOvxuCPSQugG-Q701Ta0u84R6U_ROu742ludld_8OCvTyrUfJ7gg-o_NBIMdAHG0GjACWgwHH2WE4URCLJH5EZ9lEEkNuAIZBvT8Z0Tlk:1vgdlQ:aIJbRmCg_RS2TSEElsFXeu9RsEV-SdCCiy2bVGGn5Z0	2026-01-30 06:56:56.660586+00
c24jgs29zr2ypj0u37p1nyfl2zhmcngw	.eJxVjDsOwjAQBe_iGlne-CtKes5grddrHEC2FCcV4u4QKQW0b2beS0Tc1hq3wUucszgLcOL0OyakB7ed5Du2W5fU27rMSe6KPOiQ1575eTncv4OKo35r7wODRgza-mJs1tYgs3HFQQJv0KhQlAZiC-wmhayILBOwTipMAcT7A_sbN8M:1vfOJR:-_ttGnQdpqQhENVyGIP6kAtmYVF8w5ndz0E9Z-rPZZo	2026-01-26 20:14:53.265301+00
yhysi8koytm2s0rp0r8lt1gb0z8ffl34	.eJxVjMsOwiAQRf-FtSHAAAMu3fsNZHhUqgaS0q6M_65NutDtPefcFwu0rTVsoyxhzuzMpGCn3zFSepS2k3yndus89bYuc-S7wg86-LXn8rwc7t9BpVG_tdIOsxRqkkjWJNBCFwvCGyfRIRphFICfCiXlhSYF5HNKGqHEjEpb9v4Aw9I2sg:1vfef8:5JXkT5Sxmbw8T4sUEGD0xjqVEzjUMlLNHEX_kmPX8WY	2026-01-27 13:42:22.339894+00
o1o2p3465f9bw5bhqv8g0vt1e660dv70	.eJxVjEsKwjAUAO-StQSbJnl5Lt33DOV9oq1KCk27Eu8ugS50OzPM24y0b9O417yOs5qLCeb0y5jkmUsT-qByX6wsZVtnti2xh612WDS_rkf7N5ioTm0blZEduOhJ4EaIQVn65Nijeu2SdOj9WRIChJR8H7EDUEFGQM1kPl_bkjd7:1vffi0:jBjIZwEUMpow3o9V9ao8Ddc76nTRniZ_pUcgNLwf_uQ	2026-01-27 14:49:24.892627+00
zf5evmqidi091w0317qpilv8t5viocmx	.eJxVjLsOAiEURP-F2hBZHhcs7f0GAtyLrBpIlt3K-O-yyRbaTDHnzLyZD9ta_NZp8TOyCxOSnX7LGNKT6k7wEeq98dTqusyR7wo_aOe3hvS6Hu7fQQm9jHVOoIAwg9XRgXEyaHB65AAuopX5TAHQCZjQGIKUolWTUCSQLBjLPl8UPjg9:1vj2QH:X2cnFwMruVNw5E0__siW6YyrUfg1z-DxYUlHkFqFWqI	2026-02-05 21:41:01.240042+00
65xd81g0dz8e6wzo9i9un00a2uxkszse	.eJxVjMEOwiAQRP-FsyEFukU8evcbyC7sStWUpLQn47_bJj3oaZJ5b-atIq5LiWvjOY5ZXdSgTr8dYXrytIP8wOledarTMo-kd0UftOlbzfy6Hu7fQcFWtjVA8MiUgxMhEA5gGNMgJJa5N11v89l5MHZL6JyxgZGMSAb0gROpzxcIMzjO:1viaji:8xdRBr9Y4DULGP0FFqvRKsYc3meYOewvviDGUPpCyXM	2026-02-04 16:07:14.671732+00
8ekeewhekifmgv595jap9j4kp4w0trl2	.eJxVjMEOwiAQRP-FsyG7CBQ8evcbyMJSqRqalPZk_Hdp0oNmDpPMm5m3CLStJWwtL2FicRFOnH6zSOmZ6w74QfU-yzTXdZmi3CvyoE3eZs6v69H9OyjUSl_DCN4aHEbdnSGyVwqdj10EhtFaZ0GrhJijdgb1oM_kmclpxuRBfL61pja5:1vjfGt:fqoKZZk-8cq7eOpAKs1c8AaFxFFWAMtES-0yuhHB9pk	2026-02-07 15:09:55.212495+00
7cmwi9sfv80yyareswghze4kpx8k7bor	.eJxVjDEOwjAMRe-SGUWxE6UNIztniFzbJQWUSk07Ie4OlTrA-t97_2UybWvJW9MlT2LOBpw5_Y4D8UPrTuRO9TZbnuu6TIPdFXvQZq-z6PNyuH8HhVr51k5T6ruYgNhx5xkSpzGCBAYnQTUig5CX3iNhgFEJUUUZ0HuOiOb9AQPLOBw:1vnLH6:5HByi047Sxlz4eJqn-CvvCvhZZ2IrEd7g07TCNaEyNM	2026-02-17 18:37:20.104884+00
d5tg82zqnfofubozumqbo79tgpoan0ez	.eJxVjEEOwiAQRe_C2hAGKDgu3XsGMsAgVUOT0q6Md7dNutDtf-_9twi0LjWsnecwZnERYMXpd4yUntx2kh_U7pNMU1vmMcpdkQft8jZlfl0P9--gUq9bbbQHg2ow7KNSxpFXAF5zcQiJbVSuDLg5Z3Q5EoID9MkhazY2Ziri8wXJmTca:1vjfGx:LU8qc4Cgt5UXtpexuFIBHQpNk5HGt57Dz9JCJ7jMR4c	2026-02-07 15:09:59.11196+00
3vhc7m4w1sthzrxc0mcreo9sku1h4i2o	.eJxVjDsOwyAQBe9CHSHBsnxSps8Z0GLY4CTCkrErK3ePLblI2jczbxOR1qXGtZc5jllchdLi8jsmGl6lHSQ_qT0mOUxtmcckD0WetMv7lMv7drp_B5V63WtnwYJBjaSNZ7YFFTifs2UD6Bm808oAcaCidxOT54CheCZUhODE5wvXCjcK:1vokK4:15KXwXwAAvLJXkND5tcqDX8hxA5F_HlVVSJqfDsxHcg	2026-02-21 15:34:12.833009+00
y9y61jsi08sj36e44tv5nmzkso9yeivz	.eJxVjEEOwiAQRe_C2hAGKDgu3XsGMsAgVUOT0q6Md7dNutDtf-_9twi0LjWsnecwZnERYMXpd4yUntx2kh_U7pNMU1vmMcpdkQft8jZlfl0P9--gUq9bbbQHg2ow7KNSxpFXAF5zcQiJbVSuDLg5Z3Q5EoID9MkhazY2Ziri8wXJmTca:1vmth1:G9-0jpQQjBgbgWcNuagmM3MKpmrZ_jrVYQfACt-xm1w	2026-02-16 13:10:15.520006+00
wxa0h5utqeb087bfqs7vhww81xysywu7	.eJxVjEEOwiAQRe_C2hAGKDgu3XsGMsAgVUOT0q6Md7dNutDtf-_9twi0LjWsnecwZnERYMXpd4yUntx2kh_U7pNMU1vmMcpdkQft8jZlfl0P9--gUq9bbbQHg2ow7KNSxpFXAF5zcQiJbVSuDLg5Z3Q5EoID9MkhazY2Ziri8wXJmTca:1vnLI7:qpdNMCN0s42Lu8kZ5tBw7FJOm9JuiZx6f4yFlOg14u4	2026-02-17 18:38:23.123805+00
7wm9w465b6wj14yd8xwzzz6o4bt14qgs	.eJxVjEEOwiAQRe_C2hAGKDgu3XsGMsAgVUOT0q6Md7dNutDtf-_9twi0LjWsnecwZnERYMXpd4yUntx2kh_U7pNMU1vmMcpdkQft8jZlfl0P9--gUq9bbbQHg2ow7KNSxpFXAF5zcQiJbVSuDLg5Z3Q5EoID9MkhazY2Ziri8wXJmTca:1vqYGs:BHjhDauovLVm4RXlWkt6DclxpvWEk0AC7nieSS5vEtQ	2026-02-26 15:06:22.125714+00
ni3euv647rjaztbzwpae0qpkpcj3ln30	.eJxVjEEOwiAQRe_C2hAGKDgu3XsGMsAgVUOT0q6Md7dNutDtf-_9twi0LjWsnecwZnERYMXpd4yUntx2kh_U7pNMU1vmMcpdkQft8jZlfl0P9--gUq9bbbQHg2ow7KNSxpFXAF5zcQiJbVSuDLg5Z3Q5EoID9MkhazY2Ziri8wXJmTca:1vo0mX:8WKzaDJhDeuJ8LI7Qdv8t5snRfnOhzAe8K5hi5lWzIg	2026-02-19 14:56:33.514786+00
3dywzrbv0f6kotjjbpjt9gu3z24x49vi	.eJxVjDsOwyAQBe9CHSHBsnxSps8Z0GLY4CTCkrErK3ePLblI2jczbxOR1qXGtZc5jllchdLi8jsmGl6lHSQ_qT0mOUxtmcckD0WetMv7lMv7drp_B5V63WtnwYJBjaSNZ7YFFTifs2UD6Bm808oAcaCidxOT54CheCZUhODE5wvXCjcK:1vokK7:LlAgw1rNnE3fW9iNGp80GJEyEdCTb8ZkYs8jtQx1NBU	2026-02-21 15:34:15.576966+00
b2muaw7ltnq4m92pt5x11okhu42auauz	.eJxVjEEOwiAQRe_C2hAGKDgu3XsGMsAgVUOT0q6Md7dNutDtf-_9twi0LjWsnecwZnERYMXpd4yUntx2kh_U7pNMU1vmMcpdkQft8jZlfl0P9--gUq9bbbQHg2ow7KNSxpFXAF5zcQiJbVSuDLg5Z3Q5EoID9MkhazY2Ziri8wXJmTca:1vokQH:VvXLXurk5dzQxFHcafc2vlZDZtuK2-rrvct7fmi5V1c	2026-02-21 15:40:37.0755+00
n0getsysp798havmgat4j7qeznd4huvx	.eJxVjEEOwiAQRe_C2hAGKDgu3XsGMsAgVUOT0q6Md7dNutDtf-_9twi0LjWsnecwZnERYMXpd4yUntx2kh_U7pNMU1vmMcpdkQft8jZlfl0P9--gUq9bbbQHg2ow7KNSxpFXAF5zcQiJbVSuDLg5Z3Q5EoID9MkhazY2Ziri8wXJmTca:1vpR54:txYKXJs401W5bXhf6TQTrVUd8QWp3ravazWj-iEmMp0	2026-02-23 13:13:34.514955+00
wd6jcwyq1wc10hze1bq76iue2gddp6ik	.eJxVjEEOwiAQRe_C2hAGKDgu3XsGMsAgVUOT0q6Md7dNutDtf-_9twi0LjWsnecwZnERYMXpd4yUntx2kh_U7pNMU1vmMcpdkQft8jZlfl0P9--gUq9bbbQHg2ow7KNSxpFXAF5zcQiJbVSuDLg5Z3Q5EoID9MkhazY2Ziri8wXJmTca:1voAjP:o8BI47xnXojebGywrSGcUXnR3Rf8b_XlRCFOhkkNU2w	2026-02-20 01:33:59.704971+00
6q5mtasysnz2ayftjygzyf5d6o79je4k	.eJxVjEEOwiAQRe_C2hAGKDgu3XsGMsAgVUOT0q6Md7dNutDtf-_9twi0LjWsnecwZnERYMXpd4yUntx2kh_U7pNMU1vmMcpdkQft8jZlfl0P9--gUq9bbbQHg2ow7KNSxpFXAF5zcQiJbVSuDLg5Z3Q5EoID9MkhazY2Ziri8wXJmTca:1vokQK:N7MHafg9ALNM0-ncaBwpYQuNVnOVVawkVjt33v5aOHE	2026-02-21 15:40:40.075717+00
jq6m3syiagjl87thdjqxqqdlv6no8gj3	.eJxVjEEOwiAQRe_C2hAGKDgu3XsGMsAgVUOT0q6Md7dNutDtf-_9twi0LjWsnecwZnERYMXpd4yUntx2kh_U7pNMU1vmMcpdkQft8jZlfl0P9--gUq9bbbQHg2ow7KNSxpFXAF5zcQiJbVSuDLg5Z3Q5EoID9MkhazY2Ziri8wXJmTca:1voSQ2:jrBhBVtLFOTxQX9B7zno89-qrW7gifBUB-zk8DuQYIQ	2026-02-20 20:27:10.040087+00
gn848uyro4v9f6vjm5ukgpvgtl8jwqn2	.eJxVjDkOwjAUBe_iGllecHAo6TmD9TfjALKlOKkQd4dIKaB9M_NeKsG6lLR2mdPE6qysOvxuCPSQugG-Q701Ta0u84R6U_ROu742ludld_8OCvTyrUfJ7gg-o_NBIMdAHG0GjACWgwHH2WE4URCLJH5EZ9lEEkNuAIZBvT8Z0Tlk:1vnlKf:hnNuBIKqLUBiCLikaExh0dszOVa3PBLGmoCefoUuD18	2026-02-18 22:26:45.234897+00
l95vvgprkpe8tfyd3gcexiltxyv7jvh8	.eJxVjEEOwiAQRe_C2hAGKDgu3XsGMsAgVUOT0q6Md7dNutDtf-_9twi0LjWsnecwZnERYMXpd4yUntx2kh_U7pNMU1vmMcpdkQft8jZlfl0P9--gUq9bbbQHg2ow7KNSxpFXAF5zcQiJbVSuDLg5Z3Q5EoID9MkhazY2Ziri8wXJmTca:1vpp1O:tofraoFeY7eWJTTJWpxioc27vcqlWCjSO7WNsEKSFkE	2026-02-24 14:47:22.00232+00
7ssgz11dqoyutbtqa9gpb0c7y67p8czi	.eJxVjEEOwiAQRe_C2hAGKDgu3XsGMsAgVUOT0q6Md7dNutDtf-_9twi0LjWsnecwZnERYMXpd4yUntx2kh_U7pNMU1vmMcpdkQft8jZlfl0P9--gUq9bbbQHg2ow7KNSxpFXAF5zcQiJbVSuDLg5Z3Q5EoID9MkhazY2Ziri8wXJmTca:1vnlQM:aK9wku3WFzDjYnzoTbwXq2UXtneVx2aclOOgErO-B7c	2026-02-18 22:32:38.724085+00
jbsv3oo1jeq2gkc31dif4zwfyluw7wd6	.eJxVjDkOwjAUBe_iGllecHAo6TmD9TfjALKlOKkQd4dIKaB9M_NeKsG6lLR2mdPE6qysOvxuCPSQugG-Q701Ta0u84R6U_ROu742ludld_8OCvTyrUfJ7gg-o_NBIMdAHG0GjACWgwHH2WE4URCLJH5EZ9lEEkNuAIZBvT8Z0Tlk:1vnlkK:lqXWlxykjkzgZzIyit3xMFcNu1_GYXe5tV9rWDjIzUE	2026-02-18 22:53:16.537921+00
7rixfpe4isj42dn55yv942y2d1wz9g9w	.eJxVjEEOwiAQRe_C2hAGKDgu3XsGMsAgVUOT0q6Md7dNutDtf-_9twi0LjWsnecwZnERYMXpd4yUntx2kh_U7pNMU1vmMcpdkQft8jZlfl0P9--gUq9bbbQHg2ow7KNSxpFXAF5zcQiJbVSuDLg5Z3Q5EoID9MkhazY2Ziri8wXJmTca:1vnyth:mQHcThQo4Fx96ms8W5dlTEWvpBbE_LTmLBus1pvwBac	2026-02-19 12:55:49.945507+00
ne0umd2m1wscpygtt0k9zzrxit30b2de	.eJxVjEEOwiAQRe_C2hAGKDgu3XsGMsAgVUOT0q6Md7dNutDtf-_9twi0LjWsnecwZnERYMXpd4yUntx2kh_U7pNMU1vmMcpdkQft8jZlfl0P9--gUq9bbbQHg2ow7KNSxpFXAF5zcQiJbVSuDLg5Z3Q5EoID9MkhazY2Ziri8wXJmTca:1vnytk:Ns0U-bqpgoOCpZ6IvbxErTHSuUJ46B7QzzUbPA7SO-0	2026-02-19 12:55:52.440561+00
mr16hmcomcbt8mdkszu7settguegpvd1	.eJxVjDEOwjAMRe-SGUWxE6UNIztniFzbJQWUSk07Ie4OlTrA-t97_2UybWvJW9MlT2LOBpw5_Y4D8UPrTuRO9TZbnuu6TIPdFXvQZq-z6PNyuH8HhVr51k5T6ruYgNhx5xkSpzGCBAYnQTUig5CX3iNhgFEJUUUZ0HuOiOb9AQPLOBw:1voA3f:6dzaBzUp6nY3H-emHBJ7UUFIw3hOHM311KaevLkyHlw	2026-02-20 00:50:51.402261+00
x29jwf5qi4cvavhfp9yaa3k5qkuhgdsw	.eJxVjDkOwjAUBe_iGllecHAo6TmD9TfjALKlOKkQd4dIKaB9M_NeKsG6lLR2mdPE6qysOvxuCPSQugG-Q701Ta0u84R6U_ROu742ludld_8OCvTyrUfJ7gg-o_NBIMdAHG0GjACWgwHH2WE4URCLJH5EZ9lEEkNuAIZBvT8Z0Tlk:1voUaj:CU4SeYGkspPdnxuQx5mRT-Qr9LKp0fVS27oOhcHmQgw	2026-02-20 22:46:21.377782+00
gl4j2ceabwe3k77vs8sfver3d1jkxgg1	.eJxVjEEOwiAQRe_C2hAGKDgu3XsGMsAgVUOT0q6Md7dNutDtf-_9twi0LjWsnecwZnERYMXpd4yUntx2kh_U7pNMU1vmMcpdkQft8jZlfl0P9--gUq9bbbQHg2ow7KNSxpFXAF5zcQiJbVSuDLg5Z3Q5EoID9MkhazY2Ziri8wXJmTca:1voiAh:xfkMe3AfbFQeYPuL_VXP6UD52W7r9bv8uhEXTjoBUWw	2026-02-21 13:16:23.420864+00
8nt63jpq83di7vm4etc7ocoto6vlnz2l	.eJxVjEEOwiAQRe_C2hAGKDgu3XsGMsAgVUOT0q6Md7dNutDtf-_9twi0LjWsnecwZnERYMXpd4yUntx2kh_U7pNMU1vmMcpdkQft8jZlfl0P9--gUq9bbbQHg2ow7KNSxpFXAF5zcQiJbVSuDLg5Z3Q5EoID9MkhazY2Ziri8wXJmTca:1voiAk:4At3GRDs3JDgT2NQKNbA8xxJFiEZbVqZ2ixyqp9UU70	2026-02-21 13:16:26.408065+00
dbsuslebchfyvibf3pgr4q2hq3bf34ql	.eJxVjDkOwjAUBe_iGllecHAo6TmD9TfjALKlOKkQd4dIKaB9M_NeKsG6lLR2mdPE6qysOvxuCPSQugG-Q701Ta0u84R6U_ROu742ludld_8OCvTyrUfJ7gg-o_NBIMdAHG0GjACWgwHH2WE4URCLJH5EZ9lEEkNuAIZBvT8Z0Tlk:1vg9js:im9qfL82jpFEStm3AokJu0g4HZqyfGDx9buIJ-SK7Ew	2026-01-28 22:53:20.332073+00
x9hopc4u3zcslrt5y5i73famj6s7t68h	.eJxVjEEOwiAQRe_C2hAGKDgu3XsGMsAgVUOT0q6Md7dNutDtf-_9twi0LjWsnecwZnERYMXpd4yUntx2kh_U7pNMU1vmMcpdkQft8jZlfl0P9--gUq9bbbQHg2ow7KNSxpFXAF5zcQiJbVSuDLg5Z3Q5EoID9MkhazY2Ziri8wXJmTca:1vniza:HD9Apl1DNKYHsAxxBXKZruDBAd7lacOyqzUDPHFpN44	2026-02-18 19:56:50.292372+00
5u1573ntozn86umhpxirugp9st4g4518	.eJxVjDkOwjAUBe_iGllecHAo6TmD9TfjALKlOKkQd4dIKaB9M_NeKsG6lLR2mdPE6qysOvxuCPSQugG-Q701Ta0u84R6U_ROu742ludld_8OCvTyrUfJ7gg-o_NBIMdAHG0GjACWgwHH2WE4URCLJH5EZ9lEEkNuAIZBvT8Z0Tlk:1vpvNP:XLBdIFT8-j452SNsphD5OIPdWiadxcKBToMkuT1XPe0	2026-02-24 21:34:31.23209+00
lajw41cfqpox357eq2kso18huos4keeu	.eJxVjDkOwjAUBe_iGllecHAo6TmD9TfjALKlOKkQd4dIKaB9M_NeKsG6lLR2mdPE6qysOvxuCPSQugG-Q701Ta0u84R6U_ROu742ludld_8OCvTyrUfJ7gg-o_NBIMdAHG0GjACWgwHH2WE4URCLJH5EZ9lEEkNuAIZBvT8Z0Tlk:1vkwcB:XofbnjDBhiGZhulZGpMIXTkiaf3gy1yxzC25WBsiAJs	2026-02-11 03:53:11.968739+00
s3023cyyoliiiwj78viul1rz70xetd9t	.eJxVjDsOwyAQBe9CHSGw-aZM7zOg3QWCkwgkY1dR7h5bcpG0b2bemwXY1hK2npYwR3Zl0rLL74hAz1QPEh9Q741Tq-syIz8UftLOpxbT63a6fwcFetlr52jIpA2gh2QUOS1zGr30WWuRRRLoUcUdSq0sgbAjDZZslB6dN9KxzxcZ7Dgc:1vmucQ:f0MD0NH_2-NxcDQkA9tVQBfoAhbqWfrmZnXoTarjZgA	2026-02-16 14:09:34.820155+00
pggnvw41sqfin7l3icep4j9wneme1ygz	.eJxVjEEOwiAQRe_C2hAGKDgu3XsGMsAgVUOT0q6Md7dNutDtf-_9twi0LjWsnecwZnERYMXpd4yUntx2kh_U7pNMU1vmMcpdkQft8jZlfl0P9--gUq9bbbQHg2ow7KNSxpFXAF5zcQiJbVSuDLg5Z3Q5EoID9MkhazY2Ziri8wXJmTca:1vnUZt:pqIyZ9aYKZavzBuN_vFovn6JcVxo09eAxWHnQaZtu3E	2026-02-18 04:33:21.833322+00
w4u5llynemij607jvxml8mnzyqyj5ov4	.eJxVjDsOwyAQBe9CHSGw-aZM7zOg3QWCkwgkY1dR7h5bcpG0b2bemwXY1hK2npYwR3Zl0rLL74hAz1QPEh9Q741Tq-syIz8UftLOpxbT63a6fwcFetlr52jIpA2gh2QUOS1zGr30WWuRRRLoUcUdSq0sgbAjDZZslB6dN9KxzxcZ7Dgc:1vmucT:cWwqrPtT1JNhGQsDusyUjzr_xHbYqcldLSlx8N8058M	2026-02-16 14:09:37.524236+00
xf7mdm0xh8txtdte1yvg5dzwlenc8463	.eJxVjEEOwiAQRe_C2hAGKDgu3XsGMsAgVUOT0q6Md7dNutDtf-_9twi0LjWsnecwZnERYMXpd4yUntx2kh_U7pNMU1vmMcpdkQft8jZlfl0P9--gUq9bbbQHg2ow7KNSxpFXAF5zcQiJbVSuDLg5Z3Q5EoID9MkhazY2Ziri8wXJmTca:1vnUZw:nwHv7jlB-wFC5l1bsVemu5fyKnrfE2KARINHim-s6Ls	2026-02-18 04:33:24.381747+00
l6otfk8w5rjdb7kjqk78x2som5v0czki	.eJxVjDEOwjAMRe-SGUWxE6UNIztniFzbJQWUSk07Ie4OlTrA-t97_2UybWvJW9MlT2LOBpw5_Y4D8UPrTuRO9TZbnuu6TIPdFXvQZq-z6PNyuH8HhVr51k5T6ruYgNhx5xkSpzGCBAYnQTUig5CX3iNhgFEJUUUZ0HuOiOb9AQPLOBw:1vncd5:D2BM5UBlMHybYA94DppjFQrIBx6lZW7PXn_XUHf1KCc	2026-02-18 13:09:11.634593+00
q8cj2lxt80hd7c49k7feal61ra4zg6j3	.eJxVjEEOwiAQRe_C2hCmhZZx6d4zkAEGqRpISrsy3l1JutDdz38v7yUc7Vt2e-PVLVGcBYA4_Z6ewoNLJ_FO5VZlqGVbFy-7Ig_a5LVGfl4O9y-QqeXeHbxVaBi0mSgmGzV4HDVj-m4bNE80oAVEHJXCmRk1BKAxBSIwM4j3B_ijN7g:1vq0B8:3xte68Gw0Zs_QzkibKz8Gnq4a6qFzfaGLh663wyfV-s	2026-02-25 02:42:10.558643+00
x60oo6cu5y1kf1qyrouwmv4l6btr5078	.eJxVjEEOwiAQRe_C2hAGKDgu3XsGMsAgVUOT0q6Md7dNutDtf-_9twi0LjWsnecwZnERYMXpd4yUntx2kh_U7pNMU1vmMcpdkQft8jZlfl0P9--gUq9bbbQHg2ow7KNSxpFXAF5zcQiJbVSuDLg5Z3Q5EoID9MkhazY2Ziri8wXJmTca:1vpR57:Yhf5HGYNRKuTWHHVuSb9Whrkn9sG_Bog7uSNLKJ3Hf8	2026-02-23 13:13:37.025393+00
pzck1pixgxfyr5qa9hq9iokv74qo2ubq	.eJxVjEEOwiAQRe_C2hAGKDgu3XsGMsAgVUOT0q6Md7dNutDtf-_9twi0LjWsnecwZnERYMXpd4yUntx2kh_U7pNMU1vmMcpdkQft8jZlfl0P9--gUq9bbbQHg2ow7KNSxpFXAF5zcQiJbVSuDLg5Z3Q5EoID9MkhazY2Ziri8wXJmTca:1vo84z:pRmwJg9NvBvDxKzHI5DEjU3RNm91_v5palBOzbB7VEU	2026-02-19 22:44:05.583815+00
nyz2sjp870x68f9mxpslz32an3t4c6tj	.eJxVjDsOwyAQRO9CHSF7zTdlep8BAbsEJxFIxq6i3D1YcpFUI715M2_m_L5ltzda3YLsysCwyy8MPj6pHA0-fLlXHmvZ1iXwQ-Fn2_hckV630_07yL7lvp5wCp7IyGCDVHaCHhFIDkpYZVPSqAWZkYZo0UJHELWQIyaQ0igI7PMFDCM3pw:1voScg:Nue0b2tjfQGpSkJ2X3CVcMyc5QK5bjwSU_UKsYYpDn0	2026-02-20 20:40:14.03242+00
6yed8rw6jfg86i2ml4056c9bud9s0yw5	.eJxVjDsOwjAUBO_iGllxbOf5UdJzBmv9CQ4gR4qTCnF3iJQC2p2ZfQmPbS1-a3nxUxJnoVicfseA-Mh1J-mOeptlnOu6TEHuijxok9c55eflcP8OClr51g5wgyGKoI4taZs7Tg4cVFAEpuxgrBvQWwSlmaF7IDozwoyarBLvD_rPN7g:1vpR6n:usaSJQjewQX2DGY-S8APMUJLGJVWCsc6vrmEFskjWWM	2026-02-23 13:15:21.618455+00
or4pfnpj3uy4spmwqjk3l004ejxpd62e	.eJxVjDkOwjAUBe_iGlmOt8iU9JzB-ptxACVSnFQRd0eWUkD7ZuYdKsO-1bw3WfPE6qpcUpffEYFeMnfCT5gfi6Zl3tYJdVf0SZu-Lyzv2-n-HVRotdc2wBhN9GiQwJEbSCgNMRZrkB1RCBBLBC_OjYIcQjGekzAZtmJRfb4hbzkQ:1voSdY:eNNTdJvpUYOiCQhnMuSXTX8tMCHpXIxZH1VZhykRkVU	2026-02-20 20:41:08.336255+00
xdfmczkamieabg84f2a7qef2gvn5bbvb	.eJxVjDkOwjAUBe_iGlmOt8iU9JzB-ptxACVSnFQRd0eWUkD7ZuYdKsO-1bw3WfPE6qpcUpffEYFeMnfCT5gfi6Zl3tYJdVf0SZu-Lyzv2-n-HVRotdc2wBhN9GiQwJEbSCgNMRZrkB1RCBBLBC_OjYIcQjGekzAZtmJRfb4hbzkQ:1voSdb:_0wHSP_wk5naEz_3cqCSkpfspmUsxDN3t53aWdwd4TY	2026-02-20 20:41:11.040101+00
afxw258g4u1rju8wz5unmox6e099s42h	.eJxVjMEOwiAQRP-FsyG7CBQ8evcbyMJSqRqalPZk_Hdp0oNmDpPMm5m3CLStJWwtL2FicRFOnH6zSOmZ6w74QfU-yzTXdZmi3CvyoE3eZs6v69H9OyjUSl_DCN4aHEbdnSGyVwqdj10EhtFaZ0GrhJijdgb1oM_kmclpxuRBfL61pja5:1vmts6:uT9OSynuLk7b6FhAXv7JtQvaDO_50NmwpUQrZelsvRg	2026-02-16 13:21:42.132063+00
ijvp5uv8xq24ismr5piducz6gvyf1a86	.eJxVjMEOwiAQRP-FsyG7CBQ8evcbyMJSqRqalPZk_Hdp0oNmDpPMm5m3CLStJWwtL2FicRFOnH6zSOmZ6w74QfU-yzTXdZmi3CvyoE3eZs6v69H9OyjUSl_DCN4aHEbdnSGyVwqdj10EhtFaZ0GrhJijdgb1oM_kmclpxuRBfL61pja5:1vmttE:gs3BvFcsZQS0SsV0_0JocXww0M1H0sVzfHxWXPciscU	2026-02-16 13:22:52.515222+00
xnaqqe46cvo380ra5nhhzeuxb98agclf	.eJxVjLsOAiEURP-F2hBZHhcs7f0GAtyLrBpIlt3K-O-yyRbaTDHnzLyZD9ta_NZp8TOyCxOSnX7LGNKT6k7wEeq98dTqusyR7wo_aOe3hvS6Hu7fQQm9jHVOoIAwg9XRgXEyaHB65AAuopX5TAHQCZjQGIKUolWTUCSQLBjLPl8UPjg9:1voA5d:uWeVzi9Gke5uykxiZ4KUmNpFE4O1IWQIHlSUlIIzcbg	2026-02-20 00:52:53.301156+00
v171ttk7o65113p1q7qjk6v31rhxlvxh	.eJxVjDsOwjAQBe_iGln-xXYo6XMGa3e9wQHkSHFSIe5OIqWA9s3Me4sE21rS1nhJUxZXob24_I4I9OR6kPyAep8lzXVdJpSHIk_a5DBnft1O9--gQCt7TdHFqJXJOY5se2u5J2SOXQDSvvPBRrNjGoNzQSFqyxA0GgIfGBSJzxf_qDgD:1vojyd:bYM327kbLJS5AAq1CdrkVw62arri1cKKeK7MwJr9u4Y	2026-02-21 15:12:03.678465+00
exo49p99ht04hx8wq332cb0ctz2i8rbk	.eJxVjEEOwiAQRe_C2hAGKDgu3XsGMsAgVUOT0q6Md7dNutDtf-_9twi0LjWsnecwZnERYMXpd4yUntx2kh_U7pNMU1vmMcpdkQft8jZlfl0P9--gUq9bbbQHg2ow7KNSxpFXAF5zcQiJbVSuDLg5Z3Q5EoID9MkhazY2Ziri8wXJmTca:1vpp1Q:tbiTOojAnpOC7B6xstW_Sewi7ovf3f-8u1wal6Td4ic	2026-02-24 14:47:24.706692+00
u1i26o9woup1lryq72ud9pdrpxz446m4	.eJxVjMEOwiAQRP-FsyEFukU8evcbyC7sStWUpLQn47_bJj3oaZJ5b-atIq5LiWvjOY5ZXdSgTr8dYXrytIP8wOledarTMo-kd0UftOlbzfy6Hu7fQcFWtjVA8MiUgxMhEA5gGNMgJJa5N11v89l5MHZL6JyxgZGMSAb0gROpzxcIMzjO:1vpp31:cVkr2xWXd_MpC_sT5BTJ9RSXdzOjnObtakMMvTFQgyI	2026-02-24 14:49:03.403622+00
92abz2itbgc8rikiad42sgqbaw4k9amp	.eJxVjDkOwjAUBe_iGllecHAo6TmD9TfjALKlOKkQd4dIKaB9M_NeKsG6lLR2mdPE6qysOvxuCPSQugG-Q701Ta0u84R6U_ROu742ludld_8OCvTyrUfJ7gg-o_NBIMdAHG0GjACWgwHH2WE4URCLJH5EZ9lEEkNuAIZBvT8Z0Tlk:1vpYIH:2bP9dlvzTWnfv4eRenIxJn84T8shJegbURd8TcTibh0	2026-02-23 20:55:41.106009+00
3enjig8d8hc8c1chn6viml6ehk3ivt6x	.eJxVjDkOwjAUBe_iGllecHAo6TmD9TfjALKlOKkQd4dIKaB9M_NeKsG6lLR2mdPE6qysOvxuCPSQugG-Q701Ta0u84R6U_ROu742ludld_8OCvTyrUfJ7gg-o_NBIMdAHG0GjACWgwHH2WE4URCLJH5EZ9lEEkNuAIZBvT8Z0Tlk:1vpYIJ:AfTDjleT26fuPmvrSG-WSPMwyJimHKCJFTYBkpQPchs	2026-02-23 20:55:43.706336+00
il83x4ipgg8sft5c6bkxvbidspsji3ez	.eJxVjDsOwjAQBe_iGlnx-k9JnzNYa6-DA8iW4qRC3J1ESgHtzLz3ZgG3tYSt5yXMxK4MJLv8wojpmeth6IH13nhqdV3myI-En7bzsVF-3c7276BgL_vaKAKpJtLJZuG8EBQRlZEOKYHUMDi0kRD8tGMVtdbOUjQesk_awMA-Xwu-OAI:1vpYJs:QM_k-ulIXtSCofmrw5_GIBzpjvZY6fib7ZutBdCXqpI	2026-02-23 20:57:20.612273+00
a62wxfk60roex4hf89argq3547h2xrel	.eJxVjDkOwjAUBe_iGllecHAo6TmD9TfjALKlOKkQd4dIKaB9M_NeKsG6lLR2mdPE6qysOvxuCPSQugG-Q701Ta0u84R6U_ROu742ludld_8OCvTyrUfJ7gg-o_NBIMdAHG0GjACWgwHH2WE4URCLJH5EZ9lEEkNuAIZBvT8Z0Tlk:1vgBlm:cqu0fBAT-c5dOi3jJlxfGflU8GPL0KSKQ7Lof6dWLW0	2026-01-29 01:03:26.70848+00
q1kl2dqj4djtzarl8qk7ucfdijknz6a7	.eJxVjEEOwiAQRe_C2hAGKDgu3XsGMsAgVUOT0q6Md7dNutDtf-_9twi0LjWsnecwZnERYMXpd4yUntx2kh_U7pNMU1vmMcpdkQft8jZlfl0P9--gUq9bbbQHg2ow7KNSxpFXAF5zcQiJbVSuDLg5Z3Q5EoID9MkhazY2Ziri8wXJmTca:1vqYHO:wPyI_UH4XhrU-zFVQYbF3C1Cix_qSzXq8gHhzHUgshs	2026-02-26 15:06:54.823695+00
xi25siqw7qh47mi0p68cbad75tewwuzq	.eJxVjDkOwjAUBe_iGllecHAo6TmD9TfjALKlOKkQd4dIKaB9M_NeKsG6lLR2mdPE6qysOvxuCPSQugG-Q701Ta0u84R6U_ROu742ludld_8OCvTyrUfJ7gg-o_NBIMdAHG0GjACWgwHH2WE4URCLJH5EZ9lEEkNuAIZBvT8Z0Tlk:1vj3bH:V1gVKwpb1T5KRNwU1TqyC06J_LDwkjGt4fljg8gmezw	2026-02-05 22:56:27.192791+00
rc73i8lhv4bjxkqgb8e08b05oeqg9cse	.eJxVjEEOwiAQRe_C2hAGKDgu3XsGMsAgVUOT0q6Md7dNutDtf-_9twi0LjWsnecwZnERYMXpd4yUntx2kh_U7pNMU1vmMcpdkQft8jZlfl0P9--gUq9bbbQHg2ow7KNSxpFXAF5zcQiJbVSuDLg5Z3Q5EoID9MkhazY2Ziri8wXJmTca:1voNyU:LFLfceFcwO4Kibx0TVsoeK1GKEfbV3qf33GvTaPH9ow	2026-02-20 15:42:26.924769+00
qew3c79zr95ukd7gq6xh1llxkc9416j2	.eJxVjDkOwjAUBe_iGllecHAo6TmD9TfjALKlOKkQd4dIKaB9M_NeKsG6lLR2mdPE6qysOvxuCPSQugG-Q701Ta0u84R6U_ROu742ludld_8OCvTyrUfJ7gg-o_NBIMdAHG0GjACWgwHH2WE4URCLJH5EZ9lEEkNuAIZBvT8Z0Tlk:1vh6wg:UgG7sWbBZ2_yymGzsaq50UTP0CgWRiwaI-goz3-jxNQ	2026-01-31 14:06:30.264368+00
wk4uw466uxes8v781rwosjzg4ay4qpfx	.eJxVjDkOwjAUBe_iGllecHAo6TmD9TfjALKlOKkQd4dIKaB9M_NeKsG6lLR2mdPE6qysOvxuCPSQugG-Q701Ta0u84R6U_ROu742ludld_8OCvTyrUfJ7gg-o_NBIMdAHG0GjACWgwHH2WE4URCLJH5EZ9lEEkNuAIZBvT8Z0Tlk:1vnahG:jpa4jUJ9n1Y_fOU7qHAHHadCzkK2XZkBWVE0vY4zkXA	2026-02-18 11:05:22.838638+00
87jhkokik6zsks8qtxkafpwruc0ionpr	.eJxVjEEOwiAQRe_C2hAGKDgu3XsGMsAgVUOT0q6Md7dNutDtf-_9twi0LjWsnecwZnERYMXpd4yUntx2kh_U7pNMU1vmMcpdkQft8jZlfl0P9--gUq9bbbQHg2ow7KNSxpFXAF5zcQiJbVSuDLg5Z3Q5EoID9MkhazY2Ziri8wXJmTca:1vo1dM:Kw69jkiAgjjMUVl7e1jgoF13rCQowFm2N8RqvXNmk_o	2026-02-19 15:51:08.403984+00
nds2rm93bmou5mdwgz2z8is935ba5q8y	.eJxVjDkOwjAUBe_iGllecHAo6TmD9TfjALKlOKkQd4dIKaB9M_NeKsG6lLR2mdPE6qysOvxuCPSQugG-Q701Ta0u84R6U_ROu742ludld_8OCvTyrUfJ7gg-o_NBIMdAHG0GjACWgwHH2WE4URCLJH5EZ9lEEkNuAIZBvT8Z0Tlk:1vpS8K:RNy0srnwnvnSCuf2aW1IhAuhspIsuBHnPN861SCRT-c	2026-02-23 14:21:00.022585+00
byqywohtm2qb92kevulg1j21bq6czjr3	.eJxVjEEOwiAQRe_C2hAGKDgu3XsGMsAgVUOT0q6Md7dNutDtf-_9twi0LjWsnecwZnERYMXpd4yUntx2kh_U7pNMU1vmMcpdkQft8jZlfl0P9--gUq9bbbQHg2ow7KNSxpFXAF5zcQiJbVSuDLg5Z3Q5EoID9MkhazY2Ziri8wXJmTca:1vnmLe:aCfV9n2yyi-GXqTHRbc9HxbfDvtoWIhMAb4tcqIzLRM	2026-02-18 23:31:50.213764+00
khk3kvlt84ja5kwngwxjpiwn34s1i4yx	.eJxVjEEOwiAQRe_C2hAGKDgu3XsGMsAgVUOT0q6Md7dNutDtf-_9twi0LjWsnecwZnERYMXpd4yUntx2kh_U7pNMU1vmMcpdkQft8jZlfl0P9--gUq9bbbQHg2ow7KNSxpFXAF5zcQiJbVSuDLg5Z3Q5EoID9MkhazY2Ziri8wXJmTca:1vpvdY:EAlH_WrWUvOs-t4MVdtJd9YDwEb6iqSLEepJCNSGRMI	2026-02-24 21:51:12.714696+00
z0cndftqv9din1411u031vkenhkuuy9p	.eJxVjEEOwiAQRe_C2hAGKDgu3XsGMsAgVUOT0q6Md7dNutDtf-_9twi0LjWsnecwZnERYMXpd4yUntx2kh_U7pNMU1vmMcpdkQft8jZlfl0P9--gUq9bbbQHg2ow7KNSxpFXAF5zcQiJbVSuDLg5Z3Q5EoID9MkhazY2Ziri8wXJmTca:1vqbRJ:5QvpP_l7HRNnQUunxr0lUW8cvz-3sbsjqGuZi9NlK_E	2026-02-26 18:29:21.072312+00
xrhbgerurgee5lem859f03xu48qyipi0	.eJxVjDkOwjAUBe_iGllecHAo6TmD9TfjALKlOKkQd4dIKaB9M_NeKsG6lLR2mdPE6qysOvxuCPSQugG-Q701Ta0u84R6U_ROu742ludld_8OCvTyrUfJ7gg-o_NBIMdAHG0GjACWgwHH2WE4URCLJH5EZ9lEEkNuAIZBvT8Z0Tlk:1vndII:OoW69UTD-HLQK88z0nJIyH_Y4jZlHq7CyK9IEAiwxkI	2026-02-18 13:51:46.328399+00
3j2ofl5tquejgtcutjq0fsv7fl9q6ngu	.eJxVjEEOwiAQRe_C2hAGKDgu3XsGMsAgVUOT0q6Md7dNutDtf-_9twi0LjWsnecwZnERYMXpd4yUntx2kh_U7pNMU1vmMcpdkQft8jZlfl0P9--gUq9bbbQHg2ow7KNSxpFXAF5zcQiJbVSuDLg5Z3Q5EoID9MkhazY2Ziri8wXJmTca:1vq9mZ:kmrTfsc3UQBZil4R6xXN0D8XiOQqIUmKY577_Sd3RjQ	2026-02-25 12:57:27.571277+00
2kg2zg7vhwgjfx91afoyf485uvm30a3v	.eJxVjEEOwiAQRe_C2hAGKDgu3XsGMsAgVUOT0q6Md7dNutDtf-_9twi0LjWsnecwZnERYMXpd4yUntx2kh_U7pNMU1vmMcpdkQft8jZlfl0P9--gUq9bbbQHg2ow7KNSxpFXAF5zcQiJbVSuDLg5Z3Q5EoID9MkhazY2Ziri8wXJmTca:1vnmOK:AItcB6_UvApXu13eOPfpTyTQfHBWU7tQoXg7wVXlJcI	2026-02-18 23:34:36.605774+00
fky656kmvw5l15lj5lfodhzogn3peb6w	.eJxVjEEOwiAQRe_C2hAGKDgu3XsGMsAgVUOT0q6Md7dNutDtf-_9twi0LjWsnecwZnERYMXpd4yUntx2kh_U7pNMU1vmMcpdkQft8jZlfl0P9--gUq9bbbQHg2ow7KNSxpFXAF5zcQiJbVSuDLg5Z3Q5EoID9MkhazY2Ziri8wXJmTca:1vq9mc:mBRDfnoKwl1uao3ntuFA_vwEpMIOzkmXQ3nnejHQ2eU	2026-02-25 12:57:30.264905+00
btole191ahe8rkqwxdj7vy5vq8y3l1xa	.eJxVjEEOwiAQRe_C2hAGKDgu3XsGMsAgVUOT0q6Md7dNutDtf-_9twi0LjWsnecwZnERYMXpd4yUntx2kh_U7pNMU1vmMcpdkQft8jZlfl0P9--gUq9bbbQHg2ow7KNSxpFXAF5zcQiJbVSuDLg5Z3Q5EoID9MkhazY2Ziri8wXJmTca:1vqBYJ:HAqa-6GTjm36NfBsl-auqnrwbXURRHAODPggtE7vLxU	2026-02-25 14:50:51.394772+00
vu8zil00aal399es71xyd31itxbi0m2o	.eJxVjEEOwiAQRe_C2hAGKDgu3XsGMsAgVUOT0q6Md7dNutDtf-_9twi0LjWsnecwZnERYMXpd4yUntx2kh_U7pNMU1vmMcpdkQft8jZlfl0P9--gUq9bbbQHg2ow7KNSxpFXAF5zcQiJbVSuDLg5Z3Q5EoID9MkhazY2Ziri8wXJmTca:1vqBYL:b9AWzbuwjnly59tLoTJL2bcREj6qRmiKcd7PBt3uYs8	2026-02-25 14:50:53.804351+00
li6te2j9z7e944eepod1d2m9rkykt98a	.eJxVjEEOwiAQRe_C2hCwZQou3fcMZIYZpGpoUtqV8e7apAvd_vfef6mI21ri1mSJE6uL6jt1-h0J00PqTviO9TbrNNd1mUjvij5o0-PM8rwe7t9BwVa-tQkSUJgEsguYPGc_eGsEiTicjU-uNx2hBwF0A9nMYPoEwmAdsAf1_gA3EDjZ:1vqJFp:YKCdMT1SbnmTjb9kJnMpsG60jEsivQmP5CC68Tggg9g	2026-02-25 23:04:17.216501+00
x9fkc5ee24ut2k8yuz82vdufbd85l7kt	.eJxVjEEOwiAQRe_C2hAGKDgu3XsGMsAgVUOT0q6Md7dNutDtf-_9twi0LjWsnecwZnERYMXpd4yUntx2kh_U7pNMU1vmMcpdkQft8jZlfl0P9--gUq9bbbQHg2ow7KNSxpFXAF5zcQiJbVSuDLg5Z3Q5EoID9MkhazY2Ziri8wXJmTca:1vqJGZ:sHTqXtzbnZkABXjbAQgi98SpdfvzlPpjBA9I5RfsNiQ	2026-02-25 23:05:03.90736+00
l47a7n5m6intswk00225drhy695hqscy	.eJxVjEEOwiAQRe_C2hCwZQou3fcMZIYZpGpoUtqV8e7apAvd_vfef6mI21ri1mSJE6uL6jt1-h0J00PqTviO9TbrNNd1mUjvij5o0-PM8rwe7t9BwVa-tQkSUJgEsguYPGc_eGsEiTicjU-uNx2hBwF0A9nMYPoEwmAdsAf1_gA3EDjZ:1vqKXe:gvWfbZj_s6atcTAFz9mxoY2Q3aExhx0Ov5ENQGHLp2c	2026-02-26 00:26:46.708576+00
24jvmy76pq2n2621z17o9i95dud13vyg	.eJxVjDEOwjAMRe-SGUUxcdKUkb1nqGzHIgXUSE07Ie4OlTrA-t97_2VG2tYybk2XccrmYhDM6XdkkofOO8l3mm_VSp3XZWK7K_agzQ416_N6uH8HhVr51hAlSOLsohOJ2In27JkTiAg736VAvQD4HFESgAtwdtorKaISKpr3BxWVOEw:1vpajB:dS3Nau9eBeQK5OmWukrm6hG5FiXbxEIt9di-p5m7VWI	2026-02-23 23:31:37.167947+00
qnhzj68graqdbtp8tush5y49zxvus01e	.eJxVjEEOwiAQRe_C2hCgZBhcuvcMZGBGqRqalHZlvLtt0oVu33v_v1Widalp7TKnkdVZeaNOvzBTeUrbDT-o3SddprbMY9Z7og_b9XVieV2O9u-gUq_bOppMEsCCF-sCATob0BHjIAierdwMEMuGhY1EDNkYx3YogjlSBPX5Avb1N9o:1vprpo:ZSfdYqje5aAKf1aF2AVdZAMlXMUPeeNy2qLYFJ3tRNo	2026-02-24 17:47:36.372859+00
ww7hv28jxys2ueojdk9s2h5j3axlmvnb	.eJxVjEEOwiAQRe_C2hAGKDgu3XsGMsAgVUOT0q6Md7dNutDtf-_9twi0LjWsnecwZnERYMXpd4yUntx2kh_U7pNMU1vmMcpdkQft8jZlfl0P9--gUq9bbbQHg2ow7KNSxpFXAF5zcQiJbVSuDLg5Z3Q5EoID9MkhazY2Ziri8wXJmTca:1vn722:JPego9bipSJ_Xtq51mwMcMQ9F454HXXgefWKuGKmifE	2026-02-17 03:24:50.45386+00
adf688vd1tg6y7bressan3z7a8drzaus	.eJxVjEEOwiAQRe_C2hAGKDgu3XsGMsAgVUOT0q6Md7dNutDtf-_9twi0LjWsnecwZnERYMXpd4yUntx2kh_U7pNMU1vmMcpdkQft8jZlfl0P9--gUq9bbbQHg2ow7KNSxpFXAF5zcQiJbVSuDLg5Z3Q5EoID9MkhazY2Ziri8wXJmTca:1vnGgj:ZMIZlrgyoFqWHo7QJqXI8_iK8OZWwjgsQGTHw9AuvQc	2026-02-17 13:43:29.891701+00
c9m9j7pc8we86a4fddyx9rxbo4bc4z9x	.eJxVjMEOwiAQRP-FsyEFukU8evcbyC7sStWUpLQn47_bJj3oaZJ5b-atIq5LiWvjOY5ZXdSgTr8dYXrytIP8wOledarTMo-kd0UftOlbzfy6Hu7fQcFWtjVA8MiUgxMhEA5gGNMgJJa5N11v89l5MHZL6JyxgZGMSAb0gROpzxcIMzjO:1vh8tQ:D69eQeqorvW6TGxWb3wlmnIIXKsk-bZMiOF1CS65be0	2026-01-31 16:11:16.039275+00
1bc1drjezmpie4fghlgs4xnu0iohd59j	.eJxVjDsOwjAQBe_iGln-xXYo6XMGa3e9wQHkSHFSIe5OIqWA9s3Me4sE21rS1nhJUxZXob24_I4I9OR6kPyAep8lzXVdJpSHIk_a5DBnft1O9--gQCt7TdHFqJXJOY5se2u5J2SOXQDSvvPBRrNjGoNzQSFqyxA0GgIfGBSJzxf_qDgD:1vn2Lf:LfXh_LxofxVRlqIbMLi1rlwwWaa0yGdrxJQXllWI8Hw	2026-02-16 22:24:47.181838+00
b743tkag03h0yvq9lzevqbqyr1xq0yhf	.eJxVjEEOwiAQRe_C2hAGKDgu3XsGMsAgVUOT0q6Md7dNutDtf-_9twi0LjWsnecwZnERYMXpd4yUntx2kh_U7pNMU1vmMcpdkQft8jZlfl0P9--gUq9bbbQHg2ow7KNSxpFXAF5zcQiJbVSuDLg5Z3Q5EoID9MkhazY2Ziri8wXJmTca:1vnGiM:gs_0TZqabvAiSfF9Sk1AMVlK9T82MuXeuqJIEprautQ	2026-02-17 13:45:10.48296+00
11qjjtq8bzwxx5ni5e6gv5ghv031sim0	.eJxVjEEOwiAQRe_C2hAGKDgu3XsGMsAgVUOT0q6Md7dNutDtf-_9twi0LjWsnecwZnERYMXpd4yUntx2kh_U7pNMU1vmMcpdkQft8jZlfl0P9--gUq9bbbQHg2ow7KNSxpFXAF5zcQiJbVSuDLg5Z3Q5EoID9MkhazY2Ziri8wXJmTca:1vnjWI:8zXpZkTYxUcZ5ufGHCWxyBxsJs3xanLcdYl0cngRUF8	2026-02-18 20:30:38.493398+00
g619uwuqpt8w8c0mfc6pgx7b9coqgxrq	.eJxVjEEOwiAQRe_C2hAGKDgu3XsGMsAgVUOT0q6Md7dNutDtf-_9twi0LjWsnecwZnERYMXpd4yUntx2kh_U7pNMU1vmMcpdkQft8jZlfl0P9--gUq9bbbQHg2ow7KNSxpFXAF5zcQiJbVSuDLg5Z3Q5EoID9MkhazY2Ziri8wXJmTca:1vo4Dq:J7AHLS0Vb1HEPf8-7-UfGZXPygohpXaLkS9fYEbKamY	2026-02-19 18:36:58.857073+00
x4342hibl229mf872bk2t28gjllyiv37	.eJxVjDsOwyAQRO9CHSELzC9l-pwB7bIQnEQgGbuKcndjy0VSTDNv3nyYh3XJfm1x9hOxK3Ps8tshhFcsO6AnlEfloZZlnpDvE37Sxu-V4vt2bv8OMrTc7WQTjWRHRDcIk5xVPUI5gwJNRKm0JJ0gHBWSUtJGGGyQ1BWtgX039Fs4Ww:1vnmU5:F45Ob9o8_FV60zCEe36KlgY1Lnzd1WmQG3kfFfB2LvA	2026-02-18 23:40:33.418221+00
026u93jxs65xg4t2rpicbrxu3w608jh3	.eJxVjMEOwiAQRP-FsyG7CBQ8evcbyMJSqRqalPZk_Hdp0oNmDpPMm5m3CLStJWwtL2FicRFOnH6zSOmZ6w74QfU-yzTXdZmi3CvyoE3eZs6v69H9OyjUSl_DCN4aHEbdnSGyVwqdj10EhtFaZ0GrhJijdgb1oM_kmclpxuRBfL61pja5:1voQjB:PJXwhmuTJMinCq-IF7o5l8i3ChaP-3QAJo3E7qMR7fs	2026-02-20 18:38:49.557726+00
czuls9fadx4emm94js78ix63pjda54yl	.eJxVjDkOwjAUBe_iGlleviOHkp4zWH-xcQA5UpxUiLtDpBTQvpl5L5VwW2vael7SJOqs_KBOvyMhP3Lbidyx3WbNc1uXifSu6IN2fZ0lPy-H-3dQsddvXYCRQ3Qw-MDGh-yIbGCKIYDzPspIRix4Q-AcE4B1gDwWGwsIFFTvD_kkN7w:1vo4H9:tzXLzVmfMIYV70D4k6xRCJVfHbkjJvuJM77dgJ0mZ9Y	2026-02-19 18:40:23.145839+00
u7b4jhca5wgxn7cs5400hyqjogcw6dl8	.eJxVjDkOwjAUBe_iGlleviOHkp4zWH-xcQA5UpxUiLtDpBTQvpl5L5VwW2vael7SJOqs_KBOvyMhP3Lbidyx3WbNc1uXifSu6IN2fZ0lPy-H-3dQsddvXYCRQ3Qw-MDGh-yIbGCKIYDzPspIRix4Q-AcE4B1gDwWGwsIFFTvD_kkN7w:1vpUs1:0HvvoMNz_3smDaIPo_kMyZoXpzwLPaA3jN0R5TgfaOo	2026-02-23 17:16:21.473347+00
9ies3iojjp9imzdte19u53asztfgpq0r	.eJxVjEEOwiAQRe_C2hAGKDgu3XsGMsAgVUOT0q6Md7dNutDtf-_9twi0LjWsnecwZnERYMXpd4yUntx2kh_U7pNMU1vmMcpdkQft8jZlfl0P9--gUq9bbbQHg2ow7KNSxpFXAF5zcQiJbVSuDLg5Z3Q5EoID9MkhazY2Ziri8wXJmTca:1vpnMG:JL78IMcz5FbocBo0myqmV0WU5BioTJkXQZ89VQLKhCs	2026-02-24 13:00:48.205434+00
l5fuaev4c0lmb80qkqp7kriyt7qx746t	.eJxVjEEOwiAQRe_C2hAGKDgu3XsGMsAgVUOT0q6Md7dNutDtf-_9twi0LjWsnecwZnERYMXpd4yUntx2kh_U7pNMU1vmMcpdkQft8jZlfl0P9--gUq9bbbQHg2ow7KNSxpFXAF5zcQiJbVSuDLg5Z3Q5EoID9MkhazY2Ziri8wXJmTca:1vpZf0:CdM7bAzSHjhDMDN_7tWsr9ifgW9F8GEhMANXKxhYVxs	2026-02-23 22:23:14.756859+00
bw6nz4txzikb3xq40hvht9ywx3bl2vry	.eJxVjMsOwiAURP-FtSG84bp0328gXB5SNZCUdmX8d9ukC11NMufMvIkP21r9NvLi50SuRAly-S0xxGduB0mP0O6dxt7WZUZ6KPSkg0495dftdP8Oahh1XxtUDCFGq7RQxboMIB3EPVXSUAyWFJnhsghTdEIAY8Fh4TrzrFAy8vkCBiM4Cg:1vpvm2:gTN3ZCVm3tVEPeM7FdvK9tIIWUDfJHkJJnqonaql9z4	2026-02-24 21:59:58.216725+00
6c07jlrk75kmhgijf4p8otmaf4gkiutb	.eJxVjDkOwjAUBe_iGllecHAo6TmD9TfjALKlOKkQd4dIKaB9M_NeKsG6lLR2mdPE6qysOvxuCPSQugG-Q701Ta0u84R6U_ROu742ludld_8OCvTyrUfJ7gg-o_NBIMdAHG0GjACWgwHH2WE4URCLJH5EZ9lEEkNuAIZBvT8Z0Tlk:1vppXi:hj9h9u9wKmq2YmrrboZLk7SYwjpPNzEqk3InxgSrl-g	2026-02-24 15:20:46.212007+00
v1osbuw3kd3b5ua0gvb97iduf8a4uv96	.eJxVjDsOwjAQBe_iGlnx-k9JnzNYa6-DA8iW4qRC3J1ESgHtzLz3ZgG3tYSt5yXMxK4MJLv8wojpmeth6IH13nhqdV3myI-En7bzsVF-3c7276BgL_vaKAKpJtLJZuG8EBQRlZEOKYHUMDi0kRD8tGMVtdbOUjQesk_awMA-Xwu-OAI:1vqATR:SqC9wQBdEEIwd4mhAK6W5KHVySph0ziyh1hVIYcP3TM	2026-02-25 13:41:45.911818+00
nl6cc0f9ky82yuqaiym610vdjty4ve90	.eJxVjEEOwiAQRe_C2hAGKDgu3XsGMsAgVUOT0q6Md7dNutDtf-_9twi0LjWsnecwZnERYMXpd4yUntx2kh_U7pNMU1vmMcpdkQft8jZlfl0P9--gUq9bbbQHg2ow7KNSxpFXAF5zcQiJbVSuDLg5Z3Q5EoID9MkhazY2Ziri8wXJmTca:1vo8VG:sm7zSk6U4yZaigmKs8JWgsQevUgETyCv0boc2odPazM	2026-02-19 23:11:14.477549+00
fpitvv43zf06l6fvfggxamdb7i7ty0bn	.eJxVjEEOwiAQRe_C2hAGKDgu3XsGMsAgVUOT0q6Md7dNutDtf-_9twi0LjWsnecwZnERYMXpd4yUntx2kh_U7pNMU1vmMcpdkQft8jZlfl0P9--gUq9bbbQHg2ow7KNSxpFXAF5zcQiJbVSuDLg5Z3Q5EoID9MkhazY2Ziri8wXJmTca:1vo8VJ:DydILt22gaetyRlgFF9dNDuD6x3io5EI0dEBbhw51uI	2026-02-19 23:11:17.28049+00
llb05045pgwaj74nh78f0st37rnpfnam	.eJxVjDsOwjAQBe_iGll21l9Kes5grb0bHECOFCcV4u4QKQW0b2beSyTc1pq2zkuaSJwFaHH6HTOWB7ed0B3bbZZlbusyZbkr8qBdXmfi5-Vw_w4q9vqtoy8GEdhaIEOkHAc9Zm8sgGaOSnsaCJWKg9HWBVcAg3UGRhdV1hTE-wP6oDdF:1vqCTX:XzCfn30XK1FJdi0IRy_ao2Qo2ZEzz2Q1VjVsVxaZpPA	2026-02-25 15:49:59.26966+00
4u3fg58144y9rznegk9p07anzltn1wu1	.eJxVjDsOwjAQBe_iGll21l9Kes5grb0bHECOFCcV4u4QKQW0b2beSyTc1pq2zkuaSJwFaHH6HTOWB7ed0B3bbZZlbusyZbkr8qBdXmfi5-Vw_w4q9vqtoy8GEdhaIEOkHAc9Zm8sgGaOSnsaCJWKg9HWBVcAg3UGRhdV1hTE-wP6oDdF:1vqCTa:v8DH4dDl7VrV1WGQrN0gP7_RpXpv591eCbA1siX70vc	2026-02-25 15:50:02.077787+00
vyj17d98rjvptru5ltzzm1g04lm7u510	.eJxVjDsOwjAQBe_iGll21l9Kes5grb0bHECOFCcV4u4QKQW0b2beSyTc1pq2zkuaSJwFaHH6HTOWB7ed0B3bbZZlbusyZbkr8qBdXmfi5-Vw_w4q9vqtoy8GEdhaIEOkHAc9Zm8sgGaOSnsaCJWKg9HWBVcAg3UGRhdV1hTE-wP6oDdF:1vqCTc:YGndS4F1pWA-R1126mDByQN8zLDuWRGRGigdxk0kcuk	2026-02-25 15:50:04.930326+00
mzq2cpv3cvwbrmqjmr3a9a07uu40zjyc	.eJxVjMEOwiAQRP-FsyEFukU8evcbyC7sStWUpLQn47_bJj3oaZJ5b-atIq5LiWvjOY5ZXdSgTr8dYXrytIP8wOledarTMo-kd0UftOlbzfy6Hu7fQcFWtjVA8MiUgxMhEA5gGNMgJJa5N11v89l5MHZL6JyxgZGMSAb0gROpzxcIMzjO:1vqIHn:o_ZxhqpiWbtLNIBTlbiojmRryclxcdNTobo5hXxd8JE	2026-02-25 22:02:15.913912+00
vy8kwgjku662wajrre5fk5x4472ggaf8	.eJxVjEEOwiAQRe_C2hAGKDgu3XsGMsAgVUOT0q6Md7dNutDtf-_9twi0LjWsnecwZnERYMXpd4yUntx2kh_U7pNMU1vmMcpdkQft8jZlfl0P9--gUq9bbbQHg2ow7KNSxpFXAF5zcQiJbVSuDLg5Z3Q5EoID9MkhazY2Ziri8wXJmTca:1vqJfE:tLD3jWBnyJZrcnO6_QBT6vTYjwrZhlPlHGq0nWGPFPY	2026-02-25 23:30:32.904179+00
gnhtrerumwl9rcgl4yjpk5glox5lwhcn	.eJxVjEEOwiAQRe_C2hAGKDgu3XsGMsAgVUOT0q6Md7dNutDtf-_9twi0LjWsnecwZnERYMXpd4yUntx2kh_U7pNMU1vmMcpdkQft8jZlfl0P9--gUq9bbbQHg2ow7KNSxpFXAF5zcQiJbVSuDLg5Z3Q5EoID9MkhazY2Ziri8wXJmTca:1vqJfH:gfWh1CdZcOnNY8MsnYQQed7AdII3467XjScZC8Mstd4	2026-02-25 23:30:35.308906+00
xuycpdtuq7g39clxxdlfkv4dwmxgavl9	.eJxVjEEOwiAQRe_C2hAGKDgu3XsGMsAgVUOT0q6Md7dNutDtf-_9twi0LjWsnecwZnERYMXpd4yUntx2kh_U7pNMU1vmMcpdkQft8jZlfl0P9--gUq9bbbQHg2ow7KNSxpFXAF5zcQiJbVSuDLg5Z3Q5EoID9MkhazY2Ziri8wXJmTca:1vqJfK:QPZGB5rGl5kPMFkRx2UGAnC426knuhzy5bGNhVB_jFA	2026-02-25 23:30:38.102194+00
r5g8urrpjz947ekgvskd54m5mr2j7tfz	.eJxVjDkOwjAUBe_iGllecHAo6TmD9TfjALKlOKkQd4dIKaB9M_NeKsG6lLR2mdPE6qysOvxuCPSQugG-Q701Ta0u84R6U_ROu742ludld_8OCvTyrUfJ7gg-o_NBIMdAHG0GjACWgwHH2WE4URCLJH5EZ9lEEkNuAIZBvT8Z0Tlk:1vqMyE:fvEQgT4A9HeqqdOxGQjART9y5dvpUIJW3xk27npFLo8	2026-02-26 03:02:22.542796+00
pnyidq6t8p4agad54czksx3vu9zp19kb	.eJxVjMEOwiAQRP-FsyEFukU8evcbyC7sStWUpLQn47_bJj3oaZJ5b-atIq5LiWvjOY5ZXdSgTr8dYXrytIP8wOledarTMo-kd0UftOlbzfy6Hu7fQcFWtjVA8MiUgxMhEA5gGNMgJJa5N11v89l5MHZL6JyxgZGMSAb0gROpzxcIMzjO:1vn2gf:fjs5gWSV8yCoWOPq7RQ2cAs8WrDcTiLMuNp9XAd3FAY	2026-02-16 22:46:29.477275+00
obwyjphfsj2dkj6iikgy1ppssjuiae6s	.eJxVjEEOwiAQRe_C2hAGKDgu3XsGMsAgVUOT0q6Md7dNutDtf-_9twi0LjWsnecwZnERYMXpd4yUntx2kh_U7pNMU1vmMcpdkQft8jZlfl0P9--gUq9bbbQHg2ow7KNSxpFXAF5zcQiJbVSuDLg5Z3Q5EoID9MkhazY2Ziri8wXJmTca:1vo66N:-6qs_KpTupf8SE1ysMwZ4qqK8oX8-cELHlEq41exgWs	2026-02-19 20:37:23.983642+00
9wv96lp520r72c74hr77i9ouw4hm5n1f	.eJxVjEEOwiAQRe_C2hAGKDgu3XsGMsAgVUOT0q6Md7dNutDtf-_9twi0LjWsnecwZnERYMXpd4yUntx2kh_U7pNMU1vmMcpdkQft8jZlfl0P9--gUq9bbbQHg2ow7KNSxpFXAF5zcQiJbVSuDLg5Z3Q5EoID9MkhazY2Ziri8wXJmTca:1vpX9C:O7yl8l7ZNmqhVdZCQjHkGyMKGdf8kXGgGAzX9nQGN4w	2026-02-23 19:42:14.10213+00
jm0qgovuz9ror28r89l4xazrvwkc6fvs	.eJxVjMsOwiAQRf-FtSGAPIpL9_0GMswMUjU0Ke3K-O_apAvd3nPOfYkE21rT1nlJE4mL0E6cfscM-OC2E7pDu80S57YuU5a7Ig_a5TgTP6-H-3dQoddvbRjIWB2jM8S-mILO5Yw6noPHQhBLIC6sNCoFg_HBKkYLPARvctYo3h8n4zjy:1vo9Ba:t8kGod5iUp-14oTlfo2rlcoTVJoNsbreSgQxEPYa80I	2026-02-19 23:54:58.478155+00
8yg6dwqhxxn6zyyczgeoq9ojb95fk2hj	.eJxVjEEOwiAQRe_C2hAGKDgu3XsGMsAgVUOT0q6Md7dNutDtf-_9twi0LjWsnecwZnERYMXpd4yUntx2kh_U7pNMU1vmMcpdkQft8jZlfl0P9--gUq9bbbQHg2ow7KNSxpFXAF5zcQiJbVSuDLg5Z3Q5EoID9MkhazY2Ziri8wXJmTca:1vpohK:nvnWSBgFFwFnqcCkyfarAfZWMWQjyU7L0P1EYzBIKr4	2026-02-24 14:26:38.006433+00
zt5v6ol1jz3j57lsl1tzls448mm7g5gr	.eJxVjMEOwiAQRP-FsyEFukU8evcbyC7sStWUpLQn47_bJj3oaZJ5b-atIq5LiWvjOY5ZXdSgTr8dYXrytIP8wOledarTMo-kd0UftOlbzfy6Hu7fQcFWtjVA8MiUgxMhEA5gGNMgJJa5N11v89l5MHZL6JyxgZGMSAb0gROpzxcIMzjO:1voRBv:yTP9xhnk1DbTOY7iD-cnwpd6FvEOLEFSgvKZdGfIz3M	2026-02-20 19:08:31.519882+00
uhjmv5d82vdr5ds2k138fz68h6e6agql	.eJxVjEEOwiAQRe_C2hAGKDgu3XsGMsAgVUOT0q6Md7dNutDtf-_9twi0LjWsnecwZnERYMXpd4yUntx2kh_U7pNMU1vmMcpdkQft8jZlfl0P9--gUq9bbbQHg2ow7KNSxpFXAF5zcQiJbVSuDLg5Z3Q5EoID9MkhazY2Ziri8wXJmTca:1vpX9E:b90RAOfv8OwX3d5KoNVHiebjQQ5XkENr4WQhM3opNjY	2026-02-23 19:42:16.608041+00
j3r1w6ply5ev66zov6pihshfa90lpvwu	.eJxVjMsOwiAQRf-FtSGAPIpL9_0GMswMUjU0Ke3K-O_apAvd3nPOfYkE21rT1nlJE4mL0E6cfscM-OC2E7pDu80S57YuU5a7Ig_a5TgTP6-H-3dQoddvbRjIWB2jM8S-mILO5Yw6noPHQhBLIC6sNCoFg_HBKkYLPARvctYo3h8n4zjy:1vj0fP:QvbGZtTcCQHSiI-hcY016xV5sM8LXeQ8xR2n5PYvAnM	2026-02-05 19:48:31.228392+00
09zt5fh0qgwjnl3ahlwtalwk04kcag34	.eJxVjDkOwjAUBe_iGllecHAo6TmD9TfjALKlOKkQd4dIKaB9M_NeKsG6lLR2mdPE6qysOvxuCPSQugG-Q701Ta0u84R6U_ROu742ludld_8OCvTyrUfJ7gg-o_NBIMdAHG0GjACWgwHH2WE4URCLJH5EZ9lEEkNuAIZBvT8Z0Tlk:1voRGB:t3BVlB4fze4QPR-NrThdoeQLU6Y9TFTsSwmL4eZCTLo	2026-02-20 19:12:55.358046+00
yocp2x6zcbg32fc8lvzvwhxlh3c68rdt	.eJxVjEEOwiAQRe_C2hAGKDgu3XsGMsAgVUOT0q6Md7dNutDtf-_9twi0LjWsnecwZnERYMXpd4yUntx2kh_U7pNMU1vmMcpdkQft8jZlfl0P9--gUq9bbbQHg2ow7KNSxpFXAF5zcQiJbVSuDLg5Z3Q5EoID9MkhazY2Ziri8wXJmTca:1voWlJ:m17KMBlXhTzrb6NFGW3I_-8L49S9G2PNqJ7QG5QtsRg	2026-02-21 01:05:25.962811+00
66z1ym1lo8spsyelc51bp85q6h1d0nrs	.eJxVjDsOwjAQBe_iGln2-rempOcM1voTHEC2FCcV4u4QKQW0b2beiwXa1hq2UZYwZ3Zm4Njpd4yUHqXtJN-p3TpPva3LHPmu8IMOfu25PC-H-3dQadRvLaI00SuDksgCuAJRImlALwCkBkXFWk9WFesnLzVKP5mkjNNIRmhk7w_UFDZe:1vpt9U:RhN5l2TAy3ZD9oMBEpkfSxf3b_vfusIA-Vw8oYZ7_hU	2026-02-24 19:12:00.508892+00
rvpimcp5mpwww674uyydxhh00p1t6gc9	.eJxVjEEOwiAQRe_C2hAGKDgu3XsGMsAgVUOT0q6Md7dNutDtf-_9twi0LjWsnecwZnERYMXpd4yUntx2kh_U7pNMU1vmMcpdkQft8jZlfl0P9--gUq9bbbQHg2ow7KNSxpFXAF5zcQiJbVSuDLg5Z3Q5EoID9MkhazY2Ziri8wXJmTca:1vqZB5:qeuCYvquoGv9dUmia1tY7tGDxLN6UuU380TIRFuqIqc	2026-02-26 16:04:27.1182+00
f5dc6k1i2s6ud4678gghhbkmv2qyvn3c	.eJxVjEEOwiAQRe_C2hAGKDgu3XsGMsAgVUOT0q6Md7dNutDtf-_9twi0LjWsnecwZnERYMXpd4yUntx2kh_U7pNMU1vmMcpdkQft8jZlfl0P9--gUq9bbbQHg2ow7KNSxpFXAF5zcQiJbVSuDLg5Z3Q5EoID9MkhazY2Ziri8wXJmTca:1vqcCu:On7QvRlN57WCSROiRxLXRQhZO2rF7sDytKovpkXM-ow	2026-02-26 19:18:32.072545+00
ml2p780tmuabog4q2zvezkq4cuvbzaes	.eJxVjDkOwjAUBe_iGllecHAo6TmD9TfjALKlOKkQd4dIKaB9M_NeKsG6lLR2mdPE6qysOvxuCPSQugG-Q701Ta0u84R6U_ROu742ludld_8OCvTyrUfJ7gg-o_NBIMdAHG0GjACWgwHH2WE4URCLJH5EZ9lEEkNuAIZBvT8Z0Tlk:1vnmVP:Z2xTgYBoHdLCmyV5jJc0bjLX8BOgzkUCJ3_zxUB70eM	2026-02-18 23:41:55.104123+00
6qyzrknle65h79nb8vmtkaaukw78qfhr	.eJxVjDkOwjAUBe_iGllecHAo6TmD9TfjALKlOKkQd4dIKaB9M_NeKsG6lLR2mdPE6qysOvxuCPSQugG-Q701Ta0u84R6U_ROu742ludld_8OCvTyrUfJ7gg-o_NBIMdAHG0GjACWgwHH2WE4URCLJH5EZ9lEEkNuAIZBvT8Z0Tlk:1vqdsZ:QzHfdIoGaxQ-Nal-pavt9ZuS5plUtM0Ozitn74jw6q8	2026-02-26 21:05:39.037613+00
a9b8ytehnhugl7remewzaz2u6sgszpwo	.eJxVjDkOwjAUBe_iGllecHAo6TmD9TfjALKlOKkQd4dIKaB9M_NeKsG6lLR2mdPE6qysOvxuCPSQugG-Q701Ta0u84R6U_ROu742ludld_8OCvTyrUfJ7gg-o_NBIMdAHG0GjACWgwHH2WE4URCLJH5EZ9lEEkNuAIZBvT8Z0Tlk:1vnmVR:4l8GLJLC6S_vrlFmKzH1Pd7FidT31HIXQVi9NDbP5-g	2026-02-18 23:41:57.505976+00
vvp3i0sav12zqp9znvglbmz2bljx2xck	.eJxVjMEOwiAQRP-FsyEFukU8evcbyC7sStWUpLQn47_bJj3oaZJ5b-atIq5LiWvjOY5ZXdSgTr8dYXrytIP8wOledarTMo-kd0UftOlbzfy6Hu7fQcFWtjVA8MiUgxMhEA5gGNMgJJa5N11v89l5MHZL6JyxgZGMSAb0gROpzxcIMzjO:1vqdw2:z7fBi4nTZjao2_D7bHJ1K1d0hVjDGnLGO_T4HucsLfY	2026-02-26 21:09:14.626114+00
zd1qidz4t44nd9ure8r12ozy4f5ub02o	.eJxVjDkOwjAUBe_iGllecHAo6TmD9TfjALKlOKkQd4dIKaB9M_NeKsG6lLR2mdPE6qysOvxuCPSQugG-Q701Ta0u84R6U_ROu742ludld_8OCvTyrUfJ7gg-o_NBIMdAHG0GjACWgwHH2WE4URCLJH5EZ9lEEkNuAIZBvT8Z0Tlk:1vpvHU:Swl-gHXxbvjLo3q4QnZsaX0ByVzFWsvAMHixvmgX8H8	2026-02-24 21:28:24.179519+00
46wept8vjsm72hy53mt1crlhkedc125p	.eJxVjMEOwiAQRP-FsyEFukU8evcbyC7sStWUpLQn47_bJj3oaZJ5b-atIq5LiWvjOY5ZXdSgTr8dYXrytIP8wOledarTMo-kd0UftOlbzfy6Hu7fQcFWtjVA8MiUgxMhEA5gGNMgJJa5N11v89l5MHZL6JyxgZGMSAb0gROpzxcIMzjO:1vjf7v:SXZT172S4xtxXuMXRT8RAYzkzIZfZmideJMvRoZF12Q	2026-02-07 15:00:39.047755+00
if9myfbrjctsubqa2rteg67lhrfq81ak	.eJxVjDkOwjAUBe_iGllecHAo6TmD9TfjALKlOKkQd4dIKaB9M_NeKsG6lLR2mdPE6qysOvxuCPSQugG-Q701Ta0u84R6U_ROu742ludld_8OCvTyrUfJ7gg-o_NBIMdAHG0GjACWgwHH2WE4URCLJH5EZ9lEEkNuAIZBvT8Z0Tlk:1vqpNa:umtjUQktLtxuKKSy-10aaGuh5_LrCykqCAo4IYjdOEA	2026-02-27 09:22:26.830464+00
378vrddjpe4bm6ys6dalkj5wky4o9ljr	.eJxVjEEOwiAQRe_C2hAGKDgu3XsGMsAgVUOT0q6Md7dNutDtf-_9twi0LjWsnecwZnERYMXpd4yUntx2kh_U7pNMU1vmMcpdkQft8jZlfl0P9--gUq9bbbQHg2ow7KNSxpFXAF5zcQiJbVSuDLg5Z3Q5EoID9MkhazY2Ziri8wXJmTca:1vqDM2:Z9awdDn2DkmYLpUy-0e3AzVwtsDH-w31u-jsSwMle1Q	2026-02-25 16:46:18.762194+00
yztq27sy8dzx4to7a39r2uyy47yppaq8	.eJxVjEEOwiAQRe_C2hAGKDgu3XsGMsAgVUOT0q6Md7dNutDtf-_9twi0LjWsnecwZnERYMXpd4yUntx2kh_U7pNMU1vmMcpdkQft8jZlfl0P9--gUq9bbbQHg2ow7KNSxpFXAF5zcQiJbVSuDLg5Z3Q5EoID9MkhazY2Ziri8wXJmTca:1vqIRh:olPhbkWhu3FSbyUOdLUC8eTua82nuXEqBix_-EUCk-A	2026-02-25 22:12:29.411984+00
2tycxtcyfsfkppx51krhfxwfv7b27g1w	.eJxVjDkOwjAUBe_iGllecHAo6TmD9TfjALKlOKkQd4dIKaB9M_NeKsG6lLR2mdPE6qysOvxuCPSQugG-Q701Ta0u84R6U_ROu742ludld_8OCvTyrUfJ7gg-o_NBIMdAHG0GjACWgwHH2WE4URCLJH5EZ9lEEkNuAIZBvT8Z0Tlk:1vqMyG:IifV4n9KxhI_NXUFGdF_9zGVfWrzgU3rjInrBlosjVs	2026-02-26 03:02:24.844945+00
\.


--
-- Data for Name: facturacion_cuentacorriente; Type: TABLE DATA; Schema: public; Owner: centro_misael_user
--

COPY public.facturacion_cuentacorriente (id, total_consumido, total_pagado, saldo, ultima_actualizacion, paciente_id) FROM stdin;
10	0.00	250.00	0.00	2026-01-30 00:08:53.239635+00	26
35	0.00	0.00	0.00	2026-01-14 23:17:58.911028+00	23
73	0.00	0.00	0.00	2026-02-12 18:40:23.886555+00	71
41	0.00	0.00	0.00	2026-01-14 23:18:01.08184+00	46
43	440.00	0.00	0.00	2026-02-11 20:35:56.277539+00	35
74	0.00	200.00	0.00	2026-01-30 00:09:41.91726+00	78
89	0.00	0.00	0.00	2026-02-03 15:55:16.845001+00	87
34	0.00	1300.00	0.00	2026-02-12 02:14:05.346742+00	39
60	0.00	200.00	0.00	2026-01-19 22:25:11.609738+00	59
64	0.00	200.00	0.00	2026-01-28 15:52:41.567543+00	63
57	0.00	0.00	0.00	2026-01-29 04:49:41.702231+00	55
84	0.00	0.00	0.00	2026-02-13 01:41:05.246759+00	83
53	0.00	1300.00	0.00	2026-02-11 14:01:55.703869+00	51
106	0.00	0.00	0.00	2026-02-12 16:20:56.833247+00	105
52	0.00	0.00	0.00	2026-01-14 23:57:29.700132+00	52
54	0.00	0.00	0.00	2026-01-14 23:57:29.757629+00	50
82	0.00	1650.00	0.00	2026-02-12 14:53:12.315887+00	81
68	240.00	0.00	0.00	2026-02-11 14:13:15.906442+00	67
39	380.00	600.00	600.00	2026-02-07 16:17:56.480598+00	18
8	0.00	800.00	600.00	2026-02-10 22:11:18.917973+00	25
5	0.00	0.00	0.00	2026-01-21 02:40:00.356369+00	3
81	0.00	200.00	0.00	2026-02-09 19:29:27.308395+00	80
7	0.00	1300.00	0.00	2026-02-12 20:11:15.777271+00	4
79	70.00	1448.00	300.00	2026-02-12 16:20:18.443588+00	74
14	0.00	0.00	0.00	2026-02-05 22:50:29.977416+00	41
19	280.00	0.00	0.00	2026-02-11 13:42:54.513555+00	30
50	0.00	1300.00	0.00	2026-02-12 02:50:46.553371+00	49
99	0.00	240.00	40.00	2026-02-12 21:05:38.714018+00	98
101	170.00	120.00	0.00	2026-02-12 02:48:35.747549+00	100
69	350.00	0.00	0.00	2026-02-12 02:47:45.452062+00	68
16	0.00	0.00	0.00	2026-01-14 23:17:51.753646+00	24
20	0.00	200.00	0.00	2026-02-03 04:52:11.145136+00	28
22	0.00	0.00	0.00	2026-01-14 23:17:54.122214+00	45
76	0.00	0.00	0.00	2026-01-28 03:55:17.523835+00	73
23	0.00	0.00	0.00	2026-01-14 23:17:55.114747+00	37
66	0.00	500.00	0.00	2026-01-22 14:47:53.382722+00	66
67	0.00	500.00	0.00	2026-01-22 14:48:35.608811+00	65
33	390.00	0.00	0.00	2026-02-12 02:35:45.647451+00	48
38	0.00	200.00	0.00	2026-01-29 23:59:02.625427+00	19
70	0.00	0.00	0.00	2026-02-01 19:02:33.169541+00	70
48	0.00	1300.00	0.00	2026-02-12 18:41:00.261428+00	13
31	0.00	1300.00	0.00	2026-02-12 20:59:27.808956+00	20
56	0.00	0.00	0.00	2026-01-16 01:17:41.299215+00	54
58	0.00	200.00	0.00	2026-01-17 14:06:29.83937+00	57
63	0.00	0.00	0.00	2026-01-21 02:49:25.870169+00	62
83	50.00	650.00	0.00	2026-02-11 14:29:52.598666+00	82
29	0.00	0.00	0.00	2026-02-13 01:40:07.438067+00	21
75	0.00	550.00	0.00	2026-01-30 00:01:41.943233+00	75
47	0.00	0.00	0.00	2026-02-12 02:54:38.557231+00	38
15	360.00	0.00	0.00	2026-02-12 15:07:52.932728+00	11
77	0.00	250.00	0.00	2026-01-30 00:04:04.028222+00	77
85	0.00	650.00	0.00	2026-02-13 03:18:00.809235+00	84
93	0.00	300.00	0.00	2026-02-12 16:20:30.818997+00	93
92	0.00	1000.00	0.00	2026-02-04 13:38:00.631537+00	91
78	0.00	250.00	0.00	2026-01-30 00:04:50.527828+00	76
36	400.00	0.00	0.00	2026-02-13 01:40:16.937029+00	10
44	0.00	1300.00	0.00	2026-02-12 01:48:37.851035+00	40
65	420.00	700.00	140.00	2026-02-12 21:09:14.403001+00	64
103	0.00	250.00	0.00	2026-02-10 14:58:34.205239+00	102
49	0.00	140.00	140.00	2026-02-04 21:52:25.462253+00	17
18	0.00	600.00	0.00	2026-02-13 03:17:28.33093+00	16
17	0.00	0.00	0.00	2026-02-12 02:45:15.552248+00	42
26	0.00	0.00	0.00	2026-02-01 19:46:28.831348+00	8
61	50.00	1150.00	500.00	2026-02-10 22:11:28.814926+00	61
37	0.00	1000.00	0.00	2026-02-12 02:48:08.95329+00	33
105	0.00	0.00	0.00	2026-02-11 21:21:29.017864+00	103
62	0.00	1600.00	0.00	2026-02-12 16:20:43.924314+00	60
46	0.00	0.00	0.00	2026-02-02 22:30:16.88553+00	15
90	0.00	250.00	50.00	2026-02-05 20:44:19.885764+00	89
100	0.00	550.00	0.00	2026-02-09 20:09:40.02726+00	99
97	0.00	450.00	0.00	2026-02-09 20:01:33.844355+00	96
88	70.00	1300.00	0.00	2026-02-11 14:27:58.717901+00	88
71	360.00	480.00	480.00	2026-02-13 00:37:53.931236+00	72
25	410.00	0.00	0.00	2026-02-12 01:54:19.640962+00	44
95	0.00	550.00	0.00	2026-02-09 19:53:26.317457+00	94
94	0.00	400.00	0.00	2026-02-12 21:04:43.801152+00	92
24	300.00	0.00	0.00	2026-02-11 02:43:46.350718+00	36
21	0.00	0.00	0.00	2026-02-08 08:05:32.724759+00	27
30	0.00	650.00	0.00	2026-02-12 02:50:14.65667+00	43
28	0.00	0.00	0.00	2026-02-12 01:45:14.231802+00	31
40	0.00	1300.00	0.00	2026-02-11 20:41:03.983667+00	22
91	260.00	0.00	0.00	2026-02-11 20:34:19.074844+00	90
80	0.00	1000.00	0.00	2026-02-11 16:38:10.986696+00	79
72	0.00	650.00	0.00	2026-02-10 22:09:18.610423+00	69
45	0.00	450.00	0.00	2026-02-12 02:49:03.746451+00	14
96	0.00	250.00	0.00	2026-02-11 22:55:28.809736+00	95
32	240.00	0.00	0.00	2026-02-10 22:06:25.114352+00	12
9	0.00	450.00	0.00	2026-02-13 01:39:30.348257+00	9
42	210.00	0.00	0.00	2026-02-11 14:01:27.901176+00	29
107	0.00	200.00	0.00	2026-02-12 18:35:38.58101+00	106
102	0.00	200.00	0.00	2026-02-10 22:10:57.519069+00	101
98	0.00	1800.00	0.00	2026-02-13 00:37:28.230447+00	97
87	270.00	0.00	0.00	2026-02-12 01:56:37.339281+00	86
86	240.00	0.00	0.00	2026-02-12 14:52:34.733124+00	85
104	50.00	0.00	0.00	2026-02-13 03:17:46.847213+00	104
\.


--
-- Data for Name: facturacion_factura; Type: TABLE DATA; Schema: public; Owner: centro_misael_user
--

COPY public.facturacion_factura (id, numero_factura, fecha_emision, nombre_fiscal, nit_ci, concepto, subtotal, descuento, total, estado, fecha_registro, emitida_por_id, paciente_id) FROM stdin;
\.


--
-- Data for Name: facturacion_factura_pagos; Type: TABLE DATA; Schema: public; Owner: centro_misael_user
--

COPY public.facturacion_factura_pagos (id, factura_id, pago_id) FROM stdin;
\.


--
-- Data for Name: facturacion_metodopago; Type: TABLE DATA; Schema: public; Owner: centro_misael_user
--

COPY public.facturacion_metodopago (id, nombre, descripcion, activo) FROM stdin;
1	Efectivo		t
2	QR		t
3	Transferencia		t
4	Uso de Crédito	Aplicación de saldo a favor del paciente	t
5	Crédito/Saldo a favor	Aplicación de saldo a favor del paciente	t
\.


--
-- Data for Name: facturacion_pago; Type: TABLE DATA; Schema: public; Owner: centro_misael_user
--

COPY public.facturacion_pago (id, fecha_pago, monto, numero_transaccion, concepto, observaciones, numero_recibo, fecha_registro, anulado, motivo_anulacion, fecha_anulacion, anulado_por_id, metodo_pago_id, paciente_id, proyecto_id, registrado_por_id, sesion_id, mensualidad_id, tipo_operacion) FROM stdin;
14	2026-01-13	200.00		Pago proyecto EVAL-0005	PAGO DE EVALUACION DE DESARROLLO	REC-0001	2026-01-13 20:25:10.783791+00	f		\N	\N	1	25	7	5	\N	\N	pago
16	2026-01-17	200.00		Pago proyecto EVAL-0010		REC-0002	2026-01-17 14:06:29.259195+00	f		\N	\N	1	57	11	1	\N	\N	pago
18	2026-01-19	200.00		Pago proyecto EVAL-0013		REC-0004	2026-01-19 22:25:10.067528+00	f		\N	\N	1	59	13	1	\N	\N	pago
19	2026-01-20	300.00		Pago adelantado		REC-0005	2026-01-20 15:35:03.105438+00	f		\N	\N	2	25	\N	1	\N	\N	pago
20	2026-01-20	300.00		Pago adelantado	Pago de Sesiones de Estimulacion Temprana	REC-0006	2026-01-20 15:36:13.559553+00	f		\N	\N	2	25	\N	1	\N	\N	pago
21	2026-01-20	300.00		Pago adelantado	Pago de Sesiones de Estimulacion Temprana Multiple del mes de Enero	REC-0007	2026-01-20 16:15:39.864055+00	f		\N	\N	1	61	\N	1	\N	\N	pago
22	2026-01-21	200.00		Pago proyecto EVAL-0014		REC-0008	2026-01-21 19:36:31.716277+00	f		\N	\N	1	28	14	6	\N	\N	pago
23	2026-01-21	100.00		Pago proyecto EVAL-0015		REC-0009	2026-01-21 21:39:50.380903+00	f		\N	\N	2	63	15	6	\N	\N	pago
24	2026-01-21	1000.00		Pago proyecto EVAL-0008		REC-0010	2026-01-21 21:45:06.356155+00	f		\N	\N	1	33	8	6	\N	\N	pago
25	2026-01-22	500.00		Pago proyecto EVAL-0016		REC-0011	2026-01-22 14:47:52.846983+00	f		\N	\N	1	66	16	1	\N	\N	pago
26	2026-01-22	500.00		Pago proyecto EVAL-0017		REC-0012	2026-01-22 14:48:35.115536+00	f		\N	\N	1	65	17	1	\N	\N	pago
28	2026-01-28	1000.00		Pago proyecto EVAL-0031		REC-0014	2026-01-28 15:46:58.860956+00	f		\N	\N	1	79	31	6	\N	\N	pago
29	2026-01-28	100.00		Pago proyecto EVAL-0015		REC-0015	2026-01-28 15:52:41.537776+00	f		\N	\N	2	63	15	6	\N	\N	pago
30	2026-01-29	200.00		Pago proyecto EVAL-0032		REC-0016	2026-01-29 18:58:12.325888+00	f		\N	\N	2	80	32	1	\N	\N	pago
31	2026-01-29	250.00		Pago proyecto EVAL-0033		REC-0017	2026-01-29 23:48:28.094874+00	f		\N	\N	1	69	33	1	\N	\N	pago
32	2026-01-29	200.00		Pago proyecto EVAL-0026		REC-0018	2026-01-29 23:59:02.568392+00	f		\N	\N	1	19	26	1	\N	\N	pago
33	2026-01-29	300.00		Pago proyecto EVAL-0025		REC-0019	2026-01-30 00:00:53.253997+00	f		\N	\N	1	75	25	1	\N	\N	pago
34	2026-01-29	250.00		Pago proyecto EVAL-0024		REC-0020	2026-01-30 00:01:41.910958+00	f		\N	\N	1	75	24	1	\N	\N	pago
35	2026-01-29	1000.00		Pago proyecto EVAL-0020		REC-0021	2026-01-30 00:02:35.371112+00	f		\N	\N	1	74	20	1	\N	\N	pago
36	2026-01-29	250.00		Pago proyecto EVAL-0028		REC-0022	2026-01-30 00:04:03.934288+00	f		\N	\N	1	77	28	1	\N	\N	pago
37	2026-01-29	250.00		Pago proyecto EVAL-0027		REC-0023	2026-01-30 00:04:50.481364+00	f		\N	\N	1	76	27	1	\N	\N	pago
38	2026-01-29	200.00		Pago proyecto EVAL-0030		REC-0024	2026-01-30 00:06:22.139032+00	f		\N	\N	1	61	30	1	\N	\N	pago
39	2026-01-29	250.00		Pago proyecto EVAL-0009		REC-0025	2026-01-30 00:08:53.178247+00	f		\N	\N	1	26	9	1	\N	\N	pago
40	2026-01-29	200.00		Pago proyecto EVAL-0029		REC-0026	2026-01-30 00:09:41.822642+00	f		\N	\N	1	78	29	1	\N	\N	pago
41	2026-01-31	200.00		Pago proyecto EVAL-0035		REC-0027	2026-01-31 13:40:37.875886+00	f		\N	\N	1	81	35	1	\N	\N	pago
42	2026-01-31	1000.00		Pago proyecto EVAL-0036		REC-0028	2026-01-31 14:42:36.733103+00	f		\N	\N	2	81	36	1	\N	\N	pago
43	2026-01-31	450.00		Pago mensualidad MEN-0226-AL-001 - Febrero 2026		REC-0029	2026-01-31 15:58:20.76612+00	f		\N	\N	2	82	\N	1	\N	10	pago
44	2026-02-01	400.00		Pago proyecto EVAL-0022		REC-0030	2026-02-01 19:07:53.822423+00	f		\N	\N	2	60	22	1	\N	\N	pago
45	2026-02-01	1000.00		Pago proyecto EVAL-0023		REC-0031	2026-02-01 19:09:58.558445+00	f		\N	\N	2	60	23	1	\N	\N	pago
46	2026-02-01	200.00		Pago proyecto EVAL-0021		REC-0032	2026-02-01 19:13:49.035935+00	f		\N	\N	2	60	21	1	\N	\N	pago
47	2026-02-01	200.00		Pago proyecto EVAL-0037		REC-0033	2026-02-02 00:44:09.761029+00	f		\N	\N	1	82	37	1	\N	\N	pago
48	2026-02-03	140.00		Pago adelantado	PAGO POR SESION DE LENGUAJE Y PSICOLOGIA (2 DE FEBRERO)	REC-0034	2026-02-03 15:53:48.030401+00	f		\N	\N	1	64	\N	6	\N	\N	pago
49	2026-02-03	200.00		Pago proyecto EVAL-0039		REC-0035	2026-02-03 20:21:54.529216+00	f		\N	\N	1	89	39	1	\N	\N	pago
50	2026-02-03	70.00		Uso de crédito - Sesión 2026-02-02	Aplicación de saldo a favor\n	CREDITO-20260203-50	2026-02-03 21:11:10.050997+00	f		\N	\N	4	64	\N	1	1566	\N	pago
51	2026-02-03	70.00		Uso de crédito - Sesión 2026-02-02	Aplicación de saldo a favor\n	CREDITO-20260203-51	2026-02-03 21:12:04.032443+00	f		\N	\N	4	64	\N	1	1389	\N	pago
52	2026-02-03	1300.00		Pago mensualidad MEN-0226-NI-001 - Febrero 2026		REC-0036	2026-02-03 23:09:46.997387+00	f		\N	\N	2	88	\N	6	\N	33	pago
53	2026-02-04	1000.00		Pago proyecto EVAL-0040		REC-0037	2026-02-04 13:38:00.567329+00	f		\N	\N	2	91	40	6	\N	\N	pago
54	2026-02-04	140.00		Pago adelantado		REC-0038	2026-02-04 21:52:25.348653+00	f		\N	\N	1	17	\N	1	\N	\N	pago
55	2026-02-04	450.00		Pago mensualidad MEN-0226-SA-001 - Febrero 2026		REC-0039	2026-02-04 22:21:28.993121+00	f		\N	\N	1	14	\N	1	\N	15	pago
56	2026-02-04	450.00		Pago mensualidad MEN-0226-LI-001-81851 - Febrero 2026		REC-0040	2026-02-04 22:44:57.449379+00	f		\N	\N	1	81	\N	1	\N	37	pago
57	2026-02-04	300.00		Pago proyecto EVAL-0041		REC-0041	2026-02-04 22:53:16.046088+00	f		\N	\N	1	93	41	1	\N	\N	pago
58	2026-02-05	450.00		Pago mensualidad MEN-0226-EN-001 - Febrero 2026		REC-0042	2026-02-05 16:05:52.038593+00	f		\N	\N	1	61	\N	1	\N	17	pago
59	2026-02-05	200.00		Pago adelantado	Pago de 4 sesiones individuales	REC-0043	2026-02-05 16:07:07.077829+00	f		\N	\N	1	61	\N	1	\N	\N	pago
60	2026-02-05	200.00		Pago mensualidad MEN-0226-LI-001 - Febrero 2026		REC-0044	2026-02-05 18:37:07.533689+00	f		\N	\N	1	20	\N	1	\N	34	pago
62	2026-02-05	300.00		Pago proyecto EVAL-0042		REC-0046	2026-02-05 20:40:11.97601+00	f		\N	\N	1	94	42	1	\N	\N	pago
63	2026-02-05	250.00		Pago proyecto EVAL-0043		REC-0047	2026-02-05 20:42:10.767559+00	t	error en registro	2026-02-05 20:44:10.904873+00	1	1	94	43	1	\N	\N	pago
64	2026-02-05	50.00		Pago adelantado	PAGO POR TERAPIA SENSORIAL / MOTRICIDAD\r\n	REC-0048	2026-02-05 20:44:19.775764+00	f		\N	\N	1	89	\N	6	\N	\N	pago
65	2026-02-05	200.00		Pago proyecto EVAL-0044		REC-0049	2026-02-05 21:05:10.773527+00	f		\N	\N	1	95	44	1	\N	\N	pago
66	2026-02-05	140.00		Pago adelantado	PAGO POR SESION DE PSICOLOGIA Y LENGUAJE	REC-0050	2026-02-05 23:01:28.621804+00	f		\N	\N	1	64	\N	6	\N	\N	pago
67	2026-02-06	200.00		Pago proyecto EVAL-0047		REC-0051	2026-02-06 19:12:54.90479+00	f		\N	\N	1	98	47	1	\N	\N	pago
68	2026-02-06	600.00		Pago adelantado		REC-0052	2026-02-06 20:37:41.032623+00	f		\N	\N	1	18	\N	1	\N	\N	pago
69	2026-02-06	250.00		Pago proyecto EVAL-0045		REC-0053	2026-02-06 22:04:37.03183+00	f		\N	\N	1	96	45	1	\N	\N	pago
70	2026-02-06	200.00		Pago proyecto EVAL-0048		REC-0054	2026-02-06 22:05:10.275561+00	f		\N	\N	1	96	48	1	\N	\N	pago
71	2026-02-06	200.00		Pago adelantado	pago de Evaluación Perfil Sensorial y adelanto de Mensualidad	REC-0055	2026-02-06 22:43:15.128014+00	f		\N	\N	1	92	\N	1	\N	\N	pago
72	2026-02-06	200.00		Pago adelantado		REC-0056	2026-02-06 22:46:20.977036+00	f		\N	\N	1	92	\N	1	\N	\N	pago
73	2026-02-07	400.00		Pago adelantado	pago de evaluacion lenguaje Bs 250 y Psicologia Bs 300	REC-0057	2026-02-07 14:17:03.63938+00	f		\N	\N	2	99	\N	1	\N	\N	pago
74	2026-02-07	150.00		Pago adelantado	evaluaciones  	REC-0058	2026-02-07 14:19:12.429415+00	f		\N	\N	1	99	\N	1	\N	\N	pago
75	2026-02-07	250.00		Pago proyecto EVAL-0043		REC-0059	2026-02-07 15:15:47.11222+00	f		\N	\N	1	94	43	1	\N	\N	pago
76	2026-02-07	50.00		Pago proyecto EVAL-0044		REC-0060	2026-02-07 15:41:37.86729+00	f		\N	\N	1	95	44	1	\N	\N	pago
77	2026-02-08	60.00		Pago sesión 2026-02-03 - FISIOTERAPIA Y REHABILITACION	pago por 2 sesiones	REC-0061	2026-02-08 17:49:42.210299+00	f		\N	\N	1	100	\N	1	2098	\N	pago
78	2026-02-08	60.00		Pago sesión 2026-02-04 - FISIOTERAPIA Y REHABILITACION	paga por 2 sesiones	REC-0062	2026-02-08 17:50:14.498395+00	f		\N	\N	1	100	\N	1	2099	\N	pago
61	2026-02-05	480.00		Pago mensualidad MEN-0126-LU-001 - Enero 2026		REC-0045	2026-02-05 20:28:58.03717+00	f		\N	\N	1	72	\N	1	\N	\N	pago
79	2026-02-09	200.00		Pago proyecto EVAL-0049		REC-0063	2026-02-09 19:42:10.547417+00	f		\N	\N	2	101	49	1	\N	\N	pago
80	2026-02-09	300.00		Uso de crédito - Proyecto EVAL-0050	Aplicación de saldo a favor\n	CREDITO-20260209-80	2026-02-09 19:58:31.498405+00	f		\N	\N	4	99	50	1	\N	\N	pago
81	2026-02-09	600.00		Pago mensualidad MEN-0226-RO-001 - Febrero 2026	por el mes de febrero	REC-0064	2026-02-09 20:01:26.683515+00	f		\N	\N	1	16	\N	1	\N	13	pago
82	2026-02-09	250.00		Uso de crédito - Proyecto EVAL-0051	Aplicación de saldo a favor\n	CREDITO-20260209-82	2026-02-09 20:03:44.375723+00	f		\N	\N	4	99	51	1	\N	\N	pago
83	2026-02-09	200.00		Uso de crédito - Mensualidad MEN-0226-SE-001-73076	Aplicación de saldo a favor\n	CREDITO-20260209-83	2026-02-09 20:18:45.603325+00	f		\N	\N	4	92	\N	1	\N	40	pago
84	2026-02-09	200.00		Uso de crédito - Proyecto EVAL-0052	Aplicación de saldo a favor\n	CREDITO-20260209-84	2026-02-09 20:26:29.54174+00	f		\N	\N	4	92	52	1	\N	\N	pago
85	2026-02-09	1800.00		Pago proyecto EVAL-0046	EVALUACION INTEGRAL	REC-0065	2026-02-09 21:18:06.442485+00	f		\N	\N	2	97	46	1	\N	\N	pago
86	2026-02-09	1300.00		Pago mensualidad MEN-0126-TH-001 - Febrero 2026		REC-0066	2026-02-09 21:19:46.82147+00	f		\N	\N	1	49	\N	6	\N	6	pago
87	2026-02-09	400.00		Pago proyecto EVAL-0034		REC-0067	2026-02-09 21:35:58.985027+00	f		\N	\N	1	69	34	1	\N	\N	pago
88	2026-02-09	1300.00		Pago mensualidad MEN-0226-AN-001-12059 - Febrero 2026		REC-0068	2026-02-09 22:36:39.105993+00	f		\N	\N	1	22	\N	6	\N	29	pago
89	2026-02-09	1300.00		Pago mensualidad MEN-0226-SE-001 - Febrero 2026		REC-0069	2026-02-09 22:39:42.995906+00	f		\N	\N	2	51	\N	6	\N	30	pago
90	2026-02-09	1300.00		Pago mensualidad MEN-0226-IV-001 - Febrero 2026		REC-0070	2026-02-09 22:44:22.853043+00	f		\N	\N	1	39	\N	6	\N	24	pago
91	2026-02-09	70.00		Uso de crédito - Sesión 2026-02-05	Aplicación de saldo a favor\n	CREDITO-20260209-91	2026-02-09 22:52:16.485799+00	f		\N	\N	4	64	\N	1	1555	\N	pago
92	2026-02-09	70.00		Uso de crédito - Sesión 2026-02-05	Aplicación de saldo a favor\n	CREDITO-20260209-92	2026-02-09 22:53:25.265339+00	f		\N	\N	4	64	\N	1	1562	\N	pago
93	2026-02-09	650.00		Pago mensualidad MEN-0226-JE-001 - Febrero 2026	pago mes de febrero 	REC-0071	2026-02-09 22:55:27.431978+00	f		\N	\N	1	43	\N	6	\N	26	pago
94	2026-02-09	140.00		Pago adelantado	PAGO POR SESION DE PSICOLOGIA Y LENGUAJE	REC-0072	2026-02-09 23:04:26.539393+00	f		\N	\N	1	64	\N	6	\N	\N	pago
95	2026-02-09	140.00		Pago adelantado	PAGO POR SESION DE PSICOLOGIA Y LENGUAJE	REC-0073	2026-02-09 23:04:30.877426+00	f		\N	\N	1	64	\N	6	\N	\N	pago
96	2026-02-09	70.00		Uso de crédito - Sesión 2026-02-05	Aplicación de saldo a favor\n	CREDITO-20260209-96	2026-02-09 23:08:39.889947+00	f		\N	\N	4	64	\N	1	1555	\N	pago
97	2026-02-09	70.00		Uso de crédito - Sesión 2026-02-05	Aplicación de saldo a favor\n	CREDITO-20260209-97	2026-02-09 23:09:12.253444+00	f		\N	\N	4	64	\N	1	1562	\N	pago
98	2026-02-09	70.00		Uso de crédito - Sesión 2026-02-09	Aplicación de saldo a favor\n	CREDITO-20260209-98	2026-02-09 23:10:48.891813+00	f		\N	\N	4	64	\N	6	1556	\N	pago
99	2026-02-09	70.00		Uso de crédito - Sesión 2026-02-09	Aplicación de saldo a favor\n	CREDITO-20260209-99	2026-02-09 23:11:18.265394+00	f		\N	\N	4	64	\N	6	1390	\N	pago
100	2026-02-10	250.00		Pago proyecto EVAL-0053	PAGO POR EVALUACION DE LENGUAJE	REC-0074	2026-02-10 14:58:34.164224+00	f		\N	\N	1	102	53	6	\N	\N	pago
101	2026-02-10	1300.00		Pago mensualidad MEN-0226-CR-001 - Febrero 2026	PAGO DE SESIONES DEL MES DE FEBRERO	REC-0075	2026-02-10 18:34:04.401988+00	f		\N	\N	1	13	\N	1	\N	7	pago
102	2026-02-10	1300.00		Pago mensualidad MEN-0226-MA-001 - Febrero 2026	PAGO MENSUALIDAD DEL MES DE FEBRERO	REC-0076	2026-02-10 18:57:47.645697+00	f		\N	\N	1	4	\N	1	\N	11	pago
103	2026-02-10	450.00		Pago mensualidad MEN-0226-EL-001 - Febrero 2026	PAGO MES DE FEBRERO	REC-0077	2026-02-10 18:58:58.885384+00	f		\N	\N	1	9	\N	1	\N	14	pago
104	2026-02-10	650.00		Pago mensualidad MEN-0226-JH-001 - Febrero 2026	PAGO SESIONES DEL MES DE FEBRERO	REC-0078	2026-02-10 20:20:20.03751+00	f		\N	\N	1	84	\N	1	\N	16	pago
105	2026-02-11	1300.00		Pago mensualidad MEN-0226-IH-001 - Febrero 2026		REC-0079	2026-02-11 20:52:52.086412+00	f		\N	\N	1	40	\N	6	\N	23	pago
106	2026-02-11	300.00		Pago adelantado	Pago por el mes de Febrero	REC-0080	2026-02-11 23:13:15.466262+00	f		\N	\N	1	74	\N	1	\N	\N	pago
107	2026-02-12	148.00		Pago mensualidad MEN-0226-AL-001-83026 - Febrero 2026	CANCELCION DEL MES DE FEBRERO	REC-0081	2026-02-12 14:04:24.394079+00	f		\N	\N	1	74	\N	1	\N	42	pago
108	2026-02-12	200.00		Pago proyecto EVAL-0056	EVALUACION DEL AREA DE LENGUAJE Y COMUNICACION	REC-0082	2026-02-12 14:23:53.041239+00	f		\N	\N	1	106	56	1	\N	\N	pago
109	2026-02-12	1100.00		Pago mensualidad MEN-0226-LI-001 - Febrero 2026	mes de febrero	REC-0083	2026-02-12 20:59:27.771077+00	f		\N	\N	1	20	\N	1	\N	34	pago
110	2026-02-12	40.00		Pago adelantado	pago adelantado	REC-0084	2026-02-12 21:05:38.682818+00	f		\N	\N	1	98	\N	1	\N	\N	pago
111	2026-02-12	140.00		Pago adelantado		REC-0085	2026-02-12 21:09:14.24448+00	f		\N	\N	1	64	\N	6	\N	\N	pago
\.


--
-- Data for Name: pacientes_paciente; Type: TABLE DATA; Schema: public; Owner: centro_misael_user
--

COPY public.pacientes_paciente (id, nombre, apellido, fecha_nacimiento, genero, nombre_tutor, parentesco, telefono_tutor, email_tutor, direccion, diagnostico, observaciones_medicas, alergias, estado, fecha_registro, fecha_modificacion, email_tutor_2, nombre_tutor_2, parentesco_2, telefono_tutor_2, foto, user_id) FROM stdin;
15	Briana Catalina	Sagardia Navarro	2023-12-30	F	Nora Jessica Navarro Laura	madre	63719731	\N	Calle Calderon N°127, Zona Villa Tomas Frias	Alteración miofuncional, orofacial, secundario a antecedentes de labio leporino y paladar hendido corregido quirúrgicamente			inactivo	2026-01-12 21:08:49.588017+00	2026-02-09 19:17:45.842188+00	\N	\N	\N	\N	\N	32
9	Elena Marcy	Coro Astete	2024-01-05	F	Maria Eugenia Astete	madre	68414730	\N	Calle Meguillanes N°2	Estimulacion temprana - retraso global del desarrollo			activo	2026-01-12 20:32:10.546867+00	2026-02-02 00:21:06.442728+00	\N	\N	\N	\N	\N	24
25	Kezia Yarel	Flores Puma	2025-10-09	F	Karen Puma	madre	73360934	\N	Localidad de Porco	Sindrome de Down			activo	2026-01-13 14:55:23.778415+00	2026-02-02 00:23:46.317001+00	\N	\N	\N	\N	\N	33
17	Valeria Celina	Villca Rodriguez	2008-10-11	F	Nelida Rocio Villca	tutor	78714636	\N	Zona Delicias	Problemas emocionales			activo	2026-01-12 21:19:07.54016+00	2026-01-12 21:19:07.540176+00	\N	\N	\N	\N	\N	\N
19	Arleth Aymin	Ortega Choque	2024-04-16	F	Nimia Choque	madre	72372628	\N	Avenida Union SN, Esq. Melchor Daza	Estimulación temprana\r\nRetraso global del desarrollo			activo	2026-01-12 21:23:20.908306+00	2026-01-12 21:23:20.908321+00	\N	\N	\N	\N	\N	\N
23	Axel Said	Mamani Suyo	2017-12-22	M	Elsa Suyo Acarapi	madre	61924710	\N		Dificultad de aprendizaje			activo	2026-01-12 23:23:04.912506+00	2026-01-12 23:23:04.912524+00	\N	\N	\N	\N	\N	\N
27	Lucas Ignacio	Condo Jancko	2023-07-27	M	Mayrovi Eunise Jancko Lopez	madre	76164638	\N	Calle Sucre N°38				activo	2026-01-13 22:33:50.783921+00	2026-01-13 22:33:50.783931+00	\N	\N	\N	\N	\N	\N
28	Mia Shantall	Camargo Barja	2018-08-04	F	Rosmery Barja	madre	63689230	\N	Av. Aclo N°40				activo	2026-01-13 22:38:10.367714+00	2026-01-13 22:38:10.367723+00	\N	\N	\N	\N	\N	\N
29	Enrique Darwin	Quispe Choque	2019-02-03	M	Rut Maribel Choque Colque	madre	77392421	\N	Localidad de Porco				activo	2026-01-13 22:40:10.355876+00	2026-01-13 22:40:10.355886+00	\N	\N	\N	\N	\N	\N
30	Fabricio Enrique	Burgos Chacon	2022-02-23	M	Elizabeth Chacon Z.	madre	78714690	\N	Calle Chuquisaca N°259				activo	2026-01-13 22:45:38.355882+00	2026-01-13 22:45:38.355894+00	\N	\N	\N	\N	\N	\N
31	Cristofer Bayron	Garabito Marquez	2015-05-10	M	Cristian GarabitoDelgado	padre	77864042	\N	Calle Andino N° 128	TEA 1 - TDAH			activo	2026-01-13 22:50:40.15016+00	2026-01-13 22:50:40.150174+00	\N	\N	\N	\N	\N	\N
39	Ivan Fernando	Luna Palenque	2021-08-29	M	Aracely Palenque Fernandez	madre	61912287	\N	Calle La Paz N°439	TEA 2			activo	2026-01-14 13:47:27.376118+00	2026-01-14 13:47:27.376133+00	\N	\N	\N	\N	\N	\N
40	Ihan Thiago	Rodriguez Torrez	2018-09-04	M	Julia Vanesa Torrez Condori	madre	75725897	\N	Calle 25 de Mayo N°12	TEA 2-3			activo	2026-01-14 13:51:33.211346+00	2026-01-14 13:51:33.211362+00	\N	\N	\N	\N	\N	\N
12	Zoe Marian	Huanaco Lugo	2020-06-07	F	Zaida Lizeth Lugo Ecos	madre	74209604	\N	Avenida los pinos, calle 14 de abril SN	Retraso global del desarrollo \r\nTrastorno de lenguaje			activo	2026-01-12 20:47:55.732002+00	2026-02-02 00:27:29.064641+00	\N	\N	\N	\N	\N	29
35	Erick	Ramirez Olmedo	2020-11-09	M	Ericka Olmedo Oyola	madre	68411751	\N	Calle Nogales N°557				activo	2026-01-14 13:28:24.0624+00	2026-02-03 22:21:43.541021+00	\N	\N	\N	\N	\N	\N
37	Frederick Yohan	Delagado Seco	2019-01-14	M	Cynthia Carola Diaz Arriola	madre	78621520	\N	Calle Bustillos N°201	TDL -TSH			inactivo	2026-01-14 13:36:12.169135+00	2026-01-25 02:00:21.438771+00	\N	\N	\N	\N	\N	\N
11	Benjamin Jesus	Avendaño Mendoza	2008-09-20	M	Maria Mendoza Sosa	madre	65497734	\N	Avenida Venezuela SN	Trastorno del espectro autista grado 2\r\nTrastorno de personalidad organica			activo	2026-01-12 20:43:26.268336+00	2026-02-02 00:19:31.124174+00	\N	\N	\N	\N	image/upload/v1769991180/pacientes/sfslvjwmxhuzu4e0vqeq.jpg	22
21	Andre Fabricio	Garnica Fernandez	2021-08-17	M	Yesica Fernandez Duran	madre	63256273	\N	Zona Villa Banzer, calle Rosales, esq. Sauce	Trastorno del espectro autista grado 2\r\nTrastorno de lenguaje			activo	2026-01-12 21:28:24.46373+00	2026-02-02 00:17:57.41948+00	\N	\N	\N	\N	\N	31
8	Jared Maykel	Flores Veliz	2022-03-27	M	Relly Marcia Veliz Ayaviri	madre	69639080	\N	Calle Venezuela SN, Zona Plan Cuarenta	Alto riesgo de Trastorno del espectro autista - trastorno de lenguaje			inactivo	2026-01-12 20:27:24.516564+00	2026-02-01 19:43:10.01803+00	\N	\N	\N	\N	\N	\N
26	Gael Antony	Cruz Gutierrez	2021-12-17	M	Araceli Gutierrez Fernandez	madre	63702366	\N	Calle Estados Unidos entre Calle Peru SN				inactivo	2026-01-13 21:12:02.414018+00	2026-02-01 21:00:50.562301+00	\N	\N	\N	\N	\N	\N
10	Hanna Rashiel	Merida Carata	2023-10-28	F	Gina Teresa Carata	madre	73858392	\N	Avenida Periférica N°33	Parálisis cerebral infantil mixta			activo	2026-01-12 20:35:05.857198+00	2026-02-02 00:21:40.943071+00	\N	\N	\N	\N	\N	23
24	Diego	Berazain Sulka	2025-10-08	M	Zulema Sulka Callahuara	madre	76164563	\N	Calle J.Arias N° 59	Transtorno del Espectro Autista grado 2-3			inactivo	2026-01-12 23:29:58.767872+00	2026-02-02 00:53:43.306232+00	\N	\N	\N	\N	\N	\N
13	Cristopher Robert	Venegas Morales	2021-10-20	M	Roxana Morales Salinas	madre	68423459	\N	Avenida Argentina N°209	Trastorno del espectro autista grado 2\r\nTrastorno de lenguaje			activo	2026-01-12 20:56:41.683909+00	2026-02-02 00:20:39.904399+00	\N	\N	\N	\N	\N	37
18	Ian Jose	Ortega Choque	2020-04-21	M	Nimia Choque	madre	72372628	\N	Avenida UNion SN, Esq. Melchor Daza	Trastorno de déficit de atención e hiperactividad\r\nTrastorno de lenguaje			activo	2026-01-12 21:21:34.740556+00	2026-02-06 20:39:19.775867+00	\N	\N	\N	\N	\N	39
4	Mateo Benjamin	Coro Astete	2022-06-30	M	Maria Eugenia Astete	madre	68414730	\N	Calle Meguillanes N°2	Alto riesgo de trastorno del espectro autista\r\nRetraso global del desarrollo\r\nPosible hipoacusia\r\nTrastorno de lenguaje			activo	2026-01-12 15:28:23.53287+00	2026-02-02 00:27:02.276846+00	\N	\N	\N	\N	\N	27
16	Rommel Javier	Blanco Choque	2021-07-07	M	Javier Blanco Condori	padre	72409999	\N	Calle Ecuador N°173, Zona satelite	Trastorno del espectro autista grado 2\r\nTrastorno de lenguaje			activo	2026-01-12 21:15:25.000567+00	2026-02-02 00:29:14.770143+00	\N	\N	\N	\N	\N	38
14	Samuel Thiago	Romay Perez	2023-12-25	M	Daniela Verinda Perez Erquicia	madre	77470282	\N	Avenida Argentina N°222	Estimulación temprana\r\nRetraso global del desarrollo			activo	2026-01-12 21:03:41.06586+00	2026-02-02 00:29:45.145526+00	\N	\N	\N	\N	\N	25
36	Franciel Marcela	Flores Garnica	2019-04-08	F	Monica Rocio Garnica	madre	72402777	\N	Av. Serrudo N° 143	Transtorno del Habla, C.I bajo deficiencia visual			activo	2026-01-14 13:33:04.066226+00	2026-02-03 04:31:58.464054+00	\N	\N	\N	\N	\N	\N
41	Jair Sebastian	Alejo Tola	2022-04-10	M	Roxana Tola Escobar	madre	78729545	\N	Calle Hoyos N°236	TEA 2			activo	2026-01-14 13:59:43.781643+00	2026-02-02 01:43:26.475826+00	\N	\N	\N	\N	\N	\N
33	Ander Mijael	Oquendo Quiroga	2022-11-11	M	Ana Laura Quiroga Arando	madre	69610624	\N	14 de Infanteria N°54				activo	2026-01-13 23:32:56.376463+00	2026-02-02 01:00:36.489171+00	\N	\N	\N	\N	image/upload/v1769993722/pacientes/qyuelfnmjdg1tw3melsd.jpg	\N
38	Gael Logan	Velasquez Magne	2020-02-17	M	Beatriz Magne Jimenez	madre	72383684	\N	Calle 15 de Mayo N°215	TEA 2-3			activo	2026-01-14 13:42:26.711172+00	2026-02-02 02:04:39.635727+00	\N	\N	\N	\N	image/upload/v1769993697/pacientes/kd3xt5nj44tdmfthtxme.jpg	\N
3	Nathalie Ariana	Barriga Flores	2021-07-19	F	Yaquelinne Flores Yucra	madre	63712493	\N	Calle Surco #474 Zona Calvario	Retraso Global del Desarrollo\r\nSospecha de Trastorno del Espectro Autista			inactivo	2026-01-12 15:28:19.861295+00	2026-02-02 22:55:30.511353+00	\N	\N	\N	\N	\N	\N
20	Lilian	Guerra Cayhuara	2022-06-02	F	Jeanneth Cayhuara Vargas	madre	72446303	\N	Calle Costa Rica SN, Esq. Arellano	Retraso global del desarrollo			activo	2026-01-12 21:26:07.720511+00	2026-02-04 11:20:13.19586+00	\N	\N	\N	\N	image/upload/v1770204012/pacientes/gcvpaxfzermvx8kovgfc.jpg	36
22	Anya Valentina	Palenque Corico	2022-11-10	F	Lucia Daniela Corico Mancilla	madre	78716462	\N	Calle Argote N° 25	Retraso Global del Desarrollo			activo	2026-01-12 22:56:52.734071+00	2026-02-08 06:46:37.661129+00	\N	\N	\N	\N	image/upload/v1770533197/pacientes/kvqq1a76fnu2d6eborpc.jpg	\N
44	Juan Luis	Flores Rivera	2016-04-04	M	Glised  Zambrana Llanos	tutor	76756966	\N	Aldeas SOS	TDAH \r\nDificultad de Aprendizaje			activo	2026-01-14 15:31:05.65291+00	2026-01-14 15:31:05.652927+00	\N	\N	\N	\N	\N	\N
47	Lucas Andre	Calizaya Puita	2022-04-29	M	JHulisa Puita Mamani	madre	67934149	\N	Final La Paz N° 29				inactivo	2026-01-14 15:40:47.394124+00	2026-01-14 15:40:47.394134+00	\N	\N	\N	\N	\N	\N
49	Thiago Matias	Barahona Mancilla	2016-09-13	M	Monica Daniela Mancilla	madre	67859588	\N	Calle Argote N° 225	TEA 2			activo	2026-01-14 22:00:25.911081+00	2026-01-14 22:00:25.911093+00	\N	\N	\N	\N	\N	\N
52	Grober Sebastian	Pino OLivares	2018-01-12	M	Ariana Olivares Choque	madre	60470832	\N	Calle Hernandez N°629	TDAH			activo	2026-01-14 23:32:02.937533+00	2026-01-14 23:32:02.937591+00	\N	\N	\N	\N	\N	\N
43	Jeremias	Garnica Orcko	2020-07-14	M	Eduarda Orcko Bravo	madre	72429739	\N	Calle 14 de Infanteria N°86	TEA 2			activo	2026-01-14 15:26:30.638129+00	2026-01-25 02:02:17.558039+00	\N	\N	\N	\N	\N	\N
45	Keyli Luciana	Coyla Flores	2022-03-27	F	Yoselin Flores Terrazas	madre	79444285	\N	Calle Hernandez N°530	Retrazo Global del Desarrollo			inactivo	2026-01-14 15:36:31.528929+00	2026-01-25 02:03:24.650268+00	\N	\N	\N	\N	\N	\N
59	Mariam Alejandra	Mamani Pinto	2023-09-15	F	Silvia Pinto Bernal	madre	79441500	\N	Omiste y Lidio Ustares S/N	Camina con la punta de los pies	Displacia de cadera solamente con tratamiento de doble pañal	ninguna	activo	2026-01-19 22:23:30.741975+00	2026-01-19 22:23:30.741985+00	\N	\N	\N	\N	\N	\N
46	Kilian Ruben	Pinto Lugo	2019-06-05	M	Ruben Pinto Calla	padre	76167078	\N	Calle 2 de agosto N°64 Zona Catedral Ltda	TDAH			inactivo	2026-01-14 15:38:52.651661+00	2026-01-25 02:04:08.629423+00	\N	\N	\N	\N	\N	\N
63	Said Samir	Avendaño Erazo	2013-04-14	M	Gabriela Erazo Hualampa	madre	63686862	\N	Calle Modesto Omiste (Villazon)				activo	2026-01-21 19:52:05.561107+00	2026-01-21 19:52:05.561118+00	\N	\N	\N	\N	\N	\N
64	Dalia	Otalora Marcelo	2016-04-17	F	Henrry Otalora	padre	75726587	\N					activo	2026-01-21 22:02:13.357611+00	2026-01-21 22:02:13.357623+00	\N	\N	\N	\N	\N	\N
66	Aysel Sharon	Villarroel Coro	2020-04-20	F	Diego Villarroel Gutierrez	padre	78620863	\N	Av. Murillo N 109		Dificultades en la conducta		activo	2026-01-22 14:42:06.717559+00	2026-01-22 14:42:06.717569+00	\N	\N	padre	\N	\N	\N
55	Zaid Lucas	Martinez Ramires	2019-03-12	M	Ruben Martinez	padre	69617730	\N	Calle Haiti S/N, esquina Garcia	TEA 1			inactivo	2026-01-15 13:33:17.255515+00	2026-02-02 00:57:29.858161+00	\N	\N	\N	\N	\N	\N
68	Erick	Aguirre Alcaraz	2015-09-25	M	Patricia Alcaraz Camacho	madre	76176555	\N	Av. Circumbalacion N°84				activo	2026-01-22 18:55:21.177423+00	2026-01-22 18:58:53.056154+00	\N	\N	\N	\N	\N	\N
70	Ignacio Ariel	Olmedo Lizondo	2025-04-22	M	Jessica Lizondo Delgado	madre	78635313	\N		Estimulación temprana Hidroterapia	Antecedente de displacia de cadera		activo	2026-01-24 16:23:40.260085+00	2026-01-24 16:23:40.260097+00	\N	\N	\N	\N	\N	\N
57	Ayelen Aitana	Cruz Cruz	2024-03-28	F	Gilda Cruz Flores	madre	72430509	\N	Zona Puytucani Calle San Bartolome	Displacia de Cadera\r\nRetraso del desarrollo	Uso de Arnez por 5 meses, actualmente no camina	ninguna	inactivo	2026-01-17 14:03:29.132887+00	2026-01-25 01:53:03.966037+00	\N	\N	\N	\N	\N	\N
65	Liam Israel	Villarroel Coro	2022-01-02	M	Maria Fernanda Coro Vedia	madre	78620261	\N	Av. Murillo N 109		No puede hablar de manera fluida		activo	2026-01-22 14:39:27.482889+00	2026-01-25 02:05:28.444695+00	\N	\N	\N	\N	\N	\N
71	Anthony Fabricio	Nogales Castro	2020-03-25	M	Jackie Jared Castro Hurtado	madre	77470591	\N	Calle Moscu # 24	Transtorno del Espectro Autista			activo	2026-01-25 02:13:01.12983+00	2026-01-25 02:13:01.129844+00	\N	Franco Mauricio Nogales Galarza	padre	78714541	\N	\N
60	Angel Fabian	Aguirre Vega	2019-01-07	M	Abraham Cristofer Aguirre Zuleta	padre	69620361	\N	Calle Haiti N 99		En proceso de evaluacion	Ninguna	activo	2026-01-20 14:29:58.998184+00	2026-02-02 00:19:05.484007+00	\N	\N	\N	67957391	\N	35
73	Fernando	Condori Chumacero	2010-02-04	M	Cecilia Chumacero	madre	73389286	\N		T.E.A.?	Dificultades en el lenguaje y la comunicacion		activo	2026-01-25 03:25:47.191791+00	2026-01-25 03:25:47.191802+00	\N	\N	\N	\N	\N	\N
80	Herlan Gustavo	Mamani Vera	2010-04-27	M	Giovanna Milenka Vera	madre	78756884	\N		TDAH hace 3 años aproximadamente	Paciente no cuenta con un Diagnostico definido y requiere saber el Diagnostico real		activo	2026-01-29 18:55:04.868586+00	2026-01-29 18:55:04.868597+00	\N	Wilson Javier Mamani Mendoza	padre	67939077	\N	\N
69	Matias Josue	Fuentes Fernandez	2016-03-08	M	Shirley Fernandez	madre	78727357	\N			Dificultades en el area del Lenguaje		activo	2026-01-22 20:38:44.605168+00	2026-01-29 23:46:36.389378+00	\N	\N	\N	\N	\N	\N
81	Liam Mateo	Zelaya Espinoza	2024-06-09	M	Natalia Espinoza Coro	madre	68316765	\N		No tiene Diagnostico anterior	No habla, y segun la mamá presenta signos de autismo		activo	2026-01-31 13:39:26.015309+00	2026-02-08 16:45:19.331387+00	\N	\N	\N	\N	\N	\N
67	Dante	Aguirre Alcaraz	2022-05-19	M	Patricia Alcaraz Camacho	madre	76177555	\N	Av. Circumbalacion N°84\r\nZona Poleoducto				activo	2026-01-22 16:00:20.582161+00	2026-02-02 00:56:05.015372+00	\N	Hernan Aguirre Mamani	padre	70472874	image/upload/v1769993764/pacientes/oxnvozfbpfbzfvoztxik.jpg	\N
74	Alison Mishel	Lopez Ramos	2018-05-12	F	Williams Lopez Portillo	padre	64387434	\N			Dificultades de aprendizaje		activo	2026-01-25 03:30:35.890546+00	2026-02-11 23:02:34.198482+00	\N	\N	\N	\N	\N	\N
76	Dante	Gutierrez Sanchez	2022-04-03	M	Gabriel Gutierrez	padre	60460724	\N			Dificultades en el desarrollo del Lenguaje		inactivo	2026-01-25 22:38:17.208987+00	2026-02-01 20:59:53.561138+00	\N	\N	\N	\N	\N	\N
78	Santiago Rurik	Alcaraz Patricio	2025-07-04	M	Julia Patricio	madre	72439532	\N			Evaluacion de Desarollo Infantil		inactivo	2026-01-25 23:33:49.580396+00	2026-02-01 21:02:52.133864+00	\N	\N	\N	\N	\N	\N
72	Luis Eduardo	Mirabal Uño	2019-04-06	M	Nadir Uño Enriquez	madre	76183966	\N	Avenida Murillo N 231	TDAH\r\nSospecha de Talento Extraordinario			activo	2026-01-25 02:59:08.817567+00	2026-02-02 00:26:34.430028+00	\N	Luis Eduardo Mirabal Romero	padre	72408891	\N	26
61	Enzo Matias	Huallpa Arando	2024-11-07	M	Zaida Arando Benavidez	madre	61925628	\N	Av. Murillo N 93	Retraso Global del Desarrollo	Antecedente de control de neuropediatria con posible resultado de Crisis convulsivas	Alergia al Dioxadol	activo	2026-01-20 16:14:21.187921+00	2026-02-02 00:18:30.009326+00	\N	\N	\N	\N	image/upload/v1769991383/pacientes/utibqtjsdx7wyrmqwjhg.jpg	34
62	Valentina Alba	Flores Villca	2023-02-14	F	Claudia Villca Geronimo	madre	68290911	\N	Calle Luis Zarate S/N/ Villa Copacabana	Sx. de Down	Retraso del Desarrollo	Ninguna	activo	2026-01-20 21:10:58.206103+00	2026-02-02 00:27:54.890131+00	\N	\N	\N	\N	\N	30
77	Thiago Abdiel	Flores Villca	2021-06-26	M	Mabel Fita Mamani	madre	72364053	\N			Dificultades en la conducta		inactivo	2026-01-25 23:26:30.509669+00	2026-02-02 00:28:24.126173+00	\N	\N	\N	\N	\N	\N
82	Alana Genesis	Mamanillo Quispe	2024-11-13	F	Yessica Quispe Ortiz	madre	69651182	\N	Zona Tikaloma				activo	2026-01-31 15:55:52.577864+00	2026-02-02 00:43:09.434605+00	\N	\N	\N	\N	\N	\N
42	Juaquin Wagner	Berrios Alvarez	2016-07-04	M	Ivett Alvarez C ampos	madre	71439166	\N	Calle Surco N° 248	TEA 2			activo	2026-01-14 14:05:08.162467+00	2026-02-02 01:57:43.031113+00	\N	\N	\N	\N	\N	\N
50	Mateo Erdair	Vera Mamani	2021-10-08	M	Reyna Mamani Viraca	madre	72475562	\N	Tres Cruces Belen	TEA 2			inactivo	2026-01-14 23:24:13.180331+00	2026-02-02 22:54:04.092415+00	\N	\N	\N	\N	\N	\N
54	Angeles Marissa	Erquicia Escalante	2019-08-11	F	Maria Isabel Escalante	madre	64383904	\N	Calle Chuquisaca N°1070	PCI			inactivo	2026-01-15 13:27:10.863187+00	2026-02-02 22:54:33.244846+00	\N	\N	\N	\N	\N	\N
51	Sebastian Mateo	Venegas Venegas	2018-10-11	M	Elizabeth Venegas Ramos	madre	75721416	\N	Calle Bustillos N°453	TDL Secundario TSH			activo	2026-01-14 23:28:57.968135+00	2026-02-03 03:42:23.465632+00	\N	\N	\N	\N	\N	\N
48	Luis Clemente	Llanos Isla	2017-11-15	M	Irma Isla Campos	madre	72366341	\N	Chuquisaca N° 1285	TDAH			activo	2026-01-14 15:48:19.917701+00	2026-02-03 23:05:26.139699+00	\N	\N	\N	\N	\N	\N
75	Ezequiel Julian	Alejandro Romero	2021-08-04	M	Mariela Romero Quintanilla	madre	78735333	\N					inactivo	2026-01-25 03:40:33.178568+00	2026-02-09 19:18:44.318578+00	\N	\N	\N	\N	\N	\N
103	Benjamin Franco	Quispe Portillo	2014-08-26	M	Fabiola Portillo Javier	madre	76161282	\N	Agua de Castilla	Antecedente de nacer prematuro y actualmente presenta dificultades en la escritura y problemas escolares			activo	2026-02-10 15:22:46.226509+00	2026-02-10 15:22:46.226522+00	\N	\N	\N	\N	\N	\N
104	Samir Alessandro	Villca Duran	2021-03-14	M	Angela Karen Duran Riverin	madre	74252654	\N	Zona San Benito Calle Daniel Campos s/n	Transtorno del Espectro Autista 1 a 2			activo	2026-02-10 15:55:09.86961+00	2026-02-10 15:55:09.869622+00	\N	Fredy Armando Villca Mamani	padre	68377263	\N	\N
83	Jair Dorian	Albino Choque	2021-12-05	M	Maria Luz Choque Mamani	madre	78710348	\N	Av. Sevilla SN Zona Ferroviaria	Transtorno del Espectro Autista II - III	Sospecha de TDAH		activo	2026-02-01 20:02:57.334567+00	2026-02-02 00:22:45.800677+00	\N	Raul Robert Albino Zenteno	padre	78710348	\N	21
84	Jhoan Maximiliano	Chipana Tacuri	2020-09-01	M	Jhoselin Tacuri	madre	69625663	\N	Av. Los Angeles N 53	Transtorno del Espectro Autista I \r\nTranstorno del Lenguaje	Sospecha de TDAH		activo	2026-02-01 21:22:26.955728+00	2026-02-02 00:23:12.549607+00	\N	Vladimir Chipana	padre	73710966	\N	28
86	Leonardo Sebastian	Colque Alderete	2016-07-16	M	Ericka Jhovana Alderete Ramos	madre	73862414	\N					activo	2026-02-02 13:09:03.310833+00	2026-02-02 13:10:25.667473+00	\N	\N	\N	\N	\N	\N
105	Briana	Cordero Rocabado	2022-03-01	F	Patricia Rocabado Romero	madre	73883812	\N					activo	2026-02-11 23:41:20.81251+00	2026-02-11 23:42:42.840214+00	\N	\N	\N	\N	\N	\N
89	Mathias Alessandro	Duarte Cruz	2025-04-11	M	Maria Jose Cruz	madre	63695285	\N	calle 1ero de Abril	Estimulacion Temprana	No gatea		activo	2026-02-03 20:20:36.038651+00	2026-02-03 20:20:36.038661+00	\N	\N	\N	\N	\N	\N
90	Frederick Yohan	Delgado Seco	2019-01-14	M	Cynthia Carola Diaz Arriola	madre	78621520	\N					activo	2026-02-03 22:32:29.336402+00	2026-02-03 22:32:47.020301+00	\N	Jesus Mamani Pavia	padre	76161575	\N	\N
91	Vincent Zaim	Huata Peña	2022-04-25	M	Inger Peña Duran	madre	70474190	\N					activo	2026-02-04 13:21:15.611383+00	2026-02-04 13:31:23.515828+00	\N	Oscar Huata Mamani	padre	72375047	\N	\N
93	Aylem Sharlet	Veliz Laura	2013-05-19	F	Naida Jhoselin Laura Puma	madre	74156226	\N	Armando Alba y Aramayo	En proceso de Evaluación Psicológica			activo	2026-02-04 22:52:05.779463+00	2026-02-04 22:52:05.779477+00	\N	\N	\N	\N	\N	\N
94	Jose Gael	Barrios Carbajal	2022-03-28	M	Celia Carbajal Mamani	madre	71157022	\N	Calle Chayanta S/N				activo	2026-02-05 20:36:59.333338+00	2026-02-05 20:36:59.333349+00	\N	\N	\N	\N	\N	\N
95	Antonela Anais	Mendizabal Chura	2019-09-23	F	Claudia Chura Rojas	madre	72410415	\N	Calle Colombia N222	Dificultades en la Pronunciacion en la L, R.			activo	2026-02-05 21:02:33.031826+00	2026-02-05 21:02:33.031837+00	\N	\N	\N	\N	\N	\N
79	Santiago Nicolas	Mendoza Villafan	2023-07-27	M	Milenka Vianca Villafan Lima	madre	69912511	\N	Calama entre Civica y av Arce \r\nfrente al colegio medico	Sospecha de TEA			activo	2026-01-28 15:41:31.170009+00	2026-02-05 21:15:18.881545+00	\N	Vidal Mendoza Mamani	padre	74288413	\N	\N
97	Gael Eivan	Pimentel Condori	2020-02-06	M	Carlos Ivan Pimentel Ricaldi	padre	786305500	\N		Sospecha de Transtorno del Espectro Autista	Padre refiere que hace 3 años el pequeño fue diagnosticado en San Juan de Dios con Autismo pero que despues acudio a Sucre donde la Dra. Raquel Moreno y se descarto por lo cual se tiene duda de un diagnostico definitivo		activo	2026-02-05 23:09:52.341348+00	2026-02-05 23:09:52.341359+00	\N	\N	\N	\N	\N	\N
98	Jhoswa Eliazar	Quispe Saigua	2016-11-18	M	Felipa Saigua Bernal	madre	74230080	\N	Municipio Porco				activo	2026-02-06 19:10:52.473017+00	2026-02-06 19:10:52.473026+00	\N	\N	\N	\N	\N	\N
96	Lucas	Huanaco Rodas	2024-01-28	M	Fatima Rodas Calvo	madre	63696816	\N					activo	2026-02-05 23:01:38.123668+00	2026-02-06 22:03:33.417089+00	\N	\N	\N	\N	\N	\N
99	Kaleb Zabdiel	Huaranca Taca	2019-06-16	M	Maria Taca Machaca	madre	73183069	\N	tica tica salida uyuni		dificultad para hablar		activo	2026-02-07 14:11:41.432705+00	2026-02-07 14:11:41.432719+00	\N	\N	\N	\N	\N	\N
88	Nicolas Maximiliano	Martinez Cuba	2023-02-22	M	Rolando Cesar Martiz Soto	padre	61912954	\N					activo	2026-02-03 14:51:12.572415+00	2026-02-08 06:08:32.128225+00	\N	\N	\N	\N	\N	\N
100	Alvaro Josue	Ramos Sucullani	2020-02-07	M	Roxana Sucullani	madre	78711155	\N	Zona Alta cerca a la ex fabrica Coca Cola				activo	2026-02-08 17:42:15.043238+00	2026-02-08 17:42:15.043251+00	\N	\N	\N	\N	\N	\N
87	Kenneth Gadiel	Peña Bautista	2021-05-28	M	Lepsi Bautista Iriarte	madre	72375743	\N	Argentina N 53 Zona Satelite				inactivo	2026-02-02 20:16:56.089196+00	2026-02-09 19:20:42.151771+00	\N	\N	\N	\N	\N	\N
101	Limber Fabian	Quispe Portillo	2025-02-16	M	Fabiola Portillo Javier	madre	76161282	\N	Aguade Castilla	Displacia de cadera	Uso de ferula hace 6 meses		activo	2026-02-09 19:40:44.91801+00	2026-02-09 19:40:44.918019+00	\N	\N	\N	\N	\N	\N
92	Sebastian Jonatan	Galvan Cortez	2012-07-15	M	Danitza Cortez Perez	madre	77471595	\N	Calle 6 de Agosto Altura Ex Corte quemada	Sx. De Cornelia de Lange			activo	2026-02-04 20:29:31.155149+00	2026-02-09 20:14:56.191531+00	\N	Jonatan Jahdiel Galvan Ricaldi	padre	76177848	\N	\N
102	Katherin Samanta	Flores Cruz	2021-08-05	F	Ximena Cruz Montero	madre	65462797	\N					activo	2026-02-10 14:52:50.786543+00	2026-02-10 14:56:03.676911+00	\N	Wilber Marcial Flores Chambi	padre	77470497	\N	\N
106	Enzo Jeanpoul	Colque Flores	2021-10-04	M	Maria Paola Flores Villca	madre	63743458	\N			El motivo por el que me comunico con su centro es que tengo mi niño de 4 años ya que entro a primera seccion, el aun no puede hablar correctamente, es decir no puede formular preguntas y demas, pero dice diferentes palabras y ademas en la conducta no puede estar quieto es extrovertido		activo	2026-02-11 23:53:41.375268+00	2026-02-11 23:53:41.375281+00	\N	\N	\N	\N	\N	\N
85	Abel Fernando	Mamani Castro	2014-03-09	M	Fabiola Castro Delgado	madre	73896947	\N	Calle Uncia N 64				activo	2026-02-01 23:01:09.477808+00	2026-02-12 14:51:56.163098+00	\N	Evaristo Mamani Flores	padre	73879005	\N	20
\.


--
-- Data for Name: pacientes_paciente_sucursales; Type: TABLE DATA; Schema: public; Owner: centro_misael_user
--

COPY public.pacientes_paciente_sucursales (id, paciente_id, sucursal_id) FROM stdin;
3	3	4
4	4	3
8	8	3
9	9	3
10	10	3
11	11	3
12	12	3
13	13	3
14	14	3
15	15	3
16	16	3
17	17	3
18	18	3
19	19	3
20	20	3
21	21	3
22	22	4
23	23	4
24	24	4
25	25	3
26	26	3
27	27	4
28	28	4
29	29	4
30	30	4
31	31	4
33	33	4
35	35	4
36	36	4
37	37	4
38	38	4
39	39	4
40	40	4
41	41	4
42	42	4
43	43	4
44	44	4
45	45	4
46	46	4
47	47	4
48	48	4
49	49	4
50	50	4
51	51	4
52	52	4
54	54	4
55	55	4
58	57	4
60	59	3
61	60	3
62	61	3
63	62	3
64	63	4
65	64	4
66	65	3
67	66	3
68	67	4
69	68	4
70	69	3
71	70	3
72	71	3
73	72	3
74	73	3
75	74	3
76	75	3
77	76	3
78	77	3
79	78	3
80	79	4
81	80	3
82	81	3
83	82	4
84	83	3
85	84	3
86	85	3
87	86	4
88	87	3
89	88	4
90	89	4
91	90	4
92	91	4
93	92	3
94	93	3
95	94	3
96	95	3
97	79	3
98	96	3
99	97	3
100	98	3
101	99	3
102	100	3
103	101	3
104	102	4
105	103	3
106	104	3
107	105	3
108	106	3
\.


--
-- Data for Name: pacientes_pacienteservicio; Type: TABLE DATA; Schema: public; Owner: centro_misael_user
--

COPY public.pacientes_pacienteservicio (id, costo_sesion, activo, fecha_inicio, observaciones, paciente_id, servicio_id, fecha_modificacion) FROM stdin;
224	70.00	t	2026-02-03 15:57:38.461396+00		88	4	2026-02-03 15:58:50.777292+00
4	50.00	t	2026-01-12 15:28:19.954144+00	Plan Mensual	3	10	2026-02-02 22:55:30.586574+00
6	70.00	t	2026-01-12 15:28:20.022718+00	Plan Mensual	3	4	2026-02-02 22:55:30.570721+00
8	50.00	t	2026-01-12 15:28:20.107329+00	Plan Mensual	3	7	2026-02-02 22:55:30.575002+00
7	70.00	t	2026-01-12 15:28:20.078105+00	Plan Mensual	3	11	2026-02-02 22:55:30.579084+00
5	70.00	t	2026-01-12 15:28:19.9872+00	Plan Mensual	3	6	2026-02-02 22:55:30.582841+00
227	50.00	t	2026-02-03 15:58:50.721271+00		88	7	2026-02-03 15:58:50.780687+00
225	70.00	t	2026-02-03 15:57:38.46579+00		88	11	2026-02-03 15:58:50.784205+00
46	70.00	t	2026-01-12 21:19:07.73721+00		17	5	2026-01-12 21:19:07.737223+00
51	50.00	t	2026-01-12 21:23:21.005541+00		19	13	2026-01-12 21:23:21.005556+00
61	20.00	t	2026-01-12 23:23:05.015825+00		23	12	2026-01-12 23:23:05.015837+00
69	50.00	t	2026-01-13 22:33:50.860205+00		27	9	2026-01-13 22:33:50.860217+00
70	20.00	t	2026-01-13 22:38:10.459877+00		28	12	2026-01-13 22:38:10.45989+00
71	70.00	t	2026-01-13 22:38:10.490606+00		28	6	2026-01-13 22:38:10.490619+00
72	70.00	t	2026-01-13 22:40:10.434256+00		29	6	2026-01-13 22:40:10.434266+00
73	70.00	t	2026-01-13 22:45:38.495867+00		30	6	2026-01-13 22:45:38.495879+00
74	70.00	t	2026-01-13 22:50:40.241352+00		31	6	2026-01-13 22:50:40.241368+00
75	50.00	t	2026-01-13 22:50:40.269652+00		31	7	2026-01-13 22:50:40.269665+00
76	70.00	t	2026-01-13 22:50:40.298778+00		31	4	2026-01-13 22:50:40.29879+00
77	20.00	t	2026-01-13 22:50:40.328247+00		31	12	2026-01-13 22:50:40.328257+00
228	70.00	t	2026-02-03 15:58:50.766612+00		88	6	2026-02-03 15:58:50.787789+00
226	50.00	t	2026-02-03 15:57:38.469687+00		88	10	2026-02-03 15:58:50.791268+00
84	70.00	t	2026-01-14 13:28:24.563192+00		35	4	2026-02-03 22:21:43.562496+00
90	70.00	t	2026-01-14 13:47:27.470532+00		39	6	2026-01-14 13:47:27.470548+00
91	50.00	t	2026-01-14 13:47:27.501213+00		39	10	2026-01-14 13:47:27.501223+00
92	50.00	t	2026-01-14 13:47:27.533449+00		39	9	2026-01-14 13:47:27.533461+00
93	70.00	t	2026-01-14 13:47:27.56382+00		39	4	2026-01-14 13:47:27.563833+00
94	50.00	t	2026-01-14 13:47:27.594416+00		39	7	2026-01-14 13:47:27.594427+00
95	70.00	t	2026-01-14 13:51:33.301763+00		40	6	2026-01-14 13:51:33.301778+00
56	70.00	t	2026-01-12 21:28:24.557194+00		21	4	2026-02-02 00:17:57.438503+00
27	70.00	t	2026-01-12 20:43:26.367098+00		11	5	2026-02-02 00:19:31.137475+00
60	50.00	t	2026-01-12 21:28:24.681332+00		21	9	2026-02-02 00:17:57.441917+00
58	50.00	t	2026-01-12 21:28:24.619623+00		21	7	2026-02-02 00:17:57.445197+00
57	70.00	t	2026-01-12 21:28:24.587996+00		21	6	2026-02-02 00:17:57.452545+00
59	50.00	t	2026-01-12 21:28:24.649899+00		21	10	2026-02-02 00:17:57.456174+00
28	50.00	t	2026-01-12 20:43:26.39936+00		11	7	2026-02-02 00:19:31.140782+00
83	70.00	t	2026-01-14 13:28:24.316227+00		35	6	2026-02-03 22:21:43.630267+00
37	70.00	t	2026-01-12 20:56:41.851074+00		13	4	2026-02-02 00:20:39.935277+00
23	50.00	t	2026-01-12 20:27:24.703177+00		8	7	2026-02-01 19:43:10.040878+00
19	70.00	t	2026-01-12 20:27:24.597974+00		8	6	2026-02-01 19:43:10.044168+00
34	70.00	t	2026-01-12 20:56:41.768516+00		13	11	2026-02-02 00:20:39.941559+00
39	70.00	t	2026-01-12 21:08:49.685876+00		15	6	2026-02-09 19:17:45.904248+00
20	70.00	t	2026-01-12 20:27:24.624611+00		8	4	2026-02-01 19:43:10.033501+00
21	50.00	t	2026-01-12 20:27:24.650545+00		8	9	2026-02-01 19:43:10.037255+00
22	50.00	t	2026-01-12 20:27:24.67716+00		8	10	2026-02-01 19:43:10.047299+00
68	70.00	t	2026-01-13 21:12:02.505306+00		26	6	2026-02-01 21:00:50.572532+00
35	70.00	t	2026-01-12 20:56:41.796287+00		13	6	2026-02-02 00:20:39.94482+00
36	50.00	t	2026-01-12 20:56:41.823603+00		13	10	2026-02-02 00:20:39.947959+00
26	50.00	t	2026-01-12 20:35:05.99663+00		10	13	2026-02-02 00:21:41.030949+00
25	50.00	t	2026-01-12 20:35:05.955842+00		10	8	2026-02-02 00:21:41.034596+00
53	70.00	t	2026-01-12 21:26:07.870537+00		20	4	2026-02-04 01:32:44.261236+00
67	50.00	t	2026-01-13 14:55:23.861893+00		25	13	2026-02-02 00:23:46.329696+00
55	50.00	t	2026-01-12 21:26:07.972808+00		20	9	2026-02-04 01:32:44.264321+00
24	50.00	t	2026-01-12 20:32:10.638933+00		9	13	2026-02-02 00:21:06.455195+00
52	70.00	t	2026-01-12 21:26:07.84023+00		20	6	2026-02-04 01:32:44.334386+00
54	50.00	t	2026-01-12 21:26:07.921476+00		20	10	2026-02-04 01:32:44.337917+00
30	50.00	t	2026-01-12 20:47:55.839153+00		12	8	2026-02-02 00:27:29.1467+00
10	70.00	t	2026-01-12 15:28:23.65499+00		4	4	2026-02-02 00:27:02.340854+00
42	70.00	t	2026-01-12 21:15:25.140926+00		16	4	2026-02-02 00:29:14.83149+00
44	50.00	t	2026-01-12 21:15:25.203075+00		16	9	2026-02-02 00:29:14.835214+00
45	50.00	t	2026-01-12 21:15:25.233652+00		16	7	2026-02-02 00:29:14.838722+00
41	70.00	t	2026-01-12 21:15:25.109276+00		16	6	2026-02-02 00:29:14.842218+00
29	20.00	t	2026-01-12 20:47:55.812575+00		12	12	2026-02-02 00:27:29.143257+00
31	50.00	t	2026-01-12 20:47:55.865686+00		12	9	2026-02-02 00:27:29.150219+00
32	50.00	t	2026-01-12 20:47:55.892367+00		12	7	2026-02-02 00:27:29.153676+00
33	70.00	t	2026-01-12 20:47:55.920017+00		12	6	2026-02-02 00:27:29.157102+00
38	50.00	t	2026-01-12 21:03:41.161323+00		14	13	2026-02-02 00:29:45.23482+00
82	20.00	t	2026-01-14 13:28:24.264052+00		35	12	2026-02-03 22:21:43.559259+00
232	70.00	t	2026-02-03 22:32:29.427784+00		90	6	2026-02-03 22:32:47.042882+00
43	50.00	t	2026-01-12 21:15:25.171436+00		16	10	2026-02-02 00:29:14.845674+00
65	70.00	t	2026-01-12 23:29:58.963597+00		24	4	2026-02-02 00:53:43.320837+00
66	50.00	t	2026-01-12 23:29:58.994708+00		24	9	2026-02-02 00:53:43.32976+00
64	50.00	t	2026-01-12 23:29:58.930782+00		24	7	2026-02-02 00:53:43.333071+00
62	70.00	t	2026-01-12 23:29:58.865199+00		24	6	2026-02-02 00:53:43.336369+00
63	50.00	t	2026-01-12 23:29:58.899519+00		24	10	2026-02-02 00:53:43.339663+00
89	20.00	t	2026-01-14 13:42:26.904441+00		38	12	2026-02-02 00:54:57.62677+00
88	70.00	t	2026-01-14 13:42:26.878489+00		38	4	2026-02-02 00:54:57.630093+00
87	50.00	t	2026-01-14 13:42:26.848537+00		38	9	2026-02-02 00:54:57.633333+00
86	50.00	t	2026-01-14 13:42:26.822551+00		38	7	2026-02-02 00:54:57.636776+00
85	70.00	t	2026-01-14 13:42:26.795311+00		38	6	2026-02-02 00:54:57.640183+00
231	50.00	t	2026-02-03 22:32:29.346033+00		90	7	2026-02-03 22:32:47.039638+00
233	20.00	t	2026-02-03 22:32:47.027146+00		90	12	2026-02-03 22:32:47.036428+00
240	300.00	t	2026-02-04 22:52:05.787585+00		93	16	2026-02-04 22:52:05.787594+00
236	1000.00	t	2026-02-04 13:31:23.523899+00		91	21	2026-02-04 13:31:23.534684+00
246	200.00	t	2026-02-06 19:10:52.482727+00		98	18	2026-02-06 19:10:52.482741+00
47	70.00	t	2026-01-12 21:21:34.827212+00		18	6	2026-02-06 20:39:19.840636+00
247	200.00	t	2026-02-06 22:03:33.426795+00		96	20	2026-02-06 22:03:33.44075+00
250	50.00	t	2026-02-08 06:08:32.130703+00		88	9	2026-02-08 06:08:32.13071+00
244	250.00	t	2026-02-05 23:01:38.132188+00		96	15	2026-02-06 22:03:33.436103+00
252	70.00	t	2026-02-08 16:45:19.334625+00		81	11	2026-02-08 16:45:19.334634+00
221	1800.00	t	2026-02-02 20:16:56.098926+00		87	22	2026-02-09 19:20:42.163053+00
96	50.00	t	2026-01-14 13:51:33.335251+00		40	10	2026-01-14 13:51:33.335265+00
97	50.00	t	2026-01-14 13:51:33.367509+00		40	9	2026-01-14 13:51:33.367523+00
98	70.00	t	2026-01-14 13:51:33.397848+00		40	4	2026-01-14 13:51:33.397886+00
99	50.00	t	2026-01-14 13:51:33.428224+00		40	7	2026-01-14 13:51:33.428242+00
100	20.00	t	2026-01-14 13:51:33.464908+00		40	12	2026-01-14 13:51:33.464923+00
105	70.00	t	2026-01-14 14:05:08.263736+00		42	6	2026-01-14 14:05:08.263748+00
106	50.00	t	2026-01-14 14:05:08.301739+00		42	10	2026-01-14 14:05:08.301754+00
107	50.00	t	2026-01-14 14:05:08.331949+00		42	9	2026-01-14 14:05:08.331962+00
108	70.00	t	2026-01-14 14:05:08.361883+00		42	4	2026-01-14 14:05:08.361898+00
109	20.00	t	2026-01-14 14:05:08.393534+00		42	12	2026-01-14 14:05:08.393547+00
110	50.00	t	2026-01-14 14:05:08.423645+00		42	7	2026-01-14 14:05:08.423658+00
116	70.00	t	2026-01-14 15:31:05.741992+00		44	4	2026-01-14 15:31:05.742009+00
117	50.00	t	2026-01-14 15:31:05.772111+00		44	7	2026-01-14 15:31:05.772129+00
118	20.00	t	2026-01-14 15:31:05.800357+00		44	12	2026-01-14 15:31:05.800375+00
119	50.00	t	2026-01-14 15:48:20.002198+00		48	10	2026-01-14 15:48:20.002215+00
120	70.00	t	2026-01-14 15:48:20.029674+00		48	4	2026-01-14 15:48:20.029691+00
121	50.00	t	2026-01-14 15:48:20.056816+00		48	7	2026-01-14 15:48:20.056829+00
122	70.00	t	2026-01-14 22:00:26.002656+00		49	6	2026-01-14 22:00:26.002667+00
123	50.00	t	2026-01-14 22:00:26.029485+00		49	10	2026-01-14 22:00:26.029495+00
124	20.00	t	2026-01-14 22:00:26.055587+00		49	12	2026-01-14 22:00:26.055598+00
125	70.00	t	2026-01-14 22:00:26.081479+00		49	4	2026-01-14 22:00:26.08149+00
126	50.00	t	2026-01-14 22:00:26.110787+00		49	7	2026-01-14 22:00:26.1108+00
127	50.00	t	2026-01-14 22:00:26.1385+00		49	9	2026-01-14 22:00:26.138511+00
128	70.00	t	2026-01-14 23:28:58.151796+00		51	6	2026-01-14 23:28:58.151811+00
129	50.00	t	2026-01-14 23:28:58.188397+00		51	9	2026-01-14 23:28:58.188409+00
130	70.00	t	2026-01-14 23:28:58.221051+00		51	4	2026-01-14 23:28:58.221063+00
131	50.00	t	2026-01-14 23:28:58.252712+00		51	7	2026-01-14 23:28:58.252725+00
132	20.00	t	2026-01-14 23:28:58.283193+00		51	12	2026-01-14 23:28:58.283208+00
222	50.00	t	2026-02-03 03:20:14.463929+00		22	9	2026-02-03 03:20:14.463939+00
161	300.00	t	2026-01-22 19:53:40.266733+00		36	4	2026-02-03 04:31:58.466616+00
229	200.00	t	2026-02-03 20:20:36.046441+00		89	20	2026-02-03 20:20:36.04645+00
234	50.00	t	2026-02-04 01:32:44.250601+00		20	7	2026-02-04 01:32:44.330896+00
241	250.00	t	2026-02-05 20:36:59.345301+00		94	15	2026-02-05 20:36:59.345315+00
242	300.00	t	2026-02-05 20:36:59.353198+00		94	16	2026-02-05 20:36:59.35321+00
143	200.00	t	2026-01-19 22:23:30.964461+00		59	24	2026-01-19 22:23:30.964472+00
238	200.00	f	2026-02-04 20:29:31.191728+00		92	25	2026-02-04 20:29:31.191739+00
237	200.00	t	2026-02-04 20:29:31.187342+00		92	19	2026-02-09 20:14:56.222971+00
175	1000.00	t	2026-01-25 03:30:36.075842+00		74	21	2026-02-11 23:02:34.225904+00
152	70.00	t	2026-01-21 22:02:13.585474+00		64	4	2026-01-21 22:02:13.585486+00
153	70.00	t	2026-01-21 22:02:13.708995+00		64	6	2026-01-21 22:02:13.709009+00
155	1000.00	t	2026-01-22 14:42:06.924906+00		66	21	2026-01-22 14:42:06.924918+00
141	200.00	t	2026-01-17 14:03:29.351697+00	Evaluacion Jackie Castro	57	24	2026-01-25 01:53:04.269213+00
144	20.00	t	2026-01-20 14:29:59.196135+00		60	12	2026-02-02 00:19:05.532104+00
156	70.00	t	2026-01-22 16:02:14.12773+00		67	4	2026-02-02 00:56:05.537167+00
157	50.00	t	2026-01-22 16:02:14.259236+00		67	10	2026-02-02 00:56:05.540917+00
193	50.00	t	2026-02-01 20:04:43.933467+00		83	7	2026-02-02 00:22:45.838511+00
183	50.00	t	2026-01-29 23:21:18.021114+00		13	7	2026-02-02 00:20:39.938422+00
158	70.00	t	2026-01-22 18:58:53.751273+00		68	4	2026-01-22 18:58:54.245969+00
159	70.00	t	2026-01-22 18:58:53.914272+00		68	6	2026-01-22 18:58:54.379709+00
197	50.00	t	2026-02-01 21:07:17.131573+00		9	9	2026-02-02 00:21:06.532403+00
194	70.00	t	2026-02-01 20:04:43.934276+00		83	11	2026-02-02 00:22:45.841665+00
114	70.00	t	2026-01-14 15:26:30.835357+00		43	4	2026-01-25 02:02:18.192473+00
113	50.00	t	2026-01-14 15:26:30.804161+00		43	9	2026-01-25 02:02:18.309969+00
160	20.00	t	2026-01-22 19:53:40.151405+00		36	12	2026-01-22 19:53:40.735459+00
162	50.00	t	2026-01-22 19:53:40.38219+00		36	7	2026-01-22 19:53:40.971913+00
163	70.00	t	2026-01-22 19:53:40.494375+00		36	6	2026-01-22 19:53:41.084984+00
164	250.00	t	2026-01-22 20:38:44.8372+00		69	15	2026-01-22 20:38:44.837215+00
165	100.00	t	2026-01-24 16:23:40.466773+00		70	14	2026-01-24 16:23:40.466786+00
115	50.00	t	2026-01-14 15:26:30.863833+00		43	7	2026-01-25 02:02:18.435796+00
111	70.00	t	2026-01-14 15:26:30.736678+00		43	6	2026-01-25 02:02:18.561866+00
112	50.00	t	2026-01-14 15:26:30.772298+00		43	10	2026-01-25 02:02:18.688219+00
154	1000.00	t	2026-01-22 14:39:27.701026+00		65	21	2026-01-25 02:05:28.744228+00
166	20.00	t	2026-01-25 02:13:01.348286+00		71	12	2026-01-25 02:13:01.348301+00
167	70.00	t	2026-01-25 02:13:01.462378+00		71	4	2026-01-25 02:13:01.462392+00
168	50.00	t	2026-01-25 02:13:01.582638+00		71	7	2026-01-25 02:13:01.582652+00
169	70.00	t	2026-01-25 02:13:01.717068+00		71	6	2026-01-25 02:13:01.717086+00
170	50.00	t	2026-01-25 02:13:01.845984+00		71	10	2026-01-25 02:13:01.845997+00
174	250.00	t	2026-01-25 03:25:47.541431+00		73	15	2026-01-25 03:25:47.541449+00
171	70.00	t	2026-01-25 02:15:00.315579+00		21	11	2026-02-02 00:17:57.448824+00
195	70.00	t	2026-02-01 20:04:43.934989+00		83	6	2026-02-02 00:22:45.844842+00
181	1800.00	t	2026-01-28 15:41:31.179893+00		79	22	2026-01-28 15:41:31.179902+00
182	1000.00	t	2026-01-29 18:55:04.93492+00		80	21	2026-01-29 18:55:04.934933+00
184	400.00	t	2026-01-29 23:46:36.419193+00		69	17	2026-01-29 23:46:36.419203+00
178	250.00	t	2026-01-25 22:38:17.408116+00		76	15	2026-02-01 20:59:53.585069+00
180	200.00	t	2026-01-25 23:33:49.779969+00		78	20	2026-02-01 21:02:52.185246+00
196	50.00	t	2026-02-01 20:04:43.935701+00		83	10	2026-02-02 00:22:45.848225+00
150	50.00	t	2026-01-20 16:14:21.40778+00		61	13	2026-02-02 00:18:30.021814+00
173	50.00	t	2026-01-25 02:59:09.172514+00		72	7	2026-02-02 00:26:34.446359+00
192	70.00	t	2026-02-01 20:04:43.932371+00		83	4	2026-02-02 00:22:45.835216+00
102	50.00	t	2026-01-14 13:59:43.895683+00		41	10	2026-02-02 01:43:26.545113+00
172	70.00	t	2026-01-25 02:59:09.045113+00		72	4	2026-02-02 00:26:34.44326+00
185	50.00	t	2026-01-30 15:30:02.459271+00		4	10	2026-02-02 00:27:02.35386+00
188	70.00	t	2026-01-30 15:30:02.534831+00		4	11	2026-02-02 00:27:02.347537+00
186	70.00	t	2026-01-30 15:30:02.460569+00		4	6	2026-02-02 00:27:02.35076+00
187	50.00	t	2026-01-30 15:30:02.533542+00		4	7	2026-02-02 00:27:02.344064+00
151	50.00	t	2026-01-20 21:10:58.429562+00		62	13	2026-02-02 00:27:54.937464+00
179	300.00	t	2026-01-25 23:26:30.705726+00		77	16	2026-02-02 00:28:24.137494+00
198	50.00	t	2026-02-01 21:11:11.08664+00		14	9	2026-02-02 00:29:45.23855+00
191	50.00	t	2026-01-31 15:57:17.125831+00		82	13	2026-02-02 00:43:09.450565+00
101	70.00	t	2026-01-14 13:59:43.867332+00		41	6	2026-02-02 01:43:26.541667+00
103	50.00	t	2026-01-14 13:59:43.923554+00		41	9	2026-02-02 01:43:26.534755+00
104	70.00	t	2026-01-14 13:59:43.95144+00		41	4	2026-02-02 01:43:26.531292+00
223	70.00	t	2026-02-03 03:42:23.469183+00		51	11	2026-02-03 03:42:23.469194+00
268	20.00	t	2026-02-11 23:02:34.20628+00		74	12	2026-02-11 23:02:34.222204+00
230	50.00	t	2026-02-03 22:21:43.549852+00		35	7	2026-02-03 22:21:43.565747+00
235	70.00	t	2026-02-04 11:18:48.038004+00		20	11	2026-02-04 11:18:48.038017+00
269	70.00	t	2026-02-11 23:02:34.211589+00		74	4	2026-02-11 23:02:34.229523+00
239	50.00	t	2026-02-04 22:43:36.75486+00		81	13	2026-02-04 22:43:36.76427+00
189	200.00	t	2026-01-31 13:39:26.049414+00		81	20	2026-02-04 22:43:36.825499+00
190	1000.00	t	2026-01-31 14:40:46.157772+00		81	23	2026-02-04 22:43:36.829646+00
145	70.00	t	2026-01-20 14:29:59.372699+00		60	4	2026-02-02 00:19:05.535398+00
146	50.00	t	2026-01-20 14:29:59.70557+00		60	9	2026-02-02 00:19:05.538596+00
147	50.00	t	2026-01-20 14:29:59.893788+00		60	7	2026-02-02 00:19:05.541929+00
202	70.00	t	2026-02-01 22:21:37.350485+00		60	11	2026-02-02 00:19:05.54548+00
148	70.00	t	2026-01-20 14:29:59.996775+00		60	6	2026-02-02 00:19:05.548697+00
149	50.00	t	2026-01-20 14:30:00.104599+00		60	10	2026-02-02 00:19:05.551895+00
243	250.00	t	2026-02-05 21:02:33.041765+00		95	15	2026-02-05 21:02:33.041777+00
245	1800.00	t	2026-02-05 23:09:52.351094+00		97	22	2026-02-05 23:09:52.351108+00
199	20.00	t	2026-02-01 21:22:26.965869+00		84	12	2026-02-02 00:23:12.638006+00
200	70.00	t	2026-02-01 21:22:26.971091+00		84	4	2026-02-02 00:23:12.641675+00
201	70.00	t	2026-02-01 21:22:26.987048+00		84	6	2026-02-02 00:23:12.645377+00
205	200.00	t	2026-02-02 00:43:09.443005+00		82	20	2026-02-02 00:43:09.45419+00
49	70.00	t	2026-01-12 21:21:34.887498+00		18	4	2026-02-06 20:39:19.828392+00
50	50.00	t	2026-01-12 21:21:34.915725+00		18	9	2026-02-06 20:39:19.832561+00
48	50.00	t	2026-01-12 21:21:34.854227+00		18	7	2026-02-06 20:39:19.836687+00
248	250.00	t	2026-02-07 14:11:41.449417+00		99	15	2026-02-07 14:11:41.449432+00
206	50.00	t	2026-02-02 01:00:36.495249+00		33	8	2026-02-02 01:00:36.529843+00
207	70.00	t	2026-02-02 01:00:36.498972+00		33	4	2026-02-02 01:00:36.533262+00
208	50.00	t	2026-02-02 01:00:36.502115+00		33	9	2026-02-02 01:00:36.536571+00
209	70.00	t	2026-02-02 01:00:36.505363+00		33	6	2026-02-02 01:00:36.539863+00
210	50.00	t	2026-02-02 01:00:36.50876+00		33	10	2026-02-02 01:00:36.543026+00
249	300.00	t	2026-02-07 14:11:41.504464+00		99	16	2026-02-07 14:11:41.504482+00
211	70.00	t	2026-02-02 01:43:26.484258+00		41	11	2026-02-02 01:43:26.538218+00
212	70.00	t	2026-02-02 01:57:43.034157+00		42	11	2026-02-02 01:57:43.034168+00
213	70.00	t	2026-02-02 02:04:39.638327+00		38	11	2026-02-02 02:04:39.638338+00
251	50.00	t	2026-02-08 06:46:37.664791+00		22	8	2026-02-08 06:46:37.664804+00
253	50.00	t	2026-02-08 17:42:15.090602+00		100	8	2026-02-08 17:42:15.090616+00
214	20.00	t	2026-02-02 13:10:25.673694+00		86	12	2026-02-02 13:10:25.714705+00
215	70.00	t	2026-02-02 13:10:25.677809+00		86	4	2026-02-02 13:10:25.718384+00
216	50.00	t	2026-02-02 13:10:25.681343+00		86	7	2026-02-02 13:10:25.7219+00
40	50.00	t	2026-01-12 21:08:49.716628+00		15	10	2026-02-09 19:17:45.908032+00
176	250.00	t	2026-01-25 03:40:33.386486+00		75	15	2026-02-09 19:18:44.333916+00
217	70.00	t	2026-02-02 13:25:50.60712+00		22	4	2026-02-02 13:25:50.631637+00
218	70.00	t	2026-02-02 13:25:50.613398+00		22	11	2026-02-02 13:25:50.635319+00
219	70.00	t	2026-02-02 13:25:50.618849+00		22	6	2026-02-02 13:25:50.63943+00
220	50.00	t	2026-02-02 13:25:50.622686+00		22	10	2026-02-02 13:25:50.642861+00
177	300.00	t	2026-01-25 03:40:33.504862+00		75	16	2026-02-09 19:18:44.395576+00
254	200.00	t	2026-02-09 19:40:44.927817+00		101	24	2026-02-09 19:40:44.927826+00
270	50.00	t	2026-02-11 23:02:34.215156+00		74	7	2026-02-11 23:02:34.233332+00
271	300.00	t	2026-02-11 23:42:42.847066+00		105	16	2026-02-11 23:42:42.853746+00
255	70.00	t	2026-02-09 20:14:56.200237+00		92	4	2026-02-09 20:14:56.227019+00
256	50.00	t	2026-02-09 20:14:56.205321+00		92	9	2026-02-09 20:14:56.231156+00
257	70.00	t	2026-02-09 20:14:56.210319+00		92	11	2026-02-09 20:14:56.294555+00
258	50.00	t	2026-02-09 20:14:56.214753+00		92	10	2026-02-09 20:14:56.299628+00
272	250.00	t	2026-02-11 23:53:41.44044+00		106	15	2026-02-11 23:53:41.440454+00
259	250.00	t	2026-02-10 14:56:03.695413+00		102	15	2026-02-10 14:56:03.704865+00
260	1000.00	t	2026-02-10 15:22:46.296717+00		103	21	2026-02-10 15:22:46.296735+00
261	20.00	t	2026-02-10 15:55:09.880828+00		104	12	2026-02-10 15:55:09.880841+00
262	70.00	t	2026-02-10 15:55:09.899867+00		104	4	2026-02-10 15:55:09.899881+00
263	50.00	t	2026-02-10 15:55:09.9055+00		104	9	2026-02-10 15:55:09.905512+00
264	50.00	t	2026-02-10 15:55:09.909985+00		104	7	2026-02-10 15:55:09.909999+00
265	70.00	t	2026-02-10 15:55:09.914907+00		104	11	2026-02-10 15:55:09.914921+00
266	70.00	t	2026-02-10 15:55:09.920957+00		104	6	2026-02-10 15:55:09.920971+00
267	50.00	t	2026-02-10 15:55:09.926008+00		104	10	2026-02-10 15:55:09.92602+00
273	300.00	t	2026-02-11 23:53:41.445714+00		106	16	2026-02-11 23:53:41.445727+00
203	70.00	t	2026-02-01 23:01:09.486519+00		85	5	2026-02-12 14:51:56.224124+00
204	50.00	t	2026-02-01 23:01:09.490421+00		85	7	2026-02-12 14:51:56.228294+00
274	70.00	t	2026-02-12 14:51:56.214059+00		85	6	2026-02-12 14:51:56.23216+00
\.


--
-- Data for Name: profesionales_profesional; Type: TABLE DATA; Schema: public; Owner: centro_misael_user
--

COPY public.profesionales_profesional (id, nombre, apellido, especialidad, telefono, email, activo, fecha_ingreso, user_id, foto) FROM stdin;
9	Alejandra Emilia	Aramayo Contreras	Psicopedagoga	69643854		t	2026-01-12	14	image/upload/v1768602869/profesionales/iwpvzl571uuuy7mmwhfx.jpg
6	Emily Claret	Arando Carvajal	Psicologa Infantil	60469793		t	2026-01-12	10	image/upload/v1768603058/profesionales/gv7gkfzh9qq7gjy0m7yt.jpg
8	Dayana	Armijo Torrez	Psicopedagoga	61653954		t	2026-01-12	15	image/upload/v1768605967/profesionales/opgrglzhndcgelbfztkw.jpg
4	Jackie Jared	Castro Hurtado	Medico / Esp. en Neurodesarrollo	77470591		t	2026-01-11	9	image/upload/v1768523976/profesionales/u4piuhhwca6erkejkp8x.jpg
3	Patricia Paola	Cuevas Peña	Psicopedagoga/Terapista de Lenguaje	72093148		t	2026-01-11	8	image/upload/v1768605150/profesionales/h8p8icfoidybsj55rfxo.jpg
5	Liset Ariana	Olivares Choque	Psicopedagoga/terapista de lenguaje	60470832		t	2026-01-12	11	image/upload/v1768850116/profesionales/rwru6vrbsffzetr13bxx.jpg
13	Dani	Velasquez Romero	Maestra Parvularia / Apoyo Escolar	79435217		t	2026-01-16	19	image/upload/v1768605113/profesionales/i5uemjvkyfssshoqdkfy.jpg
10	Maria Lourdes	Rodriguez Romero	Psicopedagoga/Terapia Ocupacional	77860740		t	2026-01-12	13	image/upload/v1768605376/profesionales/cv4wdr9nefuahz6fndho.jpg
7	Edith Paola	Chijo Pino	Maestra Parvularia / Apoyo Escolar	76171119		t	2026-01-12	12	image/upload/v1768603401/profesionales/xe2ucvsuzdetjtujs50n.jpg
12	Michelle Andrea	Gonzales Padilla	Psicologa	68620662		t	2026-01-12	17	image/upload/v1768605910/profesionales/fw7mbtvevugyorifwdsr.jpg
11	Ana Gabriela	Rodriguez Romero	Tec. Sup. en Primera Infancia/Estimulacion Temprana	60423507		t	2026-01-12	16	image/upload/v1768850060/profesionales/xntoru6rselhkljmedsh.jpg
14	Jhuly Patricia	Coro Veliz	Psicologa Infantil	69622211		t	2026-02-03	41	\N
\.


--
-- Data for Name: profesionales_profesional_servicios; Type: TABLE DATA; Schema: public; Owner: centro_misael_user
--

COPY public.profesionales_profesional_servicios (id, profesional_id, tiposervicio_id) FROM stdin;
3	3	6
4	4	9
5	4	11
6	4	13
7	4	14
8	5	6
9	6	4
10	6	5
11	7	10
12	7	12
13	8	7
14	9	7
15	10	10
16	11	9
17	11	13
18	12	4
19	12	5
20	13	12
21	11	14
22	9	17
23	6	16
25	6	21
26	6	22
27	6	23
29	8	17
32	4	8
33	4	18
34	4	19
35	4	20
36	4	21
37	4	24
43	3	15
44	12	16
45	12	21
46	12	22
47	12	23
50	5	15
54	10	17
57	10	21
70	9	23
71	8	21
72	8	22
73	8	23
84	4	22
91	3	21
92	3	22
93	12	9
94	12	11
95	12	13
96	12	20
99	5	21
100	5	22
101	11	10
103	10	25
104	10	20
105	10	7
106	14	4
107	14	5
108	14	21
109	14	22
110	14	23
111	11	11
\.


--
-- Data for Name: profesionales_profesional_sucursales; Type: TABLE DATA; Schema: public; Owner: centro_misael_user
--

COPY public.profesionales_profesional_sucursales (id, profesional_id, sucursal_id) FROM stdin;
3	3	3
4	4	3
5	4	4
6	5	4
7	6	3
8	7	3
9	8	4
10	9	3
11	10	4
12	11	3
13	11	4
14	12	4
15	13	4
16	14	4
17	7	4
\.


--
-- Data for Name: servicios_sucursal; Type: TABLE DATA; Schema: public; Owner: centro_misael_user
--

COPY public.servicios_sucursal (id, nombre, direccion, telefono, activa, email) FROM stdin;
3	Suc. Japon	Calle Japon # 28 entre Melchor Daza y Calderon Zona Ciudad Satelite	76175352	t	
4	Suc. Millares	Calle Millares #24 entre Hoyos y Linares a unos pasos de la Iglesia de La Merced Zona Central	78633975	t	
\.


--
-- Data for Name: servicios_tiposervicio; Type: TABLE DATA; Schema: public; Owner: centro_misael_user
--

COPY public.servicios_tiposervicio (id, nombre, descripcion, duracion_minutos, costo_base, color, activo, precio_mensual, precio_proyecto) FROM stdin;
4	PSICOLOGIA INFANTIL	"La psicología infantil es la rama de la psicología que se centra en el estudio del desarrollo emocional, cognitivo, social y conductual de los niños desde el nacimiento hasta la adolescencia. Su objetivo es comprender cómo los factores biológicos, psicológicos y ambientales influyen en su crecimiento, detectar dificultades o trastornos tempranos, y diseñar intervenciones que promuevan un desarrollo saludable y equilibrado."	45	70.00	#ce3bf7	t	\N	\N
5	PSICOLOGIA ADOLESCENTES	"La psicología en el área de adolescentes se centra en el estudio del desarrollo psicológico, emocional, social y cognitivo durante la adolescencia. Su objetivo es comprender los cambios propios de esta etapa, identificar dificultades o riesgos en el bienestar mental, y diseñar estrategias de intervención y acompañamiento que favorezcan la autonomía, la autoestima, la regulación emocional y la adaptación social del adolescente."	45	70.00	#4e133b	t	\N	\N
6	TERAPIA DE LENGUAJE/FONOAUDIOLOGIA	"La terapia de lenguaje es una disciplina que se enfoca en la evaluación, diagnóstico e intervención de los trastornos de la comunicación y el lenguaje, tanto en niños como en adultos. Su objetivo es mejorar las habilidades lingüísticas, articulatorias, comprensivas y expresivas, así como favorecer la comunicación funcional en distintos contextos, potenciando el desarrollo cognitivo, social y emocional del individuo."	30	70.00	#f52905	t	\N	\N
7	PSICOPEDAGOGIA	"La psicopedagogía es una disciplina interdisciplinaria que estudia los procesos de aprendizaje desde una perspectiva psicológica y pedagógica. Su propósito es identificar, prevenir e intervenir ante dificultades en el aprendizaje, considerando factores cognitivos, emocionales, sociales y contextuales. Se centra en la evaluación de capacidades, estilos de aprendizaje y potencialidades, así como en el diseño de estrategias educativas individualizadas para optimizar el desarrollo integral del sujeto."	60	50.00	#3b82f6	t	\N	\N
8	FISIOTERAPIA Y REHABILITACION	"La fisioterapia y rehabilitación es una disciplina de la salud dedicada a la prevención, tratamiento y recuperación de alteraciones del movimiento y de la funcionalidad corporal. Mediante técnicas terapéuticas, ejercicios específicos y agentes físicos, busca restaurar, mantener y optimizar la movilidad, la fuerza, el equilibrio y la autonomía del paciente, mejorando su calidad de vida y previniendo complicaciones derivadas de lesiones, enfermedades o condiciones neuromusculares."	45	50.00	#eaf73b	t	\N	\N
9	PSICOMOTRICIDAD	"La psicomotricidad es una disciplina que estudia y favorece la relación entre el movimiento corporal y los procesos psicológicos, emocionales y cognitivos. Su objetivo es promover el desarrollo integral del individuo, mejorando la coordinación, el equilibrio, la lateralidad, la percepción espacial y temporal, así como la expresión emocional y la socialización. Se aplica especialmente en la infancia, pero también puede acompañar a personas de otras edades con necesidades de desarrollo motor y cognitivo."	45	50.00	#3bf783	t	\N	\N
10	TERAPIA OCUPACIONAL/INDEPENDENCIA PERSONAL	"La terapia ocupacional es una disciplina de la salud que busca promover la autonomía y la independencia de las personas en sus actividades diarias. A través de la evaluación y la intervención en habilidades motoras, cognitivas, sensoriales y socioemocionales, se diseñan estrategias personalizadas para mejorar la capacidad funcional, la participación social y la calidad de vida. Su enfoque incluye el desarrollo de destrezas para el autocuidado, la vida doméstica, la educación, el trabajo y el ocio, adaptando el entorno y las actividades a las necesidades de cada individuo."	45	50.00	#3bf4f7	t	\N	\N
11	TERAPIA DE INTEGRACION SENSORIAL	"La terapia sensorial es un enfoque terapéutico que se centra en la evaluación y estimulación de los sistemas sensoriales del individuo, como la vista, el oído, el tacto, el equilibrio y la propiocepción. Su objetivo es mejorar la integración sensorial, favoreciendo la regulación emocional, la atención, la coordinación motora y la participación funcional en actividades diarias. Se aplica especialmente en niños con dificultades en el procesamiento sensorial, trastornos del desarrollo o condiciones neurológicas, con el fin de potenciar su adaptación y desempeño en distintos entornos."	45	70.00	#49525f	t	\N	\N
12	APOYO ESCOLAR	"El apoyo escolar es un conjunto de estrategias educativas dirigidas a fortalecer el aprendizaje de los estudiantes, reforzando conocimientos académicos, habilidades cognitivas y técnicas de estudio. Su objetivo es atender las dificultades específicas de aprendizaje, fomentar la comprensión, la motivación y la autonomía, y favorecer un desempeño académico más efectivo y equilibrado en el contexto escolar."	60	20.00	#086339	t	\N	\N
13	ESTIMULACION TEMPRANA	"La estimulación múltiple temprana es un enfoque integral que combina diferentes áreas del desarrollo —cognitiva, motora, sensorial, emocional y social— a través de actividades planificadas desde los primeros meses de vida hasta los 3 años. Su objetivo es potenciar las capacidades del niño de manera simultánea, favoreciendo el aprendizaje, la comunicación, la coordinación y la autonomía, así como prevenir posibles retrasos en su desarrollo global."	45	50.00	#e58b9d	t	\N	\N
14	HIDROTERAPIA (0 a 4 años)	"La hidroterapia en tina pediátrica es una intervención terapéutica que utiliza el agua como medio para favorecer el desarrollo motor, sensorial y funcional de los niños. A través de ejercicios adaptados en el agua, se promueven la fuerza muscular, la coordinación, el equilibrio y la movilidad articular, al tiempo que se brinda un entorno seguro y motivador que facilita la relajación, la estimulación sensorial y la participación activa del niño en su proceso de rehabilitación."	60	100.00	#002d75	t	\N	\N
18	EVAL 04  PSICOMOTRICIDAD	Evaluacion Psicomotriz y de movimiento (Aprox. 1 dia)	45	200.00	#491d3b	t	\N	200.00
17	EVAL 03 PSICOPEDAGOGIA	Evaluacion Psicopedagogica completa (Aprox. 5 dias)	60	400.00	#d7902d	t	\N	400.00
19	EVAL 05 SENSORIAL	Evaluacion de Perfil Sensorial (Aprox. 1 dia)	45	200.00	#941e3c	t	\N	200.00
15	EVAL 01 LENGUAJE Y COMUNICACION	Evaluacion del area de Lenguaje y Comunicacion (Aprox. 3 dias)	30	250.00	#010a18	t	\N	250.00
20	EVAL 06 DESARROLLO INFATIL	Evaluacion de desarrollo Infantil para Estimulacion Temprana (Aprox. 1 dia)	45	200.00	#709924	t	\N	200.00
21	EVAL 10 EVALUACION INTEGRAL DE DESARROLLO INFANTIL	Evaluacion Integral de Desarrollo en las Areas de:\r\nLENGUAJE\r\nPSICOLOGIA\r\nDESARROLLO INFANTIL\r\nPSICOPEDAGOGIA	60	1000.00	#84c6d7	t	\N	1000.00
23	EVAL 11 EVALUACION PSICOLOGICA ADOS-2 Y ADIR-R	Evaluacion del Area de Psicologia \r\nAplicacion de Test Especializado ADOS-2 y ADIR-R	60	1000.00	#3cd71d	t	\N	1000.00
16	EVAL 02 PSICOLOGIA	Evaluacion completa del Area de Psicologia (Aprox. 3 dias)	45	300.00	#21b53a	t	\N	300.00
22	EVAL 09 EVALUACION INTEGRAL EN DIAGNOSTICO O SOSPECHA DE T.E.A.	Evaluacion integral para Diagnostico o Sospecha de Transtorno del Espectro Autista, evaluacion en las siguientes areas:\r\nLENGUAJE\r\nPSICOLOGIA (TEST ADOS-2 Y ADIR-R ESPECIALIZADO)\r\nDESARROLLO INFANTIL\r\nPERFIL SENSORIAL	60	1800.00	#ea0606	t	\N	1800.00
24	EVAL 07 FISIOTERAPIA Y REHABILITACION	Evaluacion en Area de Fisioterapia y Rehabilitacion (Aprox. 1 dia)	45	200.00	#6b4c4c	t	\N	200.00
25	EVAL 08 EVALUACION DE TERAPIA OCUAPACIONAL	Evaluacion de Desarrollo Adaptativo e independencia personal (Aprox. 1 dia)	45	200.00	#441958	t	\N	200.00
\.


--
-- Name: agenda_mensualidad_id_seq; Type: SEQUENCE SET; Schema: public; Owner: centro_misael_user
--

SELECT pg_catalog.setval('public.agenda_mensualidad_id_seq', 42, true);


--
-- Name: agenda_proyecto_id_seq; Type: SEQUENCE SET; Schema: public; Owner: centro_misael_user
--

SELECT pg_catalog.setval('public.agenda_proyecto_id_seq', 57, true);


--
-- Name: agenda_servicioprofesionalmensualidad_id_seq; Type: SEQUENCE SET; Schema: public; Owner: centro_misael_user
--

SELECT pg_catalog.setval('public.agenda_servicioprofesionalmensualidad_id_seq', 147, true);


--
-- Name: agenda_sesion_id_seq; Type: SEQUENCE SET; Schema: public; Owner: centro_misael_user
--

SELECT pg_catalog.setval('public.agenda_sesion_id_seq', 2214, true);


--
-- Name: auth_group_id_seq; Type: SEQUENCE SET; Schema: public; Owner: centro_misael_user
--

SELECT pg_catalog.setval('public.auth_group_id_seq', 1, false);


--
-- Name: auth_group_permissions_id_seq; Type: SEQUENCE SET; Schema: public; Owner: centro_misael_user
--

SELECT pg_catalog.setval('public.auth_group_permissions_id_seq', 1, false);


--
-- Name: auth_permission_id_seq; Type: SEQUENCE SET; Schema: public; Owner: centro_misael_user
--

SELECT pg_catalog.setval('public.auth_permission_id_seq', 80, true);


--
-- Name: auth_user_groups_id_seq; Type: SEQUENCE SET; Schema: public; Owner: centro_misael_user
--

SELECT pg_catalog.setval('public.auth_user_groups_id_seq', 1, false);


--
-- Name: auth_user_id_seq; Type: SEQUENCE SET; Schema: public; Owner: centro_misael_user
--

SELECT pg_catalog.setval('public.auth_user_id_seq', 43, true);


--
-- Name: auth_user_user_permissions_id_seq; Type: SEQUENCE SET; Schema: public; Owner: centro_misael_user
--

SELECT pg_catalog.setval('public.auth_user_user_permissions_id_seq', 144, true);


--
-- Name: core_perfilusuario_id_seq; Type: SEQUENCE SET; Schema: public; Owner: centro_misael_user
--

SELECT pg_catalog.setval('public.core_perfilusuario_id_seq', 42, true);


--
-- Name: core_perfilusuario_sucursales_id_seq; Type: SEQUENCE SET; Schema: public; Owner: centro_misael_user
--

SELECT pg_catalog.setval('public.core_perfilusuario_sucursales_id_seq', 14, true);


--
-- Name: django_admin_log_id_seq; Type: SEQUENCE SET; Schema: public; Owner: centro_misael_user
--

SELECT pg_catalog.setval('public.django_admin_log_id_seq', 1601, true);


--
-- Name: django_content_type_id_seq; Type: SEQUENCE SET; Schema: public; Owner: centro_misael_user
--

SELECT pg_catalog.setval('public.django_content_type_id_seq', 20, true);


--
-- Name: django_migrations_id_seq; Type: SEQUENCE SET; Schema: public; Owner: centro_misael_user
--

SELECT pg_catalog.setval('public.django_migrations_id_seq', 46, true);


--
-- Name: facturacion_cuentacorriente_id_seq; Type: SEQUENCE SET; Schema: public; Owner: centro_misael_user
--

SELECT pg_catalog.setval('public.facturacion_cuentacorriente_id_seq', 107, true);


--
-- Name: facturacion_factura_id_seq; Type: SEQUENCE SET; Schema: public; Owner: centro_misael_user
--

SELECT pg_catalog.setval('public.facturacion_factura_id_seq', 1, false);


--
-- Name: facturacion_factura_pagos_id_seq; Type: SEQUENCE SET; Schema: public; Owner: centro_misael_user
--

SELECT pg_catalog.setval('public.facturacion_factura_pagos_id_seq', 1, false);


--
-- Name: facturacion_metodopago_id_seq; Type: SEQUENCE SET; Schema: public; Owner: centro_misael_user
--

SELECT pg_catalog.setval('public.facturacion_metodopago_id_seq', 5, true);


--
-- Name: facturacion_pago_id_seq; Type: SEQUENCE SET; Schema: public; Owner: centro_misael_user
--

SELECT pg_catalog.setval('public.facturacion_pago_id_seq', 111, true);


--
-- Name: pacientes_paciente_id_seq; Type: SEQUENCE SET; Schema: public; Owner: centro_misael_user
--

SELECT pg_catalog.setval('public.pacientes_paciente_id_seq', 106, true);


--
-- Name: pacientes_paciente_sucursales_id_seq; Type: SEQUENCE SET; Schema: public; Owner: centro_misael_user
--

SELECT pg_catalog.setval('public.pacientes_paciente_sucursales_id_seq', 108, true);


--
-- Name: pacientes_pacienteservicio_id_seq; Type: SEQUENCE SET; Schema: public; Owner: centro_misael_user
--

SELECT pg_catalog.setval('public.pacientes_pacienteservicio_id_seq', 274, true);


--
-- Name: profesionales_profesional_id_seq; Type: SEQUENCE SET; Schema: public; Owner: centro_misael_user
--

SELECT pg_catalog.setval('public.profesionales_profesional_id_seq', 14, true);


--
-- Name: profesionales_profesional_servicios_id_seq; Type: SEQUENCE SET; Schema: public; Owner: centro_misael_user
--

SELECT pg_catalog.setval('public.profesionales_profesional_servicios_id_seq', 111, true);


--
-- Name: profesionales_profesional_sucursales_id_seq; Type: SEQUENCE SET; Schema: public; Owner: centro_misael_user
--

SELECT pg_catalog.setval('public.profesionales_profesional_sucursales_id_seq', 17, true);


--
-- Name: servicios_sucursal_id_seq; Type: SEQUENCE SET; Schema: public; Owner: centro_misael_user
--

SELECT pg_catalog.setval('public.servicios_sucursal_id_seq', 4, true);


--
-- Name: servicios_tiposervicio_id_seq; Type: SEQUENCE SET; Schema: public; Owner: centro_misael_user
--

SELECT pg_catalog.setval('public.servicios_tiposervicio_id_seq', 34, true);


--
-- Name: agenda_mensualidad agenda_mensualidad_codigo_key; Type: CONSTRAINT; Schema: public; Owner: centro_misael_user
--

ALTER TABLE ONLY public.agenda_mensualidad
    ADD CONSTRAINT agenda_mensualidad_codigo_key UNIQUE (codigo);


--
-- Name: agenda_mensualidad agenda_mensualidad_pkey; Type: CONSTRAINT; Schema: public; Owner: centro_misael_user
--

ALTER TABLE ONLY public.agenda_mensualidad
    ADD CONSTRAINT agenda_mensualidad_pkey PRIMARY KEY (id);


--
-- Name: agenda_proyecto agenda_proyecto_codigo_key; Type: CONSTRAINT; Schema: public; Owner: centro_misael_user
--

ALTER TABLE ONLY public.agenda_proyecto
    ADD CONSTRAINT agenda_proyecto_codigo_key UNIQUE (codigo);


--
-- Name: agenda_proyecto agenda_proyecto_pkey; Type: CONSTRAINT; Schema: public; Owner: centro_misael_user
--

ALTER TABLE ONLY public.agenda_proyecto
    ADD CONSTRAINT agenda_proyecto_pkey PRIMARY KEY (id);


--
-- Name: agenda_servicioprofesionalmensualidad agenda_servicioprofesion_mensualidad_id_servicio__0e48e106_uniq; Type: CONSTRAINT; Schema: public; Owner: centro_misael_user
--

ALTER TABLE ONLY public.agenda_servicioprofesionalmensualidad
    ADD CONSTRAINT agenda_servicioprofesion_mensualidad_id_servicio__0e48e106_uniq UNIQUE (mensualidad_id, servicio_id);


--
-- Name: agenda_servicioprofesionalmensualidad agenda_servicioprofesionalmensualidad_pkey; Type: CONSTRAINT; Schema: public; Owner: centro_misael_user
--

ALTER TABLE ONLY public.agenda_servicioprofesionalmensualidad
    ADD CONSTRAINT agenda_servicioprofesionalmensualidad_pkey PRIMARY KEY (id);


--
-- Name: agenda_sesion agenda_sesion_pkey; Type: CONSTRAINT; Schema: public; Owner: centro_misael_user
--

ALTER TABLE ONLY public.agenda_sesion
    ADD CONSTRAINT agenda_sesion_pkey PRIMARY KEY (id);


--
-- Name: auth_group auth_group_name_key; Type: CONSTRAINT; Schema: public; Owner: centro_misael_user
--

ALTER TABLE ONLY public.auth_group
    ADD CONSTRAINT auth_group_name_key UNIQUE (name);


--
-- Name: auth_group_permissions auth_group_permissions_group_id_permission_id_0cd325b0_uniq; Type: CONSTRAINT; Schema: public; Owner: centro_misael_user
--

ALTER TABLE ONLY public.auth_group_permissions
    ADD CONSTRAINT auth_group_permissions_group_id_permission_id_0cd325b0_uniq UNIQUE (group_id, permission_id);


--
-- Name: auth_group_permissions auth_group_permissions_pkey; Type: CONSTRAINT; Schema: public; Owner: centro_misael_user
--

ALTER TABLE ONLY public.auth_group_permissions
    ADD CONSTRAINT auth_group_permissions_pkey PRIMARY KEY (id);


--
-- Name: auth_group auth_group_pkey; Type: CONSTRAINT; Schema: public; Owner: centro_misael_user
--

ALTER TABLE ONLY public.auth_group
    ADD CONSTRAINT auth_group_pkey PRIMARY KEY (id);


--
-- Name: auth_permission auth_permission_content_type_id_codename_01ab375a_uniq; Type: CONSTRAINT; Schema: public; Owner: centro_misael_user
--

ALTER TABLE ONLY public.auth_permission
    ADD CONSTRAINT auth_permission_content_type_id_codename_01ab375a_uniq UNIQUE (content_type_id, codename);


--
-- Name: auth_permission auth_permission_pkey; Type: CONSTRAINT; Schema: public; Owner: centro_misael_user
--

ALTER TABLE ONLY public.auth_permission
    ADD CONSTRAINT auth_permission_pkey PRIMARY KEY (id);


--
-- Name: auth_user_groups auth_user_groups_pkey; Type: CONSTRAINT; Schema: public; Owner: centro_misael_user
--

ALTER TABLE ONLY public.auth_user_groups
    ADD CONSTRAINT auth_user_groups_pkey PRIMARY KEY (id);


--
-- Name: auth_user_groups auth_user_groups_user_id_group_id_94350c0c_uniq; Type: CONSTRAINT; Schema: public; Owner: centro_misael_user
--

ALTER TABLE ONLY public.auth_user_groups
    ADD CONSTRAINT auth_user_groups_user_id_group_id_94350c0c_uniq UNIQUE (user_id, group_id);


--
-- Name: auth_user auth_user_pkey; Type: CONSTRAINT; Schema: public; Owner: centro_misael_user
--

ALTER TABLE ONLY public.auth_user
    ADD CONSTRAINT auth_user_pkey PRIMARY KEY (id);


--
-- Name: auth_user_user_permissions auth_user_user_permissions_pkey; Type: CONSTRAINT; Schema: public; Owner: centro_misael_user
--

ALTER TABLE ONLY public.auth_user_user_permissions
    ADD CONSTRAINT auth_user_user_permissions_pkey PRIMARY KEY (id);


--
-- Name: auth_user_user_permissions auth_user_user_permissions_user_id_permission_id_14a6b632_uniq; Type: CONSTRAINT; Schema: public; Owner: centro_misael_user
--

ALTER TABLE ONLY public.auth_user_user_permissions
    ADD CONSTRAINT auth_user_user_permissions_user_id_permission_id_14a6b632_uniq UNIQUE (user_id, permission_id);


--
-- Name: auth_user auth_user_username_key; Type: CONSTRAINT; Schema: public; Owner: centro_misael_user
--

ALTER TABLE ONLY public.auth_user
    ADD CONSTRAINT auth_user_username_key UNIQUE (username);


--
-- Name: core_perfilusuario core_perfilusuario_paciente_id_key; Type: CONSTRAINT; Schema: public; Owner: centro_misael_user
--

ALTER TABLE ONLY public.core_perfilusuario
    ADD CONSTRAINT core_perfilusuario_paciente_id_key UNIQUE (paciente_id);


--
-- Name: core_perfilusuario core_perfilusuario_pkey; Type: CONSTRAINT; Schema: public; Owner: centro_misael_user
--

ALTER TABLE ONLY public.core_perfilusuario
    ADD CONSTRAINT core_perfilusuario_pkey PRIMARY KEY (id);


--
-- Name: core_perfilusuario core_perfilusuario_profesional_id_key; Type: CONSTRAINT; Schema: public; Owner: centro_misael_user
--

ALTER TABLE ONLY public.core_perfilusuario
    ADD CONSTRAINT core_perfilusuario_profesional_id_key UNIQUE (profesional_id);


--
-- Name: core_perfilusuario_sucursales core_perfilusuario_sucur_perfilusuario_id_sucursa_dabd7a32_uniq; Type: CONSTRAINT; Schema: public; Owner: centro_misael_user
--

ALTER TABLE ONLY public.core_perfilusuario_sucursales
    ADD CONSTRAINT core_perfilusuario_sucur_perfilusuario_id_sucursa_dabd7a32_uniq UNIQUE (perfilusuario_id, sucursal_id);


--
-- Name: core_perfilusuario_sucursales core_perfilusuario_sucursales_pkey; Type: CONSTRAINT; Schema: public; Owner: centro_misael_user
--

ALTER TABLE ONLY public.core_perfilusuario_sucursales
    ADD CONSTRAINT core_perfilusuario_sucursales_pkey PRIMARY KEY (id);


--
-- Name: core_perfilusuario core_perfilusuario_user_id_key; Type: CONSTRAINT; Schema: public; Owner: centro_misael_user
--

ALTER TABLE ONLY public.core_perfilusuario
    ADD CONSTRAINT core_perfilusuario_user_id_key UNIQUE (user_id);


--
-- Name: django_admin_log django_admin_log_pkey; Type: CONSTRAINT; Schema: public; Owner: centro_misael_user
--

ALTER TABLE ONLY public.django_admin_log
    ADD CONSTRAINT django_admin_log_pkey PRIMARY KEY (id);


--
-- Name: django_content_type django_content_type_app_label_model_76bd3d3b_uniq; Type: CONSTRAINT; Schema: public; Owner: centro_misael_user
--

ALTER TABLE ONLY public.django_content_type
    ADD CONSTRAINT django_content_type_app_label_model_76bd3d3b_uniq UNIQUE (app_label, model);


--
-- Name: django_content_type django_content_type_pkey; Type: CONSTRAINT; Schema: public; Owner: centro_misael_user
--

ALTER TABLE ONLY public.django_content_type
    ADD CONSTRAINT django_content_type_pkey PRIMARY KEY (id);


--
-- Name: django_migrations django_migrations_pkey; Type: CONSTRAINT; Schema: public; Owner: centro_misael_user
--

ALTER TABLE ONLY public.django_migrations
    ADD CONSTRAINT django_migrations_pkey PRIMARY KEY (id);


--
-- Name: django_session django_session_pkey; Type: CONSTRAINT; Schema: public; Owner: centro_misael_user
--

ALTER TABLE ONLY public.django_session
    ADD CONSTRAINT django_session_pkey PRIMARY KEY (session_key);


--
-- Name: facturacion_cuentacorriente facturacion_cuentacorriente_paciente_id_key; Type: CONSTRAINT; Schema: public; Owner: centro_misael_user
--

ALTER TABLE ONLY public.facturacion_cuentacorriente
    ADD CONSTRAINT facturacion_cuentacorriente_paciente_id_key UNIQUE (paciente_id);


--
-- Name: facturacion_cuentacorriente facturacion_cuentacorriente_pkey; Type: CONSTRAINT; Schema: public; Owner: centro_misael_user
--

ALTER TABLE ONLY public.facturacion_cuentacorriente
    ADD CONSTRAINT facturacion_cuentacorriente_pkey PRIMARY KEY (id);


--
-- Name: facturacion_factura facturacion_factura_numero_factura_key; Type: CONSTRAINT; Schema: public; Owner: centro_misael_user
--

ALTER TABLE ONLY public.facturacion_factura
    ADD CONSTRAINT facturacion_factura_numero_factura_key UNIQUE (numero_factura);


--
-- Name: facturacion_factura_pagos facturacion_factura_pagos_factura_id_pago_id_dfef369f_uniq; Type: CONSTRAINT; Schema: public; Owner: centro_misael_user
--

ALTER TABLE ONLY public.facturacion_factura_pagos
    ADD CONSTRAINT facturacion_factura_pagos_factura_id_pago_id_dfef369f_uniq UNIQUE (factura_id, pago_id);


--
-- Name: facturacion_factura_pagos facturacion_factura_pagos_pkey; Type: CONSTRAINT; Schema: public; Owner: centro_misael_user
--

ALTER TABLE ONLY public.facturacion_factura_pagos
    ADD CONSTRAINT facturacion_factura_pagos_pkey PRIMARY KEY (id);


--
-- Name: facturacion_factura facturacion_factura_pkey; Type: CONSTRAINT; Schema: public; Owner: centro_misael_user
--

ALTER TABLE ONLY public.facturacion_factura
    ADD CONSTRAINT facturacion_factura_pkey PRIMARY KEY (id);


--
-- Name: facturacion_metodopago facturacion_metodopago_nombre_key; Type: CONSTRAINT; Schema: public; Owner: centro_misael_user
--

ALTER TABLE ONLY public.facturacion_metodopago
    ADD CONSTRAINT facturacion_metodopago_nombre_key UNIQUE (nombre);


--
-- Name: facturacion_metodopago facturacion_metodopago_pkey; Type: CONSTRAINT; Schema: public; Owner: centro_misael_user
--

ALTER TABLE ONLY public.facturacion_metodopago
    ADD CONSTRAINT facturacion_metodopago_pkey PRIMARY KEY (id);


--
-- Name: facturacion_pago facturacion_pago_pkey; Type: CONSTRAINT; Schema: public; Owner: centro_misael_user
--

ALTER TABLE ONLY public.facturacion_pago
    ADD CONSTRAINT facturacion_pago_pkey PRIMARY KEY (id);


--
-- Name: pacientes_paciente pacientes_paciente_pkey; Type: CONSTRAINT; Schema: public; Owner: centro_misael_user
--

ALTER TABLE ONLY public.pacientes_paciente
    ADD CONSTRAINT pacientes_paciente_pkey PRIMARY KEY (id);


--
-- Name: pacientes_paciente_sucursales pacientes_paciente_sucur_paciente_id_sucursal_id_d936c38f_uniq; Type: CONSTRAINT; Schema: public; Owner: centro_misael_user
--

ALTER TABLE ONLY public.pacientes_paciente_sucursales
    ADD CONSTRAINT pacientes_paciente_sucur_paciente_id_sucursal_id_d936c38f_uniq UNIQUE (paciente_id, sucursal_id);


--
-- Name: pacientes_paciente_sucursales pacientes_paciente_sucursales_pkey; Type: CONSTRAINT; Schema: public; Owner: centro_misael_user
--

ALTER TABLE ONLY public.pacientes_paciente_sucursales
    ADD CONSTRAINT pacientes_paciente_sucursales_pkey PRIMARY KEY (id);


--
-- Name: pacientes_paciente pacientes_paciente_user_id_key; Type: CONSTRAINT; Schema: public; Owner: centro_misael_user
--

ALTER TABLE ONLY public.pacientes_paciente
    ADD CONSTRAINT pacientes_paciente_user_id_key UNIQUE (user_id);


--
-- Name: pacientes_pacienteservicio pacientes_pacienteservic_paciente_id_servicio_id_5f63e563_uniq; Type: CONSTRAINT; Schema: public; Owner: centro_misael_user
--

ALTER TABLE ONLY public.pacientes_pacienteservicio
    ADD CONSTRAINT pacientes_pacienteservic_paciente_id_servicio_id_5f63e563_uniq UNIQUE (paciente_id, servicio_id);


--
-- Name: pacientes_pacienteservicio pacientes_pacienteservicio_pkey; Type: CONSTRAINT; Schema: public; Owner: centro_misael_user
--

ALTER TABLE ONLY public.pacientes_pacienteservicio
    ADD CONSTRAINT pacientes_pacienteservicio_pkey PRIMARY KEY (id);


--
-- Name: profesionales_profesional_sucursales profesionales_profesiona_profesional_id_sucursal__9a9ff6d5_uniq; Type: CONSTRAINT; Schema: public; Owner: centro_misael_user
--

ALTER TABLE ONLY public.profesionales_profesional_sucursales
    ADD CONSTRAINT profesionales_profesiona_profesional_id_sucursal__9a9ff6d5_uniq UNIQUE (profesional_id, sucursal_id);


--
-- Name: profesionales_profesional_servicios profesionales_profesiona_profesional_id_tiposervi_1a14e901_uniq; Type: CONSTRAINT; Schema: public; Owner: centro_misael_user
--

ALTER TABLE ONLY public.profesionales_profesional_servicios
    ADD CONSTRAINT profesionales_profesiona_profesional_id_tiposervi_1a14e901_uniq UNIQUE (profesional_id, tiposervicio_id);


--
-- Name: profesionales_profesional profesionales_profesional_pkey; Type: CONSTRAINT; Schema: public; Owner: centro_misael_user
--

ALTER TABLE ONLY public.profesionales_profesional
    ADD CONSTRAINT profesionales_profesional_pkey PRIMARY KEY (id);


--
-- Name: profesionales_profesional_servicios profesionales_profesional_servicios_pkey; Type: CONSTRAINT; Schema: public; Owner: centro_misael_user
--

ALTER TABLE ONLY public.profesionales_profesional_servicios
    ADD CONSTRAINT profesionales_profesional_servicios_pkey PRIMARY KEY (id);


--
-- Name: profesionales_profesional_sucursales profesionales_profesional_sucursales_pkey; Type: CONSTRAINT; Schema: public; Owner: centro_misael_user
--

ALTER TABLE ONLY public.profesionales_profesional_sucursales
    ADD CONSTRAINT profesionales_profesional_sucursales_pkey PRIMARY KEY (id);


--
-- Name: profesionales_profesional profesionales_profesional_user_id_key; Type: CONSTRAINT; Schema: public; Owner: centro_misael_user
--

ALTER TABLE ONLY public.profesionales_profesional
    ADD CONSTRAINT profesionales_profesional_user_id_key UNIQUE (user_id);


--
-- Name: servicios_sucursal servicios_sucursal_pkey; Type: CONSTRAINT; Schema: public; Owner: centro_misael_user
--

ALTER TABLE ONLY public.servicios_sucursal
    ADD CONSTRAINT servicios_sucursal_pkey PRIMARY KEY (id);


--
-- Name: servicios_tiposervicio servicios_tiposervicio_nombre_key; Type: CONSTRAINT; Schema: public; Owner: centro_misael_user
--

ALTER TABLE ONLY public.servicios_tiposervicio
    ADD CONSTRAINT servicios_tiposervicio_nombre_key UNIQUE (nombre);


--
-- Name: servicios_tiposervicio servicios_tiposervicio_pkey; Type: CONSTRAINT; Schema: public; Owner: centro_misael_user
--

ALTER TABLE ONLY public.servicios_tiposervicio
    ADD CONSTRAINT servicios_tiposervicio_pkey PRIMARY KEY (id);


--
-- Name: agenda_sesion unique_paciente_fecha_hora; Type: CONSTRAINT; Schema: public; Owner: centro_misael_user
--

ALTER TABLE ONLY public.agenda_sesion
    ADD CONSTRAINT unique_paciente_fecha_hora UNIQUE (paciente_id, fecha, hora_inicio);


--
-- Name: agenda_mensualidad unique_paciente_periodo; Type: CONSTRAINT; Schema: public; Owner: centro_misael_user
--

ALTER TABLE ONLY public.agenda_mensualidad
    ADD CONSTRAINT unique_paciente_periodo UNIQUE (paciente_id, anio, mes);


--
-- Name: agenda_mens_codigo_8a3eae_idx; Type: INDEX; Schema: public; Owner: centro_misael_user
--

CREATE INDEX agenda_mens_codigo_8a3eae_idx ON public.agenda_mensualidad USING btree (codigo);


--
-- Name: agenda_mens_estado_00bc1f_idx; Type: INDEX; Schema: public; Owner: centro_misael_user
--

CREATE INDEX agenda_mens_estado_00bc1f_idx ON public.agenda_mensualidad USING btree (estado);


--
-- Name: agenda_mens_pacient_e1b4d9_idx; Type: INDEX; Schema: public; Owner: centro_misael_user
--

CREATE INDEX agenda_mens_pacient_e1b4d9_idx ON public.agenda_mensualidad USING btree (paciente_id, anio DESC, mes DESC);


--
-- Name: agenda_mensualidad_codigo_d8198042_like; Type: INDEX; Schema: public; Owner: centro_misael_user
--

CREATE INDEX agenda_mensualidad_codigo_d8198042_like ON public.agenda_mensualidad USING btree (codigo varchar_pattern_ops);


--
-- Name: agenda_mensualidad_creada_por_id_5a230a5c; Type: INDEX; Schema: public; Owner: centro_misael_user
--

CREATE INDEX agenda_mensualidad_creada_por_id_5a230a5c ON public.agenda_mensualidad USING btree (creada_por_id);


--
-- Name: agenda_mensualidad_modificada_por_id_b343bcdf; Type: INDEX; Schema: public; Owner: centro_misael_user
--

CREATE INDEX agenda_mensualidad_modificada_por_id_b343bcdf ON public.agenda_mensualidad USING btree (modificada_por_id);


--
-- Name: agenda_mensualidad_paciente_id_b4cde6f2; Type: INDEX; Schema: public; Owner: centro_misael_user
--

CREATE INDEX agenda_mensualidad_paciente_id_b4cde6f2 ON public.agenda_mensualidad USING btree (paciente_id);


--
-- Name: agenda_mensualidad_sucursal_id_4bd4948b; Type: INDEX; Schema: public; Owner: centro_misael_user
--

CREATE INDEX agenda_mensualidad_sucursal_id_4bd4948b ON public.agenda_mensualidad USING btree (sucursal_id);


--
-- Name: agenda_proy_codigo_800f46_idx; Type: INDEX; Schema: public; Owner: centro_misael_user
--

CREATE INDEX agenda_proy_codigo_800f46_idx ON public.agenda_proyecto USING btree (codigo);


--
-- Name: agenda_proy_estado_20ee2d_idx; Type: INDEX; Schema: public; Owner: centro_misael_user
--

CREATE INDEX agenda_proy_estado_20ee2d_idx ON public.agenda_proyecto USING btree (estado);


--
-- Name: agenda_proy_pacient_97226b_idx; Type: INDEX; Schema: public; Owner: centro_misael_user
--

CREATE INDEX agenda_proy_pacient_97226b_idx ON public.agenda_proyecto USING btree (paciente_id, fecha_inicio DESC);


--
-- Name: agenda_proyecto_codigo_e3385a05_like; Type: INDEX; Schema: public; Owner: centro_misael_user
--

CREATE INDEX agenda_proyecto_codigo_e3385a05_like ON public.agenda_proyecto USING btree (codigo varchar_pattern_ops);


--
-- Name: agenda_proyecto_creado_por_id_d7181c32; Type: INDEX; Schema: public; Owner: centro_misael_user
--

CREATE INDEX agenda_proyecto_creado_por_id_d7181c32 ON public.agenda_proyecto USING btree (creado_por_id);


--
-- Name: agenda_proyecto_modificado_por_id_b2ca2095; Type: INDEX; Schema: public; Owner: centro_misael_user
--

CREATE INDEX agenda_proyecto_modificado_por_id_b2ca2095 ON public.agenda_proyecto USING btree (modificado_por_id);


--
-- Name: agenda_proyecto_paciente_id_f4bd80de; Type: INDEX; Schema: public; Owner: centro_misael_user
--

CREATE INDEX agenda_proyecto_paciente_id_f4bd80de ON public.agenda_proyecto USING btree (paciente_id);


--
-- Name: agenda_proyecto_profesional_responsable_id_acefd13b; Type: INDEX; Schema: public; Owner: centro_misael_user
--

CREATE INDEX agenda_proyecto_profesional_responsable_id_acefd13b ON public.agenda_proyecto USING btree (profesional_responsable_id);


--
-- Name: agenda_proyecto_servicio_base_id_8488eabc; Type: INDEX; Schema: public; Owner: centro_misael_user
--

CREATE INDEX agenda_proyecto_servicio_base_id_8488eabc ON public.agenda_proyecto USING btree (servicio_base_id);


--
-- Name: agenda_proyecto_sucursal_id_221af2ae; Type: INDEX; Schema: public; Owner: centro_misael_user
--

CREATE INDEX agenda_proyecto_sucursal_id_221af2ae ON public.agenda_proyecto USING btree (sucursal_id);


--
-- Name: agenda_servicioprofesionalmensualidad_mensualidad_id_dd6117b2; Type: INDEX; Schema: public; Owner: centro_misael_user
--

CREATE INDEX agenda_servicioprofesionalmensualidad_mensualidad_id_dd6117b2 ON public.agenda_servicioprofesionalmensualidad USING btree (mensualidad_id);


--
-- Name: agenda_servicioprofesionalmensualidad_profesional_id_4683df7b; Type: INDEX; Schema: public; Owner: centro_misael_user
--

CREATE INDEX agenda_servicioprofesionalmensualidad_profesional_id_4683df7b ON public.agenda_servicioprofesionalmensualidad USING btree (profesional_id);


--
-- Name: agenda_servicioprofesionalmensualidad_servicio_id_22d66169; Type: INDEX; Schema: public; Owner: centro_misael_user
--

CREATE INDEX agenda_servicioprofesionalmensualidad_servicio_id_22d66169 ON public.agenda_servicioprofesionalmensualidad USING btree (servicio_id);


--
-- Name: agenda_sesi_estado_adb238_idx; Type: INDEX; Schema: public; Owner: centro_misael_user
--

CREATE INDEX agenda_sesi_estado_adb238_idx ON public.agenda_sesion USING btree (estado);


--
-- Name: agenda_sesi_fecha_03f5eb_idx; Type: INDEX; Schema: public; Owner: centro_misael_user
--

CREATE INDEX agenda_sesi_fecha_03f5eb_idx ON public.agenda_sesion USING btree (fecha, hora_inicio);


--
-- Name: agenda_sesi_pacient_02aaee_idx; Type: INDEX; Schema: public; Owner: centro_misael_user
--

CREATE INDEX agenda_sesi_pacient_02aaee_idx ON public.agenda_sesion USING btree (paciente_id, fecha);


--
-- Name: agenda_sesi_profesi_39e30f_idx; Type: INDEX; Schema: public; Owner: centro_misael_user
--

CREATE INDEX agenda_sesi_profesi_39e30f_idx ON public.agenda_sesion USING btree (profesional_id, fecha);


--
-- Name: agenda_sesi_proyect_d2d654_idx; Type: INDEX; Schema: public; Owner: centro_misael_user
--

CREATE INDEX agenda_sesi_proyect_d2d654_idx ON public.agenda_sesion USING btree (proyecto_id);


--
-- Name: agenda_sesion_creada_por_id_2d0dc4ec; Type: INDEX; Schema: public; Owner: centro_misael_user
--

CREATE INDEX agenda_sesion_creada_por_id_2d0dc4ec ON public.agenda_sesion USING btree (creada_por_id);


--
-- Name: agenda_sesion_mensualidad_id_e375063d; Type: INDEX; Schema: public; Owner: centro_misael_user
--

CREATE INDEX agenda_sesion_mensualidad_id_e375063d ON public.agenda_sesion USING btree (mensualidad_id);


--
-- Name: agenda_sesion_modificada_por_id_6b3201fd; Type: INDEX; Schema: public; Owner: centro_misael_user
--

CREATE INDEX agenda_sesion_modificada_por_id_6b3201fd ON public.agenda_sesion USING btree (modificada_por_id);


--
-- Name: agenda_sesion_paciente_id_f11aff6b; Type: INDEX; Schema: public; Owner: centro_misael_user
--

CREATE INDEX agenda_sesion_paciente_id_f11aff6b ON public.agenda_sesion USING btree (paciente_id);


--
-- Name: agenda_sesion_profesional_editor_id_88cd29bc; Type: INDEX; Schema: public; Owner: centro_misael_user
--

CREATE INDEX agenda_sesion_profesional_editor_id_88cd29bc ON public.agenda_sesion USING btree (profesional_editor_id);


--
-- Name: agenda_sesion_profesional_id_848ec272; Type: INDEX; Schema: public; Owner: centro_misael_user
--

CREATE INDEX agenda_sesion_profesional_id_848ec272 ON public.agenda_sesion USING btree (profesional_id);


--
-- Name: agenda_sesion_proyecto_id_50020418; Type: INDEX; Schema: public; Owner: centro_misael_user
--

CREATE INDEX agenda_sesion_proyecto_id_50020418 ON public.agenda_sesion USING btree (proyecto_id);


--
-- Name: agenda_sesion_servicio_id_34bfaabf; Type: INDEX; Schema: public; Owner: centro_misael_user
--

CREATE INDEX agenda_sesion_servicio_id_34bfaabf ON public.agenda_sesion USING btree (servicio_id);


--
-- Name: agenda_sesion_sucursal_id_da4759e4; Type: INDEX; Schema: public; Owner: centro_misael_user
--

CREATE INDEX agenda_sesion_sucursal_id_da4759e4 ON public.agenda_sesion USING btree (sucursal_id);


--
-- Name: auth_group_name_a6ea08ec_like; Type: INDEX; Schema: public; Owner: centro_misael_user
--

CREATE INDEX auth_group_name_a6ea08ec_like ON public.auth_group USING btree (name varchar_pattern_ops);


--
-- Name: auth_group_permissions_group_id_b120cbf9; Type: INDEX; Schema: public; Owner: centro_misael_user
--

CREATE INDEX auth_group_permissions_group_id_b120cbf9 ON public.auth_group_permissions USING btree (group_id);


--
-- Name: auth_group_permissions_permission_id_84c5c92e; Type: INDEX; Schema: public; Owner: centro_misael_user
--

CREATE INDEX auth_group_permissions_permission_id_84c5c92e ON public.auth_group_permissions USING btree (permission_id);


--
-- Name: auth_permission_content_type_id_2f476e4b; Type: INDEX; Schema: public; Owner: centro_misael_user
--

CREATE INDEX auth_permission_content_type_id_2f476e4b ON public.auth_permission USING btree (content_type_id);


--
-- Name: auth_user_groups_group_id_97559544; Type: INDEX; Schema: public; Owner: centro_misael_user
--

CREATE INDEX auth_user_groups_group_id_97559544 ON public.auth_user_groups USING btree (group_id);


--
-- Name: auth_user_groups_user_id_6a12ed8b; Type: INDEX; Schema: public; Owner: centro_misael_user
--

CREATE INDEX auth_user_groups_user_id_6a12ed8b ON public.auth_user_groups USING btree (user_id);


--
-- Name: auth_user_user_permissions_permission_id_1fbb5f2c; Type: INDEX; Schema: public; Owner: centro_misael_user
--

CREATE INDEX auth_user_user_permissions_permission_id_1fbb5f2c ON public.auth_user_user_permissions USING btree (permission_id);


--
-- Name: auth_user_user_permissions_user_id_a95ead1b; Type: INDEX; Schema: public; Owner: centro_misael_user
--

CREATE INDEX auth_user_user_permissions_user_id_a95ead1b ON public.auth_user_user_permissions USING btree (user_id);


--
-- Name: auth_user_username_6821ab7c_like; Type: INDEX; Schema: public; Owner: centro_misael_user
--

CREATE INDEX auth_user_username_6821ab7c_like ON public.auth_user USING btree (username varchar_pattern_ops);


--
-- Name: core_perfilusuario_sucursales_perfilusuario_id_057faa0c; Type: INDEX; Schema: public; Owner: centro_misael_user
--

CREATE INDEX core_perfilusuario_sucursales_perfilusuario_id_057faa0c ON public.core_perfilusuario_sucursales USING btree (perfilusuario_id);


--
-- Name: core_perfilusuario_sucursales_sucursal_id_8a58a1cb; Type: INDEX; Schema: public; Owner: centro_misael_user
--

CREATE INDEX core_perfilusuario_sucursales_sucursal_id_8a58a1cb ON public.core_perfilusuario_sucursales USING btree (sucursal_id);


--
-- Name: django_admin_log_content_type_id_c4bce8eb; Type: INDEX; Schema: public; Owner: centro_misael_user
--

CREATE INDEX django_admin_log_content_type_id_c4bce8eb ON public.django_admin_log USING btree (content_type_id);


--
-- Name: django_admin_log_user_id_c564eba6; Type: INDEX; Schema: public; Owner: centro_misael_user
--

CREATE INDEX django_admin_log_user_id_c564eba6 ON public.django_admin_log USING btree (user_id);


--
-- Name: django_session_expire_date_a5c62663; Type: INDEX; Schema: public; Owner: centro_misael_user
--

CREATE INDEX django_session_expire_date_a5c62663 ON public.django_session USING btree (expire_date);


--
-- Name: django_session_session_key_c0390e0f_like; Type: INDEX; Schema: public; Owner: centro_misael_user
--

CREATE INDEX django_session_session_key_c0390e0f_like ON public.django_session USING btree (session_key varchar_pattern_ops);


--
-- Name: facturacion_factura_emitida_por_id_2a349d2a; Type: INDEX; Schema: public; Owner: centro_misael_user
--

CREATE INDEX facturacion_factura_emitida_por_id_2a349d2a ON public.facturacion_factura USING btree (emitida_por_id);


--
-- Name: facturacion_factura_numero_factura_27fc7bc2_like; Type: INDEX; Schema: public; Owner: centro_misael_user
--

CREATE INDEX facturacion_factura_numero_factura_27fc7bc2_like ON public.facturacion_factura USING btree (numero_factura varchar_pattern_ops);


--
-- Name: facturacion_factura_paciente_id_f658372a; Type: INDEX; Schema: public; Owner: centro_misael_user
--

CREATE INDEX facturacion_factura_paciente_id_f658372a ON public.facturacion_factura USING btree (paciente_id);


--
-- Name: facturacion_factura_pagos_factura_id_5780b017; Type: INDEX; Schema: public; Owner: centro_misael_user
--

CREATE INDEX facturacion_factura_pagos_factura_id_5780b017 ON public.facturacion_factura_pagos USING btree (factura_id);


--
-- Name: facturacion_factura_pagos_pago_id_4d88ccf5; Type: INDEX; Schema: public; Owner: centro_misael_user
--

CREATE INDEX facturacion_factura_pagos_pago_id_4d88ccf5 ON public.facturacion_factura_pagos USING btree (pago_id);


--
-- Name: facturacion_fecha_p_8ca3d9_idx; Type: INDEX; Schema: public; Owner: centro_misael_user
--

CREATE INDEX facturacion_fecha_p_8ca3d9_idx ON public.facturacion_pago USING btree (fecha_pago);


--
-- Name: facturacion_mensual_e88f8e_idx; Type: INDEX; Schema: public; Owner: centro_misael_user
--

CREATE INDEX facturacion_mensual_e88f8e_idx ON public.facturacion_pago USING btree (mensualidad_id);


--
-- Name: facturacion_metodopago_nombre_5e44b596_like; Type: INDEX; Schema: public; Owner: centro_misael_user
--

CREATE INDEX facturacion_metodopago_nombre_5e44b596_like ON public.facturacion_metodopago USING btree (nombre varchar_pattern_ops);


--
-- Name: facturacion_numero__214b68_idx; Type: INDEX; Schema: public; Owner: centro_misael_user
--

CREATE INDEX facturacion_numero__214b68_idx ON public.facturacion_pago USING btree (numero_recibo DESC);


--
-- Name: facturacion_numero__d0f299_idx; Type: INDEX; Schema: public; Owner: centro_misael_user
--

CREATE INDEX facturacion_numero__d0f299_idx ON public.facturacion_factura USING btree (numero_factura);


--
-- Name: facturacion_numero__d7370e_idx; Type: INDEX; Schema: public; Owner: centro_misael_user
--

CREATE INDEX facturacion_numero__d7370e_idx ON public.facturacion_pago USING btree (numero_recibo);


--
-- Name: facturacion_pacient_64f5b6_idx; Type: INDEX; Schema: public; Owner: centro_misael_user
--

CREATE INDEX facturacion_pacient_64f5b6_idx ON public.facturacion_cuentacorriente USING btree (paciente_id, saldo);


--
-- Name: facturacion_pacient_7f554e_idx; Type: INDEX; Schema: public; Owner: centro_misael_user
--

CREATE INDEX facturacion_pacient_7f554e_idx ON public.facturacion_factura USING btree (paciente_id, fecha_emision DESC);


--
-- Name: facturacion_pacient_90737c_idx; Type: INDEX; Schema: public; Owner: centro_misael_user
--

CREATE INDEX facturacion_pacient_90737c_idx ON public.facturacion_pago USING btree (paciente_id, fecha_pago DESC);


--
-- Name: facturacion_pago_anulado_por_id_93737473; Type: INDEX; Schema: public; Owner: centro_misael_user
--

CREATE INDEX facturacion_pago_anulado_por_id_93737473 ON public.facturacion_pago USING btree (anulado_por_id);


--
-- Name: facturacion_pago_mensualidad_id_d8e6b7d6; Type: INDEX; Schema: public; Owner: centro_misael_user
--

CREATE INDEX facturacion_pago_mensualidad_id_d8e6b7d6 ON public.facturacion_pago USING btree (mensualidad_id);


--
-- Name: facturacion_pago_metodo_pago_id_08bbc980; Type: INDEX; Schema: public; Owner: centro_misael_user
--

CREATE INDEX facturacion_pago_metodo_pago_id_08bbc980 ON public.facturacion_pago USING btree (metodo_pago_id);


--
-- Name: facturacion_pago_paciente_id_3fb0c812; Type: INDEX; Schema: public; Owner: centro_misael_user
--

CREATE INDEX facturacion_pago_paciente_id_3fb0c812 ON public.facturacion_pago USING btree (paciente_id);


--
-- Name: facturacion_pago_proyecto_id_6234b080; Type: INDEX; Schema: public; Owner: centro_misael_user
--

CREATE INDEX facturacion_pago_proyecto_id_6234b080 ON public.facturacion_pago USING btree (proyecto_id);


--
-- Name: facturacion_pago_registrado_por_id_de7e037d; Type: INDEX; Schema: public; Owner: centro_misael_user
--

CREATE INDEX facturacion_pago_registrado_por_id_de7e037d ON public.facturacion_pago USING btree (registrado_por_id);


--
-- Name: facturacion_pago_sesion_id_308f9e3c; Type: INDEX; Schema: public; Owner: centro_misael_user
--

CREATE INDEX facturacion_pago_sesion_id_308f9e3c ON public.facturacion_pago USING btree (sesion_id);


--
-- Name: facturacion_proyect_e37d7b_idx; Type: INDEX; Schema: public; Owner: centro_misael_user
--

CREATE INDEX facturacion_proyect_e37d7b_idx ON public.facturacion_pago USING btree (proyecto_id);


--
-- Name: facturacion_saldo_01a18f_idx; Type: INDEX; Schema: public; Owner: centro_misael_user
--

CREATE INDEX facturacion_saldo_01a18f_idx ON public.facturacion_cuentacorriente USING btree (saldo);


--
-- Name: facturacion_sesion__ce52af_idx; Type: INDEX; Schema: public; Owner: centro_misael_user
--

CREATE INDEX facturacion_sesion__ce52af_idx ON public.facturacion_pago USING btree (sesion_id);


--
-- Name: pacientes_paciente_sucursales_paciente_id_4104bc83; Type: INDEX; Schema: public; Owner: centro_misael_user
--

CREATE INDEX pacientes_paciente_sucursales_paciente_id_4104bc83 ON public.pacientes_paciente_sucursales USING btree (paciente_id);


--
-- Name: pacientes_paciente_sucursales_sucursal_id_87fef52d; Type: INDEX; Schema: public; Owner: centro_misael_user
--

CREATE INDEX pacientes_paciente_sucursales_sucursal_id_87fef52d ON public.pacientes_paciente_sucursales USING btree (sucursal_id);


--
-- Name: pacientes_pacienteservicio_paciente_id_a464a395; Type: INDEX; Schema: public; Owner: centro_misael_user
--

CREATE INDEX pacientes_pacienteservicio_paciente_id_a464a395 ON public.pacientes_pacienteservicio USING btree (paciente_id);


--
-- Name: pacientes_pacienteservicio_servicio_id_278e67ed; Type: INDEX; Schema: public; Owner: centro_misael_user
--

CREATE INDEX pacientes_pacienteservicio_servicio_id_278e67ed ON public.pacientes_pacienteservicio USING btree (servicio_id);


--
-- Name: pago_mensualidad_anulado_idx; Type: INDEX; Schema: public; Owner: centro_misael_user
--

CREATE INDEX pago_mensualidad_anulado_idx ON public.facturacion_pago USING btree (mensualidad_id, anulado);


--
-- Name: pago_metodo_anulado_idx; Type: INDEX; Schema: public; Owner: centro_misael_user
--

CREATE INDEX pago_metodo_anulado_idx ON public.facturacion_pago USING btree (metodo_pago_id, anulado);


--
-- Name: pago_pac_anulado_proy_idx; Type: INDEX; Schema: public; Owner: centro_misael_user
--

CREATE INDEX pago_pac_anulado_proy_idx ON public.facturacion_pago USING btree (paciente_id, anulado, proyecto_id);


--
-- Name: pago_pac_anulado_sesion_idx; Type: INDEX; Schema: public; Owner: centro_misael_user
--

CREATE INDEX pago_pac_anulado_sesion_idx ON public.facturacion_pago USING btree (paciente_id, anulado, sesion_id);


--
-- Name: pago_paciente_anulado_idx; Type: INDEX; Schema: public; Owner: centro_misael_user
--

CREATE INDEX pago_paciente_anulado_idx ON public.facturacion_pago USING btree (paciente_id, anulado);


--
-- Name: pago_proyecto_anulado_idx; Type: INDEX; Schema: public; Owner: centro_misael_user
--

CREATE INDEX pago_proyecto_anulado_idx ON public.facturacion_pago USING btree (proyecto_id, anulado);


--
-- Name: pago_sesion_anulado_idx; Type: INDEX; Schema: public; Owner: centro_misael_user
--

CREATE INDEX pago_sesion_anulado_idx ON public.facturacion_pago USING btree (sesion_id, anulado);


--
-- Name: pago_tipo_op_anulado_idx; Type: INDEX; Schema: public; Owner: centro_misael_user
--

CREATE INDEX pago_tipo_op_anulado_idx ON public.facturacion_pago USING btree (tipo_operacion, anulado);


--
-- Name: profesional_activo_d318f9_idx; Type: INDEX; Schema: public; Owner: centro_misael_user
--

CREATE INDEX profesional_activo_d318f9_idx ON public.profesionales_profesional USING btree (activo);


--
-- Name: profesional_apellid_095ea1_idx; Type: INDEX; Schema: public; Owner: centro_misael_user
--

CREATE INDEX profesional_apellid_095ea1_idx ON public.profesionales_profesional USING btree (apellido, nombre);


--
-- Name: profesionales_profesional_servicios_profesional_id_6aceae63; Type: INDEX; Schema: public; Owner: centro_misael_user
--

CREATE INDEX profesionales_profesional_servicios_profesional_id_6aceae63 ON public.profesionales_profesional_servicios USING btree (profesional_id);


--
-- Name: profesionales_profesional_servicios_tiposervicio_id_1210b4cd; Type: INDEX; Schema: public; Owner: centro_misael_user
--

CREATE INDEX profesionales_profesional_servicios_tiposervicio_id_1210b4cd ON public.profesionales_profesional_servicios USING btree (tiposervicio_id);


--
-- Name: profesionales_profesional_sucursales_profesional_id_ff3c137e; Type: INDEX; Schema: public; Owner: centro_misael_user
--

CREATE INDEX profesionales_profesional_sucursales_profesional_id_ff3c137e ON public.profesionales_profesional_sucursales USING btree (profesional_id);


--
-- Name: profesionales_profesional_sucursales_sucursal_id_42db81f5; Type: INDEX; Schema: public; Owner: centro_misael_user
--

CREATE INDEX profesionales_profesional_sucursales_sucursal_id_42db81f5 ON public.profesionales_profesional_sucursales USING btree (sucursal_id);


--
-- Name: servicios_tiposervicio_nombre_084fa67c_like; Type: INDEX; Schema: public; Owner: centro_misael_user
--

CREATE INDEX servicios_tiposervicio_nombre_084fa67c_like ON public.servicios_tiposervicio USING btree (nombre varchar_pattern_ops);


--
-- Name: agenda_mensualidad agenda_mensualidad_creada_por_id_5a230a5c_fk_auth_user_id; Type: FK CONSTRAINT; Schema: public; Owner: centro_misael_user
--

ALTER TABLE ONLY public.agenda_mensualidad
    ADD CONSTRAINT agenda_mensualidad_creada_por_id_5a230a5c_fk_auth_user_id FOREIGN KEY (creada_por_id) REFERENCES public.auth_user(id) DEFERRABLE INITIALLY DEFERRED;


--
-- Name: agenda_mensualidad agenda_mensualidad_modificada_por_id_b343bcdf_fk_auth_user_id; Type: FK CONSTRAINT; Schema: public; Owner: centro_misael_user
--

ALTER TABLE ONLY public.agenda_mensualidad
    ADD CONSTRAINT agenda_mensualidad_modificada_por_id_b343bcdf_fk_auth_user_id FOREIGN KEY (modificada_por_id) REFERENCES public.auth_user(id) DEFERRABLE INITIALLY DEFERRED;


--
-- Name: agenda_mensualidad agenda_mensualidad_paciente_id_b4cde6f2_fk_pacientes; Type: FK CONSTRAINT; Schema: public; Owner: centro_misael_user
--

ALTER TABLE ONLY public.agenda_mensualidad
    ADD CONSTRAINT agenda_mensualidad_paciente_id_b4cde6f2_fk_pacientes FOREIGN KEY (paciente_id) REFERENCES public.pacientes_paciente(id) DEFERRABLE INITIALLY DEFERRED;


--
-- Name: agenda_mensualidad agenda_mensualidad_sucursal_id_4bd4948b_fk_servicios; Type: FK CONSTRAINT; Schema: public; Owner: centro_misael_user
--

ALTER TABLE ONLY public.agenda_mensualidad
    ADD CONSTRAINT agenda_mensualidad_sucursal_id_4bd4948b_fk_servicios FOREIGN KEY (sucursal_id) REFERENCES public.servicios_sucursal(id) DEFERRABLE INITIALLY DEFERRED;


--
-- Name: agenda_proyecto agenda_proyecto_creado_por_id_d7181c32_fk_auth_user_id; Type: FK CONSTRAINT; Schema: public; Owner: centro_misael_user
--

ALTER TABLE ONLY public.agenda_proyecto
    ADD CONSTRAINT agenda_proyecto_creado_por_id_d7181c32_fk_auth_user_id FOREIGN KEY (creado_por_id) REFERENCES public.auth_user(id) DEFERRABLE INITIALLY DEFERRED;


--
-- Name: agenda_proyecto agenda_proyecto_modificado_por_id_b2ca2095_fk_auth_user_id; Type: FK CONSTRAINT; Schema: public; Owner: centro_misael_user
--

ALTER TABLE ONLY public.agenda_proyecto
    ADD CONSTRAINT agenda_proyecto_modificado_por_id_b2ca2095_fk_auth_user_id FOREIGN KEY (modificado_por_id) REFERENCES public.auth_user(id) DEFERRABLE INITIALLY DEFERRED;


--
-- Name: agenda_proyecto agenda_proyecto_paciente_id_f4bd80de_fk_pacientes_paciente_id; Type: FK CONSTRAINT; Schema: public; Owner: centro_misael_user
--

ALTER TABLE ONLY public.agenda_proyecto
    ADD CONSTRAINT agenda_proyecto_paciente_id_f4bd80de_fk_pacientes_paciente_id FOREIGN KEY (paciente_id) REFERENCES public.pacientes_paciente(id) DEFERRABLE INITIALLY DEFERRED;


--
-- Name: agenda_proyecto agenda_proyecto_profesional_responsa_acefd13b_fk_profesion; Type: FK CONSTRAINT; Schema: public; Owner: centro_misael_user
--

ALTER TABLE ONLY public.agenda_proyecto
    ADD CONSTRAINT agenda_proyecto_profesional_responsa_acefd13b_fk_profesion FOREIGN KEY (profesional_responsable_id) REFERENCES public.profesionales_profesional(id) DEFERRABLE INITIALLY DEFERRED;


--
-- Name: agenda_proyecto agenda_proyecto_servicio_base_id_8488eabc_fk_servicios; Type: FK CONSTRAINT; Schema: public; Owner: centro_misael_user
--

ALTER TABLE ONLY public.agenda_proyecto
    ADD CONSTRAINT agenda_proyecto_servicio_base_id_8488eabc_fk_servicios FOREIGN KEY (servicio_base_id) REFERENCES public.servicios_tiposervicio(id) DEFERRABLE INITIALLY DEFERRED;


--
-- Name: agenda_proyecto agenda_proyecto_sucursal_id_221af2ae_fk_servicios_sucursal_id; Type: FK CONSTRAINT; Schema: public; Owner: centro_misael_user
--

ALTER TABLE ONLY public.agenda_proyecto
    ADD CONSTRAINT agenda_proyecto_sucursal_id_221af2ae_fk_servicios_sucursal_id FOREIGN KEY (sucursal_id) REFERENCES public.servicios_sucursal(id) DEFERRABLE INITIALLY DEFERRED;


--
-- Name: agenda_servicioprofesionalmensualidad agenda_servicioprofe_mensualidad_id_dd6117b2_fk_agenda_me; Type: FK CONSTRAINT; Schema: public; Owner: centro_misael_user
--

ALTER TABLE ONLY public.agenda_servicioprofesionalmensualidad
    ADD CONSTRAINT agenda_servicioprofe_mensualidad_id_dd6117b2_fk_agenda_me FOREIGN KEY (mensualidad_id) REFERENCES public.agenda_mensualidad(id) DEFERRABLE INITIALLY DEFERRED;


--
-- Name: agenda_servicioprofesionalmensualidad agenda_servicioprofe_profesional_id_4683df7b_fk_profesion; Type: FK CONSTRAINT; Schema: public; Owner: centro_misael_user
--

ALTER TABLE ONLY public.agenda_servicioprofesionalmensualidad
    ADD CONSTRAINT agenda_servicioprofe_profesional_id_4683df7b_fk_profesion FOREIGN KEY (profesional_id) REFERENCES public.profesionales_profesional(id) DEFERRABLE INITIALLY DEFERRED;


--
-- Name: agenda_servicioprofesionalmensualidad agenda_servicioprofe_servicio_id_22d66169_fk_servicios; Type: FK CONSTRAINT; Schema: public; Owner: centro_misael_user
--

ALTER TABLE ONLY public.agenda_servicioprofesionalmensualidad
    ADD CONSTRAINT agenda_servicioprofe_servicio_id_22d66169_fk_servicios FOREIGN KEY (servicio_id) REFERENCES public.servicios_tiposervicio(id) DEFERRABLE INITIALLY DEFERRED;


--
-- Name: agenda_sesion agenda_sesion_creada_por_id_2d0dc4ec_fk_auth_user_id; Type: FK CONSTRAINT; Schema: public; Owner: centro_misael_user
--

ALTER TABLE ONLY public.agenda_sesion
    ADD CONSTRAINT agenda_sesion_creada_por_id_2d0dc4ec_fk_auth_user_id FOREIGN KEY (creada_por_id) REFERENCES public.auth_user(id) DEFERRABLE INITIALLY DEFERRED;


--
-- Name: agenda_sesion agenda_sesion_mensualidad_id_e375063d_fk_agenda_mensualidad_id; Type: FK CONSTRAINT; Schema: public; Owner: centro_misael_user
--

ALTER TABLE ONLY public.agenda_sesion
    ADD CONSTRAINT agenda_sesion_mensualidad_id_e375063d_fk_agenda_mensualidad_id FOREIGN KEY (mensualidad_id) REFERENCES public.agenda_mensualidad(id) DEFERRABLE INITIALLY DEFERRED;


--
-- Name: agenda_sesion agenda_sesion_modificada_por_id_6b3201fd_fk_auth_user_id; Type: FK CONSTRAINT; Schema: public; Owner: centro_misael_user
--

ALTER TABLE ONLY public.agenda_sesion
    ADD CONSTRAINT agenda_sesion_modificada_por_id_6b3201fd_fk_auth_user_id FOREIGN KEY (modificada_por_id) REFERENCES public.auth_user(id) DEFERRABLE INITIALLY DEFERRED;


--
-- Name: agenda_sesion agenda_sesion_paciente_id_f11aff6b_fk_pacientes_paciente_id; Type: FK CONSTRAINT; Schema: public; Owner: centro_misael_user
--

ALTER TABLE ONLY public.agenda_sesion
    ADD CONSTRAINT agenda_sesion_paciente_id_f11aff6b_fk_pacientes_paciente_id FOREIGN KEY (paciente_id) REFERENCES public.pacientes_paciente(id) DEFERRABLE INITIALLY DEFERRED;


--
-- Name: agenda_sesion agenda_sesion_profesional_editor_i_88cd29bc_fk_profesion; Type: FK CONSTRAINT; Schema: public; Owner: centro_misael_user
--

ALTER TABLE ONLY public.agenda_sesion
    ADD CONSTRAINT agenda_sesion_profesional_editor_i_88cd29bc_fk_profesion FOREIGN KEY (profesional_editor_id) REFERENCES public.profesionales_profesional(id) DEFERRABLE INITIALLY DEFERRED;


--
-- Name: agenda_sesion agenda_sesion_profesional_id_848ec272_fk_profesion; Type: FK CONSTRAINT; Schema: public; Owner: centro_misael_user
--

ALTER TABLE ONLY public.agenda_sesion
    ADD CONSTRAINT agenda_sesion_profesional_id_848ec272_fk_profesion FOREIGN KEY (profesional_id) REFERENCES public.profesionales_profesional(id) DEFERRABLE INITIALLY DEFERRED;


--
-- Name: agenda_sesion agenda_sesion_proyecto_id_50020418_fk_agenda_proyecto_id; Type: FK CONSTRAINT; Schema: public; Owner: centro_misael_user
--

ALTER TABLE ONLY public.agenda_sesion
    ADD CONSTRAINT agenda_sesion_proyecto_id_50020418_fk_agenda_proyecto_id FOREIGN KEY (proyecto_id) REFERENCES public.agenda_proyecto(id) DEFERRABLE INITIALLY DEFERRED;


--
-- Name: agenda_sesion agenda_sesion_servicio_id_34bfaabf_fk_servicios_tiposervicio_id; Type: FK CONSTRAINT; Schema: public; Owner: centro_misael_user
--

ALTER TABLE ONLY public.agenda_sesion
    ADD CONSTRAINT agenda_sesion_servicio_id_34bfaabf_fk_servicios_tiposervicio_id FOREIGN KEY (servicio_id) REFERENCES public.servicios_tiposervicio(id) DEFERRABLE INITIALLY DEFERRED;


--
-- Name: agenda_sesion agenda_sesion_sucursal_id_da4759e4_fk_servicios_sucursal_id; Type: FK CONSTRAINT; Schema: public; Owner: centro_misael_user
--

ALTER TABLE ONLY public.agenda_sesion
    ADD CONSTRAINT agenda_sesion_sucursal_id_da4759e4_fk_servicios_sucursal_id FOREIGN KEY (sucursal_id) REFERENCES public.servicios_sucursal(id) DEFERRABLE INITIALLY DEFERRED;


--
-- Name: auth_group_permissions auth_group_permissio_permission_id_84c5c92e_fk_auth_perm; Type: FK CONSTRAINT; Schema: public; Owner: centro_misael_user
--

ALTER TABLE ONLY public.auth_group_permissions
    ADD CONSTRAINT auth_group_permissio_permission_id_84c5c92e_fk_auth_perm FOREIGN KEY (permission_id) REFERENCES public.auth_permission(id) DEFERRABLE INITIALLY DEFERRED;


--
-- Name: auth_group_permissions auth_group_permissions_group_id_b120cbf9_fk_auth_group_id; Type: FK CONSTRAINT; Schema: public; Owner: centro_misael_user
--

ALTER TABLE ONLY public.auth_group_permissions
    ADD CONSTRAINT auth_group_permissions_group_id_b120cbf9_fk_auth_group_id FOREIGN KEY (group_id) REFERENCES public.auth_group(id) DEFERRABLE INITIALLY DEFERRED;


--
-- Name: auth_permission auth_permission_content_type_id_2f476e4b_fk_django_co; Type: FK CONSTRAINT; Schema: public; Owner: centro_misael_user
--

ALTER TABLE ONLY public.auth_permission
    ADD CONSTRAINT auth_permission_content_type_id_2f476e4b_fk_django_co FOREIGN KEY (content_type_id) REFERENCES public.django_content_type(id) DEFERRABLE INITIALLY DEFERRED;


--
-- Name: auth_user_groups auth_user_groups_group_id_97559544_fk_auth_group_id; Type: FK CONSTRAINT; Schema: public; Owner: centro_misael_user
--

ALTER TABLE ONLY public.auth_user_groups
    ADD CONSTRAINT auth_user_groups_group_id_97559544_fk_auth_group_id FOREIGN KEY (group_id) REFERENCES public.auth_group(id) DEFERRABLE INITIALLY DEFERRED;


--
-- Name: auth_user_groups auth_user_groups_user_id_6a12ed8b_fk_auth_user_id; Type: FK CONSTRAINT; Schema: public; Owner: centro_misael_user
--

ALTER TABLE ONLY public.auth_user_groups
    ADD CONSTRAINT auth_user_groups_user_id_6a12ed8b_fk_auth_user_id FOREIGN KEY (user_id) REFERENCES public.auth_user(id) DEFERRABLE INITIALLY DEFERRED;


--
-- Name: auth_user_user_permissions auth_user_user_permi_permission_id_1fbb5f2c_fk_auth_perm; Type: FK CONSTRAINT; Schema: public; Owner: centro_misael_user
--

ALTER TABLE ONLY public.auth_user_user_permissions
    ADD CONSTRAINT auth_user_user_permi_permission_id_1fbb5f2c_fk_auth_perm FOREIGN KEY (permission_id) REFERENCES public.auth_permission(id) DEFERRABLE INITIALLY DEFERRED;


--
-- Name: auth_user_user_permissions auth_user_user_permissions_user_id_a95ead1b_fk_auth_user_id; Type: FK CONSTRAINT; Schema: public; Owner: centro_misael_user
--

ALTER TABLE ONLY public.auth_user_user_permissions
    ADD CONSTRAINT auth_user_user_permissions_user_id_a95ead1b_fk_auth_user_id FOREIGN KEY (user_id) REFERENCES public.auth_user(id) DEFERRABLE INITIALLY DEFERRED;


--
-- Name: core_perfilusuario core_perfilusuario_paciente_id_80646b5f_fk_pacientes; Type: FK CONSTRAINT; Schema: public; Owner: centro_misael_user
--

ALTER TABLE ONLY public.core_perfilusuario
    ADD CONSTRAINT core_perfilusuario_paciente_id_80646b5f_fk_pacientes FOREIGN KEY (paciente_id) REFERENCES public.pacientes_paciente(id) DEFERRABLE INITIALLY DEFERRED;


--
-- Name: core_perfilusuario core_perfilusuario_profesional_id_200df750_fk_profesion; Type: FK CONSTRAINT; Schema: public; Owner: centro_misael_user
--

ALTER TABLE ONLY public.core_perfilusuario
    ADD CONSTRAINT core_perfilusuario_profesional_id_200df750_fk_profesion FOREIGN KEY (profesional_id) REFERENCES public.profesionales_profesional(id) DEFERRABLE INITIALLY DEFERRED;


--
-- Name: core_perfilusuario_sucursales core_perfilusuario_s_perfilusuario_id_057faa0c_fk_core_perf; Type: FK CONSTRAINT; Schema: public; Owner: centro_misael_user
--

ALTER TABLE ONLY public.core_perfilusuario_sucursales
    ADD CONSTRAINT core_perfilusuario_s_perfilusuario_id_057faa0c_fk_core_perf FOREIGN KEY (perfilusuario_id) REFERENCES public.core_perfilusuario(id) DEFERRABLE INITIALLY DEFERRED;


--
-- Name: core_perfilusuario_sucursales core_perfilusuario_s_sucursal_id_8a58a1cb_fk_servicios; Type: FK CONSTRAINT; Schema: public; Owner: centro_misael_user
--

ALTER TABLE ONLY public.core_perfilusuario_sucursales
    ADD CONSTRAINT core_perfilusuario_s_sucursal_id_8a58a1cb_fk_servicios FOREIGN KEY (sucursal_id) REFERENCES public.servicios_sucursal(id) DEFERRABLE INITIALLY DEFERRED;


--
-- Name: core_perfilusuario core_perfilusuario_user_id_f33b9be3_fk_auth_user_id; Type: FK CONSTRAINT; Schema: public; Owner: centro_misael_user
--

ALTER TABLE ONLY public.core_perfilusuario
    ADD CONSTRAINT core_perfilusuario_user_id_f33b9be3_fk_auth_user_id FOREIGN KEY (user_id) REFERENCES public.auth_user(id) DEFERRABLE INITIALLY DEFERRED;


--
-- Name: django_admin_log django_admin_log_content_type_id_c4bce8eb_fk_django_co; Type: FK CONSTRAINT; Schema: public; Owner: centro_misael_user
--

ALTER TABLE ONLY public.django_admin_log
    ADD CONSTRAINT django_admin_log_content_type_id_c4bce8eb_fk_django_co FOREIGN KEY (content_type_id) REFERENCES public.django_content_type(id) DEFERRABLE INITIALLY DEFERRED;


--
-- Name: django_admin_log django_admin_log_user_id_c564eba6_fk_auth_user_id; Type: FK CONSTRAINT; Schema: public; Owner: centro_misael_user
--

ALTER TABLE ONLY public.django_admin_log
    ADD CONSTRAINT django_admin_log_user_id_c564eba6_fk_auth_user_id FOREIGN KEY (user_id) REFERENCES public.auth_user(id) DEFERRABLE INITIALLY DEFERRED;


--
-- Name: facturacion_cuentacorriente facturacion_cuentaco_paciente_id_143a405e_fk_pacientes; Type: FK CONSTRAINT; Schema: public; Owner: centro_misael_user
--

ALTER TABLE ONLY public.facturacion_cuentacorriente
    ADD CONSTRAINT facturacion_cuentaco_paciente_id_143a405e_fk_pacientes FOREIGN KEY (paciente_id) REFERENCES public.pacientes_paciente(id) DEFERRABLE INITIALLY DEFERRED;


--
-- Name: facturacion_factura_pagos facturacion_factura__factura_id_5780b017_fk_facturaci; Type: FK CONSTRAINT; Schema: public; Owner: centro_misael_user
--

ALTER TABLE ONLY public.facturacion_factura_pagos
    ADD CONSTRAINT facturacion_factura__factura_id_5780b017_fk_facturaci FOREIGN KEY (factura_id) REFERENCES public.facturacion_factura(id) DEFERRABLE INITIALLY DEFERRED;


--
-- Name: facturacion_factura_pagos facturacion_factura__pago_id_4d88ccf5_fk_facturaci; Type: FK CONSTRAINT; Schema: public; Owner: centro_misael_user
--

ALTER TABLE ONLY public.facturacion_factura_pagos
    ADD CONSTRAINT facturacion_factura__pago_id_4d88ccf5_fk_facturaci FOREIGN KEY (pago_id) REFERENCES public.facturacion_pago(id) DEFERRABLE INITIALLY DEFERRED;


--
-- Name: facturacion_factura facturacion_factura_emitida_por_id_2a349d2a_fk_auth_user_id; Type: FK CONSTRAINT; Schema: public; Owner: centro_misael_user
--

ALTER TABLE ONLY public.facturacion_factura
    ADD CONSTRAINT facturacion_factura_emitida_por_id_2a349d2a_fk_auth_user_id FOREIGN KEY (emitida_por_id) REFERENCES public.auth_user(id) DEFERRABLE INITIALLY DEFERRED;


--
-- Name: facturacion_factura facturacion_factura_paciente_id_f658372a_fk_pacientes; Type: FK CONSTRAINT; Schema: public; Owner: centro_misael_user
--

ALTER TABLE ONLY public.facturacion_factura
    ADD CONSTRAINT facturacion_factura_paciente_id_f658372a_fk_pacientes FOREIGN KEY (paciente_id) REFERENCES public.pacientes_paciente(id) DEFERRABLE INITIALLY DEFERRED;


--
-- Name: facturacion_pago facturacion_pago_anulado_por_id_93737473_fk_auth_user_id; Type: FK CONSTRAINT; Schema: public; Owner: centro_misael_user
--

ALTER TABLE ONLY public.facturacion_pago
    ADD CONSTRAINT facturacion_pago_anulado_por_id_93737473_fk_auth_user_id FOREIGN KEY (anulado_por_id) REFERENCES public.auth_user(id) DEFERRABLE INITIALLY DEFERRED;


--
-- Name: facturacion_pago facturacion_pago_mensualidad_id_d8e6b7d6_fk_agenda_me; Type: FK CONSTRAINT; Schema: public; Owner: centro_misael_user
--

ALTER TABLE ONLY public.facturacion_pago
    ADD CONSTRAINT facturacion_pago_mensualidad_id_d8e6b7d6_fk_agenda_me FOREIGN KEY (mensualidad_id) REFERENCES public.agenda_mensualidad(id) DEFERRABLE INITIALLY DEFERRED;


--
-- Name: facturacion_pago facturacion_pago_metodo_pago_id_08bbc980_fk_facturaci; Type: FK CONSTRAINT; Schema: public; Owner: centro_misael_user
--

ALTER TABLE ONLY public.facturacion_pago
    ADD CONSTRAINT facturacion_pago_metodo_pago_id_08bbc980_fk_facturaci FOREIGN KEY (metodo_pago_id) REFERENCES public.facturacion_metodopago(id) DEFERRABLE INITIALLY DEFERRED;


--
-- Name: facturacion_pago facturacion_pago_paciente_id_3fb0c812_fk_pacientes_paciente_id; Type: FK CONSTRAINT; Schema: public; Owner: centro_misael_user
--

ALTER TABLE ONLY public.facturacion_pago
    ADD CONSTRAINT facturacion_pago_paciente_id_3fb0c812_fk_pacientes_paciente_id FOREIGN KEY (paciente_id) REFERENCES public.pacientes_paciente(id) DEFERRABLE INITIALLY DEFERRED;


--
-- Name: facturacion_pago facturacion_pago_proyecto_id_6234b080_fk_agenda_proyecto_id; Type: FK CONSTRAINT; Schema: public; Owner: centro_misael_user
--

ALTER TABLE ONLY public.facturacion_pago
    ADD CONSTRAINT facturacion_pago_proyecto_id_6234b080_fk_agenda_proyecto_id FOREIGN KEY (proyecto_id) REFERENCES public.agenda_proyecto(id) DEFERRABLE INITIALLY DEFERRED;


--
-- Name: facturacion_pago facturacion_pago_registrado_por_id_de7e037d_fk_auth_user_id; Type: FK CONSTRAINT; Schema: public; Owner: centro_misael_user
--

ALTER TABLE ONLY public.facturacion_pago
    ADD CONSTRAINT facturacion_pago_registrado_por_id_de7e037d_fk_auth_user_id FOREIGN KEY (registrado_por_id) REFERENCES public.auth_user(id) DEFERRABLE INITIALLY DEFERRED;


--
-- Name: facturacion_pago facturacion_pago_sesion_id_308f9e3c_fk_agenda_sesion_id; Type: FK CONSTRAINT; Schema: public; Owner: centro_misael_user
--

ALTER TABLE ONLY public.facturacion_pago
    ADD CONSTRAINT facturacion_pago_sesion_id_308f9e3c_fk_agenda_sesion_id FOREIGN KEY (sesion_id) REFERENCES public.agenda_sesion(id) DEFERRABLE INITIALLY DEFERRED;


--
-- Name: pacientes_paciente_sucursales pacientes_paciente_s_paciente_id_4104bc83_fk_pacientes; Type: FK CONSTRAINT; Schema: public; Owner: centro_misael_user
--

ALTER TABLE ONLY public.pacientes_paciente_sucursales
    ADD CONSTRAINT pacientes_paciente_s_paciente_id_4104bc83_fk_pacientes FOREIGN KEY (paciente_id) REFERENCES public.pacientes_paciente(id) DEFERRABLE INITIALLY DEFERRED;


--
-- Name: pacientes_paciente_sucursales pacientes_paciente_s_sucursal_id_87fef52d_fk_servicios; Type: FK CONSTRAINT; Schema: public; Owner: centro_misael_user
--

ALTER TABLE ONLY public.pacientes_paciente_sucursales
    ADD CONSTRAINT pacientes_paciente_s_sucursal_id_87fef52d_fk_servicios FOREIGN KEY (sucursal_id) REFERENCES public.servicios_sucursal(id) DEFERRABLE INITIALLY DEFERRED;


--
-- Name: pacientes_paciente pacientes_paciente_user_id_50c2f5de_fk_auth_user_id; Type: FK CONSTRAINT; Schema: public; Owner: centro_misael_user
--

ALTER TABLE ONLY public.pacientes_paciente
    ADD CONSTRAINT pacientes_paciente_user_id_50c2f5de_fk_auth_user_id FOREIGN KEY (user_id) REFERENCES public.auth_user(id) DEFERRABLE INITIALLY DEFERRED;


--
-- Name: pacientes_pacienteservicio pacientes_pacientese_paciente_id_a464a395_fk_pacientes; Type: FK CONSTRAINT; Schema: public; Owner: centro_misael_user
--

ALTER TABLE ONLY public.pacientes_pacienteservicio
    ADD CONSTRAINT pacientes_pacientese_paciente_id_a464a395_fk_pacientes FOREIGN KEY (paciente_id) REFERENCES public.pacientes_paciente(id) DEFERRABLE INITIALLY DEFERRED;


--
-- Name: pacientes_pacienteservicio pacientes_pacientese_servicio_id_278e67ed_fk_servicios; Type: FK CONSTRAINT; Schema: public; Owner: centro_misael_user
--

ALTER TABLE ONLY public.pacientes_pacienteservicio
    ADD CONSTRAINT pacientes_pacientese_servicio_id_278e67ed_fk_servicios FOREIGN KEY (servicio_id) REFERENCES public.servicios_tiposervicio(id) DEFERRABLE INITIALLY DEFERRED;


--
-- Name: profesionales_profesional_servicios profesionales_profes_profesional_id_6aceae63_fk_profesion; Type: FK CONSTRAINT; Schema: public; Owner: centro_misael_user
--

ALTER TABLE ONLY public.profesionales_profesional_servicios
    ADD CONSTRAINT profesionales_profes_profesional_id_6aceae63_fk_profesion FOREIGN KEY (profesional_id) REFERENCES public.profesionales_profesional(id) DEFERRABLE INITIALLY DEFERRED;


--
-- Name: profesionales_profesional_sucursales profesionales_profes_profesional_id_ff3c137e_fk_profesion; Type: FK CONSTRAINT; Schema: public; Owner: centro_misael_user
--

ALTER TABLE ONLY public.profesionales_profesional_sucursales
    ADD CONSTRAINT profesionales_profes_profesional_id_ff3c137e_fk_profesion FOREIGN KEY (profesional_id) REFERENCES public.profesionales_profesional(id) DEFERRABLE INITIALLY DEFERRED;


--
-- Name: profesionales_profesional_sucursales profesionales_profes_sucursal_id_42db81f5_fk_servicios; Type: FK CONSTRAINT; Schema: public; Owner: centro_misael_user
--

ALTER TABLE ONLY public.profesionales_profesional_sucursales
    ADD CONSTRAINT profesionales_profes_sucursal_id_42db81f5_fk_servicios FOREIGN KEY (sucursal_id) REFERENCES public.servicios_sucursal(id) DEFERRABLE INITIALLY DEFERRED;


--
-- Name: profesionales_profesional_servicios profesionales_profes_tiposervicio_id_1210b4cd_fk_servicios; Type: FK CONSTRAINT; Schema: public; Owner: centro_misael_user
--

ALTER TABLE ONLY public.profesionales_profesional_servicios
    ADD CONSTRAINT profesionales_profes_tiposervicio_id_1210b4cd_fk_servicios FOREIGN KEY (tiposervicio_id) REFERENCES public.servicios_tiposervicio(id) DEFERRABLE INITIALLY DEFERRED;


--
-- Name: profesionales_profesional profesionales_profesional_user_id_b43f2ead_fk_auth_user_id; Type: FK CONSTRAINT; Schema: public; Owner: centro_misael_user
--

ALTER TABLE ONLY public.profesionales_profesional
    ADD CONSTRAINT profesionales_profesional_user_id_b43f2ead_fk_auth_user_id FOREIGN KEY (user_id) REFERENCES public.auth_user(id) DEFERRABLE INITIALLY DEFERRED;


--
-- Name: DEFAULT PRIVILEGES FOR SEQUENCES; Type: DEFAULT ACL; Schema: -; Owner: postgres
--

ALTER DEFAULT PRIVILEGES FOR ROLE postgres GRANT ALL ON SEQUENCES TO centro_misael_user;


--
-- Name: DEFAULT PRIVILEGES FOR TYPES; Type: DEFAULT ACL; Schema: -; Owner: postgres
--

ALTER DEFAULT PRIVILEGES FOR ROLE postgres GRANT ALL ON TYPES TO centro_misael_user;


--
-- Name: DEFAULT PRIVILEGES FOR FUNCTIONS; Type: DEFAULT ACL; Schema: -; Owner: postgres
--

ALTER DEFAULT PRIVILEGES FOR ROLE postgres GRANT ALL ON FUNCTIONS TO centro_misael_user;


--
-- Name: DEFAULT PRIVILEGES FOR TABLES; Type: DEFAULT ACL; Schema: -; Owner: postgres
--

ALTER DEFAULT PRIVILEGES FOR ROLE postgres GRANT ALL ON TABLES TO centro_misael_user;


--
-- PostgreSQL database dump complete
--

\unrestrict 1xBrMANG4cq6C1Oag52zXwDNP6ygaDID8ddWxwDUf6OY8WxF5WLu56j8YPgafl0

