-- Dumped from database version 18.1 (Debian 18.1-1.pgdg12+2)
-- Dumped by pg_dump version 18.1

SET statement_timeout = 0;
SET lock_timeout = 0;
SET idle_in_transaction_session_timeout = 0;
SET transaction_timeout = 0;
SET client_encoding = 'UTF8';
SET standard_conforming_strings = on;
SELECT pg_catalog.set_config('search_path', '', false);
SET check_function_bodies = false;
SET xmloption = content;
SET client_min_messages = warning;
SET row_security = off;

--
-- Name: public; Type: SCHEMA; Schema: -; Owner: postgres
--

-- *not* creating schema, since initdb creates it



SET default_tablespace = '';

SET default_table_access_method = heap;

--
-- Name: agenda_proyecto; Type: TABLE; Schema: public; Owner: postgres
--

CREATE TABLE public.agenda_proyecto (
    id bigint NOT NULL,
    codigo character varying(20) NOT NULL,
    nombre character varying(200) NOT NULL,
    tipo character varying(30) NOT NULL,
    fecha_inicio date NOT NULL,
    fecha_fin_estimada date,
    fecha_fin_real date,
    costo_total numeric(10,2) NOT NULL,
    estado character varying(20) NOT NULL,
    descripcion text NOT NULL,
    observaciones text NOT NULL,
    fecha_creacion timestamp with time zone NOT NULL,
    fecha_modificacion timestamp with time zone NOT NULL,
    creado_por_id integer NOT NULL,
    modificado_por_id integer,
    paciente_id bigint NOT NULL,
    profesional_responsable_id bigint NOT NULL,
    servicio_base_id bigint NOT NULL,
    sucursal_id bigint NOT NULL
);


ALTER TABLE public.agenda_proyecto OWNER TO postgres;

--
-- Name: agenda_proyecto_id_seq; Type: SEQUENCE; Schema: public; Owner: postgres
--

ALTER TABLE public.agenda_proyecto ALTER COLUMN id ADD GENERATED BY DEFAULT AS IDENTITY (
    SEQUENCE NAME public.agenda_proyecto_id_seq
    START WITH 1
    INCREMENT BY 1
    NO MINVALUE
    NO MAXVALUE
    CACHE 1
);


--
-- Name: agenda_sesion; Type: TABLE; Schema: public; Owner: postgres
--

CREATE TABLE public.agenda_sesion (
    id bigint NOT NULL,
    fecha date NOT NULL,
    hora_inicio time without time zone NOT NULL,
    hora_fin time without time zone NOT NULL,
    duracion_minutos integer NOT NULL,
    estado character varying(20) NOT NULL,
    fecha_reprogramada date,
    hora_reprogramada time without time zone,
    motivo_reprogramacion text NOT NULL,
    reprogramacion_realizada boolean NOT NULL,
    hora_real_inicio time without time zone,
    minutos_retraso integer,
    monto_cobrado numeric(10,2) NOT NULL,
    observaciones text NOT NULL,
    notas_sesion text NOT NULL,
    fecha_creacion timestamp with time zone NOT NULL,
    fecha_modificacion timestamp with time zone NOT NULL,
    creada_por_id integer NOT NULL,
    modificada_por_id integer,
    paciente_id bigint NOT NULL,
    profesional_id bigint NOT NULL,
    proyecto_id bigint,
    servicio_id bigint NOT NULL,
    sucursal_id bigint NOT NULL,
    CONSTRAINT agenda_sesion_duracion_minutos_check CHECK ((duracion_minutos >= 0)),
    CONSTRAINT agenda_sesion_minutos_retraso_check CHECK ((minutos_retraso >= 0))
);


ALTER TABLE public.agenda_sesion OWNER TO postgres;

--
-- Name: agenda_sesion_id_seq; Type: SEQUENCE; Schema: public; Owner: postgres
--

ALTER TABLE public.agenda_sesion ALTER COLUMN id ADD GENERATED BY DEFAULT AS IDENTITY (
    SEQUENCE NAME public.agenda_sesion_id_seq
    START WITH 1
    INCREMENT BY 1
    NO MINVALUE
    NO MAXVALUE
    CACHE 1
);


--
-- Name: auth_group; Type: TABLE; Schema: public; Owner: postgres
--

CREATE TABLE public.auth_group (
    id integer NOT NULL,
    name character varying(150) NOT NULL
);


ALTER TABLE public.auth_group OWNER TO postgres;

--
-- Name: auth_group_id_seq; Type: SEQUENCE; Schema: public; Owner: postgres
--

ALTER TABLE public.auth_group ALTER COLUMN id ADD GENERATED BY DEFAULT AS IDENTITY (
    SEQUENCE NAME public.auth_group_id_seq
    START WITH 1
    INCREMENT BY 1
    NO MINVALUE
    NO MAXVALUE
    CACHE 1
);


--
-- Name: auth_group_permissions; Type: TABLE; Schema: public; Owner: postgres
--

CREATE TABLE public.auth_group_permissions (
    id bigint NOT NULL,
    group_id integer NOT NULL,
    permission_id integer NOT NULL
);


ALTER TABLE public.auth_group_permissions OWNER TO postgres;

--
-- Name: auth_group_permissions_id_seq; Type: SEQUENCE; Schema: public; Owner: postgres
--

ALTER TABLE public.auth_group_permissions ALTER COLUMN id ADD GENERATED BY DEFAULT AS IDENTITY (
    SEQUENCE NAME public.auth_group_permissions_id_seq
    START WITH 1
    INCREMENT BY 1
    NO MINVALUE
    NO MAXVALUE
    CACHE 1
);


--
-- Name: auth_permission; Type: TABLE; Schema: public; Owner: postgres
--

CREATE TABLE public.auth_permission (
    id integer NOT NULL,
    name character varying(255) NOT NULL,
    content_type_id integer NOT NULL,
    codename character varying(100) NOT NULL
);


ALTER TABLE public.auth_permission OWNER TO postgres;

--
-- Name: auth_permission_id_seq; Type: SEQUENCE; Schema: public; Owner: postgres
--

ALTER TABLE public.auth_permission ALTER COLUMN id ADD GENERATED BY DEFAULT AS IDENTITY (
    SEQUENCE NAME public.auth_permission_id_seq
    START WITH 1
    INCREMENT BY 1
    NO MINVALUE
    NO MAXVALUE
    CACHE 1
);


--
-- Name: auth_user; Type: TABLE; Schema: public; Owner: postgres
--

CREATE TABLE public.auth_user (
    id integer NOT NULL,
    password character varying(128) NOT NULL,
    last_login timestamp with time zone,
    is_superuser boolean NOT NULL,
    username character varying(150) NOT NULL,
    first_name character varying(150) NOT NULL,
    last_name character varying(150) NOT NULL,
    email character varying(254) NOT NULL,
    is_staff boolean NOT NULL,
    is_active boolean NOT NULL,
    date_joined timestamp with time zone NOT NULL
);


ALTER TABLE public.auth_user OWNER TO postgres;

--
-- Name: auth_user_groups; Type: TABLE; Schema: public; Owner: postgres
--

CREATE TABLE public.auth_user_groups (
    id bigint NOT NULL,
    user_id integer NOT NULL,
    group_id integer NOT NULL
);


ALTER TABLE public.auth_user_groups OWNER TO postgres;

--
-- Name: auth_user_groups_id_seq; Type: SEQUENCE; Schema: public; Owner: postgres
--

ALTER TABLE public.auth_user_groups ALTER COLUMN id ADD GENERATED BY DEFAULT AS IDENTITY (
    SEQUENCE NAME public.auth_user_groups_id_seq
    START WITH 1
    INCREMENT BY 1
    NO MINVALUE
    NO MAXVALUE
    CACHE 1
);


--
-- Name: auth_user_id_seq; Type: SEQUENCE; Schema: public; Owner: postgres
--

ALTER TABLE public.auth_user ALTER COLUMN id ADD GENERATED BY DEFAULT AS IDENTITY (
    SEQUENCE NAME public.auth_user_id_seq
    START WITH 1
    INCREMENT BY 1
    NO MINVALUE
    NO MAXVALUE
    CACHE 1
);


--
-- Name: auth_user_user_permissions; Type: TABLE; Schema: public; Owner: postgres
--

CREATE TABLE public.auth_user_user_permissions (
    id bigint NOT NULL,
    user_id integer NOT NULL,
    permission_id integer NOT NULL
);


ALTER TABLE public.auth_user_user_permissions OWNER TO postgres;

--
-- Name: auth_user_user_permissions_id_seq; Type: SEQUENCE; Schema: public; Owner: postgres
--

ALTER TABLE public.auth_user_user_permissions ALTER COLUMN id ADD GENERATED BY DEFAULT AS IDENTITY (
    SEQUENCE NAME public.auth_user_user_permissions_id_seq
    START WITH 1
    INCREMENT BY 1
    NO MINVALUE
    NO MAXVALUE
    CACHE 1
);


--
-- Name: core_perfilusuario; Type: TABLE; Schema: public; Owner: postgres
--

CREATE TABLE public.core_perfilusuario (
    id bigint NOT NULL,
    rol character varying(20),
    activo boolean NOT NULL,
    fecha_creacion timestamp with time zone NOT NULL,
    fecha_modificacion timestamp with time zone NOT NULL,
    profesional_id bigint,
    user_id integer NOT NULL
);


ALTER TABLE public.core_perfilusuario OWNER TO postgres;

--
-- Name: core_perfilusuario_id_seq; Type: SEQUENCE; Schema: public; Owner: postgres
--

ALTER TABLE public.core_perfilusuario ALTER COLUMN id ADD GENERATED BY DEFAULT AS IDENTITY (
    SEQUENCE NAME public.core_perfilusuario_id_seq
    START WITH 1
    INCREMENT BY 1
    NO MINVALUE
    NO MAXVALUE
    CACHE 1
);


--
-- Name: core_perfilusuario_sucursales; Type: TABLE; Schema: public; Owner: postgres
--

CREATE TABLE public.core_perfilusuario_sucursales (
    id bigint NOT NULL,
    perfilusuario_id bigint NOT NULL,
    sucursal_id bigint NOT NULL
);


ALTER TABLE public.core_perfilusuario_sucursales OWNER TO postgres;

--
-- Name: core_perfilusuario_sucursales_id_seq; Type: SEQUENCE; Schema: public; Owner: postgres
--

ALTER TABLE public.core_perfilusuario_sucursales ALTER COLUMN id ADD GENERATED BY DEFAULT AS IDENTITY (
    SEQUENCE NAME public.core_perfilusuario_sucursales_id_seq
    START WITH 1
    INCREMENT BY 1
    NO MINVALUE
    NO MAXVALUE
    CACHE 1
);


--
-- Name: django_admin_log; Type: TABLE; Schema: public; Owner: postgres
--

CREATE TABLE public.django_admin_log (
    id integer NOT NULL,
    action_time timestamp with time zone NOT NULL,
    object_id text,
    object_repr character varying(200) NOT NULL,
    action_flag smallint NOT NULL,
    change_message text NOT NULL,
    content_type_id integer,
    user_id integer NOT NULL,
    CONSTRAINT django_admin_log_action_flag_check CHECK ((action_flag >= 0))
);


ALTER TABLE public.django_admin_log OWNER TO postgres;

--
-- Name: django_admin_log_id_seq; Type: SEQUENCE; Schema: public; Owner: postgres
--

ALTER TABLE public.django_admin_log ALTER COLUMN id ADD GENERATED BY DEFAULT AS IDENTITY (
    SEQUENCE NAME public.django_admin_log_id_seq
    START WITH 1
    INCREMENT BY 1
    NO MINVALUE
    NO MAXVALUE
    CACHE 1
);


--
-- Name: django_content_type; Type: TABLE; Schema: public; Owner: postgres
--

CREATE TABLE public.django_content_type (
    id integer NOT NULL,
    app_label character varying(100) NOT NULL,
    model character varying(100) NOT NULL
);


ALTER TABLE public.django_content_type OWNER TO postgres;

--
-- Name: django_content_type_id_seq; Type: SEQUENCE; Schema: public; Owner: postgres
--

ALTER TABLE public.django_content_type ALTER COLUMN id ADD GENERATED BY DEFAULT AS IDENTITY (
    SEQUENCE NAME public.django_content_type_id_seq
    START WITH 1
    INCREMENT BY 1
    NO MINVALUE
    NO MAXVALUE
    CACHE 1
);


--
-- Name: django_migrations; Type: TABLE; Schema: public; Owner: postgres
--

CREATE TABLE public.django_migrations (
    id bigint NOT NULL,
    app character varying(255) NOT NULL,
    name character varying(255) NOT NULL,
    applied timestamp with time zone NOT NULL
);


ALTER TABLE public.django_migrations OWNER TO postgres;

--
-- Name: django_migrations_id_seq; Type: SEQUENCE; Schema: public; Owner: postgres
--

ALTER TABLE public.django_migrations ALTER COLUMN id ADD GENERATED BY DEFAULT AS IDENTITY (
    SEQUENCE NAME public.django_migrations_id_seq
    START WITH 1
    INCREMENT BY 1
    NO MINVALUE
    NO MAXVALUE
    CACHE 1
);


--
-- Name: django_session; Type: TABLE; Schema: public; Owner: postgres
--

CREATE TABLE public.django_session (
    session_key character varying(40) NOT NULL,
    session_data text NOT NULL,
    expire_date timestamp with time zone NOT NULL
);


ALTER TABLE public.django_session OWNER TO postgres;

--
-- Name: facturacion_cuentacorriente; Type: TABLE; Schema: public; Owner: postgres
--

CREATE TABLE public.facturacion_cuentacorriente (
    id bigint NOT NULL,
    total_consumido numeric(10,2) NOT NULL,
    total_pagado numeric(10,2) NOT NULL,
    saldo numeric(10,2) NOT NULL,
    ultima_actualizacion timestamp with time zone NOT NULL,
    paciente_id bigint NOT NULL
);


ALTER TABLE public.facturacion_cuentacorriente OWNER TO postgres;

--
-- Name: facturacion_cuentacorriente_id_seq; Type: SEQUENCE; Schema: public; Owner: postgres
--

ALTER TABLE public.facturacion_cuentacorriente ALTER COLUMN id ADD GENERATED BY DEFAULT AS IDENTITY (
    SEQUENCE NAME public.facturacion_cuentacorriente_id_seq
    START WITH 1
    INCREMENT BY 1
    NO MINVALUE
    NO MAXVALUE
    CACHE 1
);


--
-- Name: facturacion_factura; Type: TABLE; Schema: public; Owner: postgres
--

CREATE TABLE public.facturacion_factura (
    id bigint NOT NULL,
    numero_factura character varying(20) NOT NULL,
    fecha_emision date NOT NULL,
    nombre_fiscal character varying(200) NOT NULL,
    nit_ci character varying(20) NOT NULL,
    concepto text NOT NULL,
    subtotal numeric(10,2) NOT NULL,
    descuento numeric(10,2) NOT NULL,
    total numeric(10,2) NOT NULL,
    estado character varying(20) NOT NULL,
    fecha_registro timestamp with time zone NOT NULL,
    emitida_por_id integer NOT NULL,
    paciente_id bigint NOT NULL
);


ALTER TABLE public.facturacion_factura OWNER TO postgres;

--
-- Name: facturacion_factura_id_seq; Type: SEQUENCE; Schema: public; Owner: postgres
--

ALTER TABLE public.facturacion_factura ALTER COLUMN id ADD GENERATED BY DEFAULT AS IDENTITY (
    SEQUENCE NAME public.facturacion_factura_id_seq
    START WITH 1
    INCREMENT BY 1
    NO MINVALUE
    NO MAXVALUE
    CACHE 1
);


--
-- Name: facturacion_factura_pagos; Type: TABLE; Schema: public; Owner: postgres
--

CREATE TABLE public.facturacion_factura_pagos (
    id bigint NOT NULL,
    factura_id bigint NOT NULL,
    pago_id bigint NOT NULL
);


ALTER TABLE public.facturacion_factura_pagos OWNER TO postgres;

--
-- Name: facturacion_factura_pagos_id_seq; Type: SEQUENCE; Schema: public; Owner: postgres
--

ALTER TABLE public.facturacion_factura_pagos ALTER COLUMN id ADD GENERATED BY DEFAULT AS IDENTITY (
    SEQUENCE NAME public.facturacion_factura_pagos_id_seq
    START WITH 1
    INCREMENT BY 1
    NO MINVALUE
    NO MAXVALUE
    CACHE 1
);


--
-- Name: facturacion_metodopago; Type: TABLE; Schema: public; Owner: postgres
--

CREATE TABLE public.facturacion_metodopago (
    id bigint NOT NULL,
    nombre character varying(50) NOT NULL,
    descripcion text NOT NULL,
    activo boolean NOT NULL
);


ALTER TABLE public.facturacion_metodopago OWNER TO postgres;

--
-- Name: facturacion_metodopago_id_seq; Type: SEQUENCE; Schema: public; Owner: postgres
--

ALTER TABLE public.facturacion_metodopago ALTER COLUMN id ADD GENERATED BY DEFAULT AS IDENTITY (
    SEQUENCE NAME public.facturacion_metodopago_id_seq
    START WITH 1
    INCREMENT BY 1
    NO MINVALUE
    NO MAXVALUE
    CACHE 1
);


--
-- Name: facturacion_pago; Type: TABLE; Schema: public; Owner: postgres
--

CREATE TABLE public.facturacion_pago (
    id bigint NOT NULL,
    fecha_pago date NOT NULL,
    monto numeric(10,2) NOT NULL,
    numero_transaccion character varying(100) NOT NULL,
    concepto character varying(200) NOT NULL,
    observaciones text NOT NULL,
    numero_recibo character varying(20) NOT NULL,
    fecha_registro timestamp with time zone NOT NULL,
    anulado boolean NOT NULL,
    motivo_anulacion text NOT NULL,
    fecha_anulacion timestamp with time zone,
    anulado_por_id integer,
    metodo_pago_id bigint NOT NULL,
    paciente_id bigint NOT NULL,
    proyecto_id bigint,
    registrado_por_id integer NOT NULL,
    sesion_id bigint,
    CONSTRAINT pago_sesion_o_proyecto_o_ninguno CHECK ((((proyecto_id IS NULL) AND (sesion_id IS NOT NULL)) OR ((proyecto_id IS NOT NULL) AND (sesion_id IS NULL)) OR ((proyecto_id IS NULL) AND (sesion_id IS NULL))))
);


ALTER TABLE public.facturacion_pago OWNER TO postgres;

--
-- Name: facturacion_pago_id_seq; Type: SEQUENCE; Schema: public; Owner: postgres
--

ALTER TABLE public.facturacion_pago ALTER COLUMN id ADD GENERATED BY DEFAULT AS IDENTITY (
    SEQUENCE NAME public.facturacion_pago_id_seq
    START WITH 1
    INCREMENT BY 1
    NO MINVALUE
    NO MAXVALUE
    CACHE 1
);


--
-- Name: pacientes_paciente; Type: TABLE; Schema: public; Owner: postgres
--

CREATE TABLE public.pacientes_paciente (
    id bigint NOT NULL,
    nombre character varying(100) NOT NULL,
    apellido character varying(100) NOT NULL,
    fecha_nacimiento date NOT NULL,
    genero character varying(1) NOT NULL,
    nombre_tutor character varying(200) NOT NULL,
    parentesco character varying(20) NOT NULL,
    telefono_tutor character varying(20) NOT NULL,
    email_tutor character varying(254),
    direccion text NOT NULL,
    diagnostico text NOT NULL,
    observaciones_medicas text NOT NULL,
    alergias text NOT NULL,
    estado character varying(10) NOT NULL,
    fecha_registro timestamp with time zone NOT NULL,
    fecha_modificacion timestamp with time zone CONSTRAINT pacientes_paciente_fecha_actualizacion_not_null NOT NULL
);


ALTER TABLE public.pacientes_paciente OWNER TO postgres;

--
-- Name: pacientes_paciente_id_seq; Type: SEQUENCE; Schema: public; Owner: postgres
--

ALTER TABLE public.pacientes_paciente ALTER COLUMN id ADD GENERATED BY DEFAULT AS IDENTITY (
    SEQUENCE NAME public.pacientes_paciente_id_seq
    START WITH 1
    INCREMENT BY 1
    NO MINVALUE
    NO MAXVALUE
    CACHE 1
);


--
-- Name: pacientes_paciente_sucursales; Type: TABLE; Schema: public; Owner: postgres
--

CREATE TABLE public.pacientes_paciente_sucursales (
    id bigint NOT NULL,
    paciente_id bigint NOT NULL,
    sucursal_id bigint NOT NULL
);


ALTER TABLE public.pacientes_paciente_sucursales OWNER TO postgres;

--
-- Name: pacientes_paciente_sucursales_id_seq; Type: SEQUENCE; Schema: public; Owner: postgres
--

ALTER TABLE public.pacientes_paciente_sucursales ALTER COLUMN id ADD GENERATED BY DEFAULT AS IDENTITY (
    SEQUENCE NAME public.pacientes_paciente_sucursales_id_seq
    START WITH 1
    INCREMENT BY 1
    NO MINVALUE
    NO MAXVALUE
    CACHE 1
);


--
-- Name: pacientes_pacienteservicio; Type: TABLE; Schema: public; Owner: postgres
--

CREATE TABLE public.pacientes_pacienteservicio (
    id bigint NOT NULL,
    costo_sesion numeric(10,2),
    activo boolean NOT NULL,
    fecha_inicio timestamp with time zone NOT NULL,
    observaciones text NOT NULL,
    paciente_id bigint NOT NULL,
    servicio_id bigint NOT NULL,
    fecha_modificacion timestamp with time zone NOT NULL
);


ALTER TABLE public.pacientes_pacienteservicio OWNER TO postgres;

--
-- Name: pacientes_pacienteservicio_id_seq; Type: SEQUENCE; Schema: public; Owner: postgres
--

ALTER TABLE public.pacientes_pacienteservicio ALTER COLUMN id ADD GENERATED BY DEFAULT AS IDENTITY (
    SEQUENCE NAME public.pacientes_pacienteservicio_id_seq
    START WITH 1
    INCREMENT BY 1
    NO MINVALUE
    NO MAXVALUE
    CACHE 1
);


--
-- Name: profesionales_profesional; Type: TABLE; Schema: public; Owner: postgres
--

CREATE TABLE public.profesionales_profesional (
    id bigint NOT NULL,
    nombre character varying(100) NOT NULL,
    apellido character varying(100) NOT NULL,
    especialidad character varying(100) NOT NULL,
    telefono character varying(20) NOT NULL,
    email character varying(254) NOT NULL,
    activo boolean NOT NULL,
    fecha_ingreso date NOT NULL,
    user_id integer
);


ALTER TABLE public.profesionales_profesional OWNER TO postgres;

--
-- Name: profesionales_profesional_id_seq; Type: SEQUENCE; Schema: public; Owner: postgres
--

ALTER TABLE public.profesionales_profesional ALTER COLUMN id ADD GENERATED BY DEFAULT AS IDENTITY (
    SEQUENCE NAME public.profesionales_profesional_id_seq
    START WITH 1
    INCREMENT BY 1
    NO MINVALUE
    NO MAXVALUE
    CACHE 1
);


--
-- Name: profesionales_profesional_servicios; Type: TABLE; Schema: public; Owner: postgres
--

CREATE TABLE public.profesionales_profesional_servicios (
    id bigint NOT NULL,
    profesional_id bigint NOT NULL,
    tiposervicio_id bigint NOT NULL
);


ALTER TABLE public.profesionales_profesional_servicios OWNER TO postgres;

--
-- Name: profesionales_profesional_servicios_id_seq; Type: SEQUENCE; Schema: public; Owner: postgres
--

ALTER TABLE public.profesionales_profesional_servicios ALTER COLUMN id ADD GENERATED BY DEFAULT AS IDENTITY (
    SEQUENCE NAME public.profesionales_profesional_servicios_id_seq
    START WITH 1
    INCREMENT BY 1
    NO MINVALUE
    NO MAXVALUE
    CACHE 1
);


--
-- Name: profesionales_profesional_sucursales; Type: TABLE; Schema: public; Owner: postgres
--

CREATE TABLE public.profesionales_profesional_sucursales (
    id bigint NOT NULL,
    profesional_id bigint NOT NULL,
    sucursal_id bigint NOT NULL
);


ALTER TABLE public.profesionales_profesional_sucursales OWNER TO postgres;

--
-- Name: profesionales_profesional_sucursales_id_seq; Type: SEQUENCE; Schema: public; Owner: postgres
--

ALTER TABLE public.profesionales_profesional_sucursales ALTER COLUMN id ADD GENERATED BY DEFAULT AS IDENTITY (
    SEQUENCE NAME public.profesionales_profesional_sucursales_id_seq
    START WITH 1
    INCREMENT BY 1
    NO MINVALUE
    NO MAXVALUE
    CACHE 1
);


--
-- Name: servicios_sucursal; Type: TABLE; Schema: public; Owner: postgres
--

CREATE TABLE public.servicios_sucursal (
    id bigint NOT NULL,
    nombre character varying(100) NOT NULL,
    direccion text NOT NULL,
    telefono character varying(20) NOT NULL,
    activa boolean NOT NULL
);


ALTER TABLE public.servicios_sucursal OWNER TO postgres;

--
-- Name: servicios_sucursal_id_seq; Type: SEQUENCE; Schema: public; Owner: postgres
--

ALTER TABLE public.servicios_sucursal ALTER COLUMN id ADD GENERATED BY DEFAULT AS IDENTITY (
    SEQUENCE NAME public.servicios_sucursal_id_seq
    START WITH 1
    INCREMENT BY 1
    NO MINVALUE
    NO MAXVALUE
    CACHE 1
);


--
-- Name: servicios_tiposervicio; Type: TABLE; Schema: public; Owner: postgres
--

CREATE TABLE public.servicios_tiposervicio (
    id bigint NOT NULL,
    nombre character varying(100) NOT NULL,
    descripcion text NOT NULL,
    duracion_minutos integer NOT NULL,
    costo_base numeric(10,2) NOT NULL,
    color character varying(7) NOT NULL,
    activo boolean NOT NULL
);


ALTER TABLE public.servicios_tiposervicio OWNER TO postgres;

--
-- Name: servicios_tiposervicio_id_seq; Type: SEQUENCE; Schema: public; Owner: postgres
--

ALTER TABLE public.servicios_tiposervicio ALTER COLUMN id ADD GENERATED BY DEFAULT AS IDENTITY (
    SEQUENCE NAME public.servicios_tiposervicio_id_seq
    START WITH 1
    INCREMENT BY 1
    NO MINVALUE
    NO MAXVALUE
    CACHE 1
);


--
-- Data for Name: agenda_proyecto; Type: TABLE DATA; Schema: public; Owner: postgres
--

COPY public.agenda_proyecto (id, codigo, nombre, tipo, fecha_inicio, fecha_fin_estimada, fecha_fin_real, costo_total, estado, descripcion, observaciones, fecha_creacion, fecha_modificacion, creado_por_id, modificado_por_id, paciente_id, profesional_responsable_id, servicio_base_id, sucursal_id) FROM stdin;
4	EVAL-0004	Evaluacion Infantil	evaluacion	2026-01-13	2026-01-13	\N	200.00	planificado			2026-01-12 16:01:19.04652+00	2026-01-12 16:01:19.046533+00	6	6	7	11	13	4
7	EVAL-0005	EVALUACION DE DESARROLLO	evaluacion	2026-01-13	2026-01-13	2026-01-13	200.00	finalizado			2026-01-13 15:18:26.275964+00	2026-01-13 20:32:47.177275+00	5	5	25	4	13	3
8	EVAL-0008	EVALUACION INTEGRAL DE DESARROLLO INFANTIL	evaluacion	2026-01-15	2026-01-23	\N	1000.00	planificado	EVALUACION EN LAS AREAS DE:\r\nLENGUAJE \r\nPSICOLOGIA\r\nDESARROLLO INFANTIL (JACKIE)\r\nPSICOPEDAGOGIA		2026-01-13 23:37:28.46043+00	2026-01-13 23:37:28.460444+00	6	\N	33	5	6	4
9	EVAL-0009	EVALUACION DE LENGUAJE	evaluacion	2026-01-15	2026-01-17	\N	250.00	planificado			2026-01-14 19:27:16.101257+00	2026-01-14 19:27:16.101277+00	5	5	26	3	6	3
\.


--
-- Data for Name: agenda_sesion; Type: TABLE DATA; Schema: public; Owner: postgres
--

COPY public.agenda_sesion (id, fecha, hora_inicio, hora_fin, duracion_minutos, estado, fecha_reprogramada, hora_reprogramada, motivo_reprogramacion, reprogramacion_realizada, hora_real_inicio, minutos_retraso, monto_cobrado, observaciones, notas_sesion, fecha_creacion, fecha_modificacion, creada_por_id, modificada_por_id, paciente_id, profesional_id, proyecto_id, servicio_id, sucursal_id) FROM stdin;
48	2026-01-13	14:30:00	15:15:00	45	realizada_retraso	\N	\N		f	14:50:00	20	50.00	SE DURMIO		2026-01-13 20:17:43.736782+00	2026-01-13 20:29:45.999714+00	5	5	9	11	\N	13	3
58	2026-01-15	18:00:00	18:30:00	30	programada	\N	\N		f	\N	\N	0.00			2026-01-14 21:05:32.894411+00	2026-01-14 21:05:32.894424+00	5	\N	26	3	9	6	3
42	2026-01-12	14:30:00	15:00:00	30	programada	\N	\N		f	\N	\N	0.00			2026-01-12 15:52:19.471289+00	2026-01-12 15:52:19.471311+00	1	1	3	5	\N	6	4
43	2026-01-14	16:30:00	17:00:00	30	programada	\N	\N		f	\N	\N	70.00			2026-01-12 15:52:21.311638+00	2026-01-12 15:52:21.311659+00	6	6	5	5	\N	6	4
44	2026-01-12	14:30:00	15:00:00	30	programada	\N	\N		f	\N	\N	0.00			2026-01-12 15:52:27.329875+00	2026-01-12 15:52:27.329892+00	5	5	4	3	\N	6	3
47	2026-01-08	14:30:00	15:15:00	45	programada	\N	\N		f	\N	\N	50.00			2026-01-13 20:17:42.930734+00	2026-01-13 20:17:42.930751+00	5	\N	9	11	\N	13	3
49	2026-01-15	14:30:00	15:15:00	45	programada	\N	\N		f	\N	\N	50.00			2026-01-13 20:17:44.445319+00	2026-01-13 20:17:44.445334+00	5	\N	9	11	\N	13	3
50	2026-01-20	14:30:00	15:15:00	45	programada	\N	\N		f	\N	\N	50.00			2026-01-13 20:17:45.180351+00	2026-01-13 20:17:45.180365+00	5	\N	9	11	\N	13	3
51	2026-01-22	14:30:00	15:15:00	45	programada	\N	\N		f	\N	\N	50.00			2026-01-13 20:17:45.893232+00	2026-01-13 20:17:45.893244+00	5	\N	9	11	\N	13	3
52	2026-01-27	14:30:00	15:15:00	45	programada	\N	\N		f	\N	\N	50.00			2026-01-13 20:17:46.622753+00	2026-01-13 20:17:46.622772+00	5	\N	9	11	\N	13	3
53	2026-01-29	14:30:00	15:15:00	45	programada	\N	\N		f	\N	\N	50.00			2026-01-13 20:17:47.345961+00	2026-01-13 20:17:47.345979+00	5	\N	9	11	\N	13	3
54	2026-01-09	15:15:00	16:00:00	45	programada	\N	\N		f	\N	\N	50.00			2026-01-13 20:19:06.939222+00	2026-01-13 20:19:06.939236+00	5	\N	9	11	\N	13	3
55	2026-01-16	15:15:00	16:00:00	45	programada	\N	\N		f	\N	\N	50.00			2026-01-13 20:19:07.782493+00	2026-01-13 20:19:07.78251+00	5	\N	9	11	\N	13	3
56	2026-01-23	15:15:00	16:00:00	45	programada	\N	\N		f	\N	\N	50.00			2026-01-13 20:19:08.71396+00	2026-01-13 20:19:08.713977+00	5	\N	9	11	\N	13	3
57	2026-01-30	15:15:00	16:00:00	45	programada	\N	\N		f	\N	\N	50.00			2026-01-13 20:19:09.539215+00	2026-01-13 20:19:09.539228+00	5	\N	9	11	\N	13	3
\.


--
-- Data for Name: auth_group; Type: TABLE DATA; Schema: public; Owner: postgres
--

COPY public.auth_group (id, name) FROM stdin;
\.


--
-- Data for Name: auth_group_permissions; Type: TABLE DATA; Schema: public; Owner: postgres
--

COPY public.auth_group_permissions (id, group_id, permission_id) FROM stdin;
\.


--
-- Data for Name: auth_permission; Type: TABLE DATA; Schema: public; Owner: postgres
--

COPY public.auth_permission (id, name, content_type_id, codename) FROM stdin;
1	Can add log entry	1	add_logentry
2	Can change log entry	1	change_logentry
3	Can delete log entry	1	delete_logentry
4	Can view log entry	1	view_logentry
5	Can add permission	3	add_permission
6	Can change permission	3	change_permission
7	Can delete permission	3	delete_permission
8	Can view permission	3	view_permission
9	Can add group	2	add_group
10	Can change group	2	change_group
11	Can delete group	2	delete_group
12	Can view group	2	view_group
13	Can add user	4	add_user
14	Can change user	4	change_user
15	Can delete user	4	delete_user
16	Can view user	4	view_user
17	Can add content type	5	add_contenttype
18	Can change content type	5	change_contenttype
19	Can delete content type	5	delete_contenttype
20	Can view content type	5	view_contenttype
21	Can add session	6	add_session
22	Can change session	6	change_session
23	Can delete session	6	delete_session
24	Can view session	6	view_session
25	Can add Perfil de Usuario	7	add_perfilusuario
26	Can change Perfil de Usuario	7	change_perfilusuario
27	Can delete Perfil de Usuario	7	delete_perfilusuario
28	Can view Perfil de Usuario	7	view_perfilusuario
29	Can add Paciente	8	add_paciente
30	Can change Paciente	8	change_paciente
31	Can delete Paciente	8	delete_paciente
32	Can view Paciente	8	view_paciente
33	Can add Servicio del Paciente	9	add_pacienteservicio
34	Can change Servicio del Paciente	9	change_pacienteservicio
35	Can delete Servicio del Paciente	9	delete_pacienteservicio
36	Can view Servicio del Paciente	9	view_pacienteservicio
37	Can add Sucursal	10	add_sucursal
38	Can change Sucursal	10	change_sucursal
39	Can delete Sucursal	10	delete_sucursal
40	Can view Sucursal	10	view_sucursal
41	Can add Tipo de Servicio	11	add_tiposervicio
42	Can change Tipo de Servicio	11	change_tiposervicio
43	Can delete Tipo de Servicio	11	delete_tiposervicio
44	Can view Tipo de Servicio	11	view_tiposervicio
45	Can add Proyecto	12	add_proyecto
46	Can change Proyecto	12	change_proyecto
47	Can delete Proyecto	12	delete_proyecto
48	Can view Proyecto	12	view_proyecto
49	Can add Sesión	13	add_sesion
50	Can change Sesión	13	change_sesion
51	Can delete Sesión	13	delete_sesion
52	Can view Sesión	13	view_sesion
53	Can add Profesional	14	add_profesional
54	Can change Profesional	14	change_profesional
55	Can delete Profesional	14	delete_profesional
56	Can view Profesional	14	view_profesional
57	Can add Método de Pago	17	add_metodopago
58	Can change Método de Pago	17	change_metodopago
59	Can delete Método de Pago	17	delete_metodopago
60	Can view Método de Pago	17	view_metodopago
61	Can add Pago	18	add_pago
62	Can change Pago	18	change_pago
63	Can delete Pago	18	delete_pago
64	Can view Pago	18	view_pago
65	Can add Factura	16	add_factura
66	Can change Factura	16	change_factura
67	Can delete Factura	16	delete_factura
68	Can view Factura	16	view_factura
69	Can add Cuenta Corriente	15	add_cuentacorriente
70	Can change Cuenta Corriente	15	change_cuentacorriente
71	Can delete Cuenta Corriente	15	delete_cuentacorriente
72	Can view Cuenta Corriente	15	view_cuentacorriente
\.


--
-- Data for Name: auth_user; Type: TABLE DATA; Schema: public; Owner: postgres
--

COPY public.auth_user (id, password, last_login, is_superuser, username, first_name, last_name, email, is_staff, is_active, date_joined) FROM stdin;
9	pbkdf2_sha256$1200000$YJqaZhB2ujNXzXYChZRGif$I2eMIwQykDkCesm7xyctv5lPzfAyHN0u9myHY2KHt6U=	\N	f	JACKIE@2026	Jackie Jared	Castro Hurtado		f	t	2027-01-01 03:40:06+00
8	pbkdf2_sha256$1200000$UnUfvb2oDARm7Xnljph8VY$l30mlRSzO0YhojL0w7xt6TzL34UkWzs29Xs479638uc=	2026-01-13 13:41:36.381728+00	f	PATRICIA@2026	Patricia Paola	Cuevas Peña		f	t	2027-01-01 03:32:29+00
10	pbkdf2_sha256$1200000$yqIVz3FqVnpn0mQwk7IYvG$oNv3rKCt3SzXZHI61hD+L0nJn48loMbdxHscWgaSVdk=	2026-01-13 13:42:22.279085+00	f	EMILY@2026	Emily Claret	Arando Carvajal		f	t	2026-12-31 14:49:18+00
1	pbkdf2_sha256$1200000$b7w9JlxoVt3f0v2ZDsGR56$kFZKFvJHjDwUsWoixCfJrDzPJ2MLux53lyON10NihCQ=	2026-01-14 19:35:08.17421+00	t	admin				t	t	2025-12-26 23:51:58.481187+00
12	pbkdf2_sha256$1200000$iI0M9UElY3VqqFGdVoe1hV$K6dLYED5Xe7zuaHjiRTJgKzz9AEEntZ75f6Sfpp2Gxk=	\N	f	PAOLA@2026	Edith Paola	Chijo Pino		f	t	2026-12-31 14:53:39+00
14	pbkdf2_sha256$1200000$TEtxaQqrFZKMe6tdpakgx0$Gw3FkOoyZ62pxTS4f4ekfpkASHOVwDMI6mDKRYfQ8AY=	\N	f	ALEJANDRA@2026	Alejandra Emilia	Aramayo Contreras		f	t	2026-12-31 14:55:59+00
5	pbkdf2_sha256$1200000$ZJHnUeAyGzTfMieOA6rj1V$G2pZG9dHEaEae9bibykhJb4lo5zrqz+MXuLVKLr95To=	2026-01-14 19:52:59.87936+00	f	DAYAN@2026	Dayan Adriana	Velasco Vargas		t	t	2027-01-01 03:14:25+00
6	pbkdf2_sha256$1200000$ff2ILESIzNR5S5exPUpri6$98TXQGf60nK6OfUv4lYHHEePTyqhdtbSXewLwnjj6h8=	2026-01-12 22:02:00+00	f	DANIELA@2026	Daniela	Velasquez Romero		t	t	2027-01-01 03:20:23+00
15	pbkdf2_sha256$1200000$J0ZGAr5UpRkDWKJekJmKEQ$BMVJLk4hRA2rrFfkxiD7XxHJ0Cd64GZly3OSU6eiZ84=	2026-01-12 19:57:32.685607+00	f	DAYANA@2026	Dayana	Armijo Torrez		f	t	2026-12-31 14:56:44+00
17	pbkdf2_sha256$1200000$xL2fAzVhAYrjAJXSaU9WHg$dUz8yMYPhEE6qYGZEPPyxcUj66OKKoTWDQpRtAQJrn8=	2026-01-12 19:59:22.270163+00	f	MICHELLE@2026	Michelle Andrea	Gonzales Padilla		f	t	2026-12-31 15:11:55+00
13	pbkdf2_sha256$1200000$iK1axw2z2o42vpmriDz0Wb$vj/P8T1xCe04eKPCGZKMsqhDZjeL4p3x9fSjwHPKHu4=	2026-01-12 20:02:29.103792+00	f	MARIA@2026	Maria Lourdes	Rodriguez Romero		f	t	2026-12-31 14:54:15+00
16	pbkdf2_sha256$1200000$o1RN99LGepaPdturYVmJd2$nyVxyXAbeq9zMSsZmGSGr6njpsfASfk8koiDAmuNGig=	2026-01-12 20:14:53.202994+00	f	GABRIELA@2026	Ana Gabriela	Rodriguez Romer		f	t	2026-12-31 14:59:04+00
11	pbkdf2_sha256$1200000$rtiarDDwKd189FvjTBHhAj$7kCa2JYvuyFo+dMoU4zK5nMvu9wl7aEr18rLvXnggFc=	2026-01-12 20:56:05.516202+00	f	ARIANA@2026	Liset Ariana	Olivares Choque		f	t	2026-12-31 14:49:23+00
\.


--
-- Data for Name: auth_user_groups; Type: TABLE DATA; Schema: public; Owner: postgres
--

COPY public.auth_user_groups (id, user_id, group_id) FROM stdin;
\.


--
-- Data for Name: auth_user_user_permissions; Type: TABLE DATA; Schema: public; Owner: postgres
--

COPY public.auth_user_user_permissions (id, user_id, permission_id) FROM stdin;
1	5	1
2	5	2
3	5	3
4	5	4
5	5	5
6	5	6
7	5	7
8	5	8
9	5	9
10	5	10
11	5	11
12	5	12
13	5	13
14	5	14
15	5	15
16	5	16
17	5	17
18	5	18
19	5	19
20	5	20
21	5	21
22	5	22
23	5	23
24	5	24
25	5	25
26	5	26
27	5	27
28	5	28
29	5	29
30	5	30
31	5	31
32	5	32
33	5	33
34	5	34
35	5	35
36	5	36
37	5	37
38	5	38
39	5	39
40	5	40
41	5	41
42	5	42
43	5	43
44	5	44
45	5	45
46	5	46
47	5	47
48	5	48
49	5	49
50	5	50
51	5	51
52	5	52
53	5	53
54	5	54
55	5	55
56	5	56
57	5	57
58	5	58
59	5	59
60	5	60
61	5	61
62	5	62
63	5	63
64	5	64
65	5	65
66	5	66
67	5	67
68	5	68
69	5	69
70	5	70
71	5	71
72	5	72
73	6	1
74	6	2
75	6	3
76	6	4
77	6	5
78	6	6
79	6	7
80	6	8
81	6	9
82	6	10
83	6	11
84	6	12
85	6	13
86	6	14
87	6	15
88	6	16
89	6	17
90	6	18
91	6	19
92	6	20
93	6	21
94	6	22
95	6	23
96	6	24
97	6	25
98	6	26
99	6	27
100	6	28
101	6	29
102	6	30
103	6	31
104	6	32
105	6	33
106	6	34
107	6	35
108	6	36
109	6	37
110	6	38
111	6	39
112	6	40
113	6	41
114	6	42
115	6	43
116	6	44
117	6	45
118	6	46
119	6	47
120	6	48
121	6	49
122	6	50
123	6	51
124	6	52
125	6	53
126	6	54
127	6	55
128	6	56
129	6	57
130	6	58
131	6	59
132	6	60
133	6	61
134	6	62
135	6	63
136	6	64
137	6	65
138	6	66
139	6	67
140	6	68
141	6	69
142	6	70
143	6	71
144	6	72
\.


--
-- Data for Name: core_perfilusuario; Type: TABLE DATA; Schema: public; Owner: postgres
--

COPY public.core_perfilusuario (id, rol, activo, fecha_creacion, fecha_modificacion, profesional_id, user_id) FROM stdin;
7	\N	t	2026-01-12 03:32:31.796752+00	2026-01-12 03:32:31.796764+00	\N	8
8	\N	t	2026-01-12 03:40:09.157305+00	2026-01-12 03:40:09.157317+00	\N	9
9	\N	t	2026-01-12 14:49:21.850757+00	2026-01-12 14:49:21.850771+00	\N	10
10	\N	t	2026-01-12 14:49:26.300231+00	2026-01-12 14:49:26.300244+00	\N	11
11	\N	t	2026-01-12 14:53:42.692224+00	2026-01-12 14:53:42.692238+00	\N	12
12	\N	t	2026-01-12 14:54:18.8939+00	2026-01-12 14:54:18.893913+00	\N	13
13	\N	t	2026-01-12 14:56:03.029887+00	2026-01-12 14:56:03.0299+00	\N	14
14	\N	t	2026-01-12 14:56:47.001824+00	2026-01-12 14:56:47.001837+00	\N	15
15	\N	t	2026-01-12 14:59:07.49226+00	2026-01-12 14:59:07.492271+00	\N	16
16	\N	t	2026-01-12 15:11:58.427774+00	2026-01-12 15:11:58.427788+00	\N	17
4	recepcionista	t	2026-01-12 03:14:28.296791+00	2026-01-14 19:44:17.599518+00	\N	5
5	recepcionista	t	2026-01-12 03:20:25.701798+00	2026-01-14 19:47:07.575208+00	\N	6
\.


--
-- Data for Name: core_perfilusuario_sucursales; Type: TABLE DATA; Schema: public; Owner: postgres
--

COPY public.core_perfilusuario_sucursales (id, perfilusuario_id, sucursal_id) FROM stdin;
1	5	4
2	4	3
\.


--
-- Data for Name: django_admin_log; Type: TABLE DATA; Schema: public; Owner: postgres
--

COPY public.django_admin_log (id, action_time, object_id, object_repr, action_flag, change_message, content_type_id, user_id) FROM stdin;
1	2025-12-27 00:19:26.15193+00	1	Japon	1	[{"added": {}}]	10	1
2	2025-12-27 00:19:56.855614+00	1	Psicología - Bs. 50	1	[{"added": {}}]	11	1
3	2025-12-27 00:20:52.34796+00	2	jackiecastro	1	[{"added": {}}]	4	1
4	2025-12-27 00:21:05.653196+00	2	jackiecastro	2	[]	4	1
5	2025-12-27 00:23:33.684898+00	1	Castro, Jackie	1	[{"added": {}}]	14	1
6	2025-12-27 00:24:17.639508+00	1	jackiecastro - Profesional	2	[{"changed": {"fields": ["Rol", "Profesional"]}}]	7	1
7	2025-12-27 00:26:12.295696+00	1	Alessia Nogales castro (15 años)	1	[{"added": {}}, {"added": {"name": "Servicio del Paciente", "object": "Alessia Nogales castro - Psicolog\\u00eda"}}]	8	1
8	2025-12-27 01:30:36.866745+00	1	Efectivo	1	[{"added": {}}]	17	1
9	2025-12-27 01:30:50.366324+00	2	QR	1	[{"added": {}}]	17	1
10	2025-12-27 01:31:00.088557+00	3	Transferencia	1	[{"added": {}}]	17	1
11	2025-12-27 01:31:17.165921+00	4	Uso de Crédito	1	[{"added": {}}]	17	1
12	2025-12-27 01:31:53.214836+00	5	Crédito/Saldo a favor	1	[{"added": {}}]	17	1
13	2025-12-31 02:22:29.284264+00	2	MILLARES	1	[{"added": {}}]	10	1
14	2025-12-31 02:23:10.183632+00	2	FISIOTERAPIA - Bs. 50	1	[{"added": {}}]	11	1
15	2025-12-31 02:25:13.605572+00	2	OLIVARES, ARIANA	1	[{"added": {}}]	14	1
16	2025-12-31 02:27:43.387513+00	3	arianaolivares	1	[{"added": {}}]	4	1
17	2025-12-31 02:28:28.096769+00	3	arianaolivares	2	[]	4	1
18	2025-12-31 02:30:36.186842+00	2	arianaolivares - Profesional	2	[{"changed": {"fields": ["Rol", "Profesional"]}}]	7	1
19	2025-12-31 02:35:02.797706+00	2	ANTHONY NOGALES CASTRO (5 años)	1	[{"added": {}}, {"added": {"name": "Servicio del Paciente", "object": "ANTHONY NOGALES CASTRO - FISIOTERAPIA"}}, {"added": {"name": "Servicio del Paciente", "object": "ANTHONY NOGALES CASTRO - Psicolog\\u00eda"}}]	8	1
20	2025-12-31 03:36:35.706761+00	3	PSICOPEDAGOGIA - Bs. 50	1	[{"added": {}}]	11	1
21	2026-01-12 01:38:28.069542+00	1	EVAL-0001 - Evaluación 5 (Alessia Nogales castro (15 años))	3		12	1
22	2026-01-12 01:38:42.111132+00	2	EVAL-0002 - EVALUACION COMPLETA ADIR 5 (ANTHONY NOGALES CASTRO (5 años))	3		12	1
23	2026-01-12 01:39:17.04276+00	24	2025-12-01 12:00:00 - Alessia Nogales castro (15 años) - Psicología - Bs. 50.00	3		13	1
24	2026-01-12 01:39:17.04285+00	10	2025-12-01 15:00:00 - Alessia Nogales castro (15 años) - Psicología - Bs. 50.00	3		13	1
25	2026-01-12 01:39:17.042893+00	33	2025-12-02 15:00:00 - ANTHONY NOGALES CASTRO (5 años) - Psicología - Bs. 50.00	3		13	1
26	2026-01-12 01:39:17.042933+00	1	2025-12-02 22:00:00 - Alessia Nogales castro (15 años) - Psicología - Bs. 50.00	3		13	1
27	2026-01-12 01:39:17.042974+00	11	2025-12-03 15:00:00 - Alessia Nogales castro (15 años) - Psicología - Bs. 50.00	3		13	1
28	2026-01-12 01:39:17.043039+00	25	2025-12-04 12:00:00 - Alessia Nogales castro (15 años) - Psicología - Bs. 50.00	3		13	1
29	2026-01-12 01:39:17.043076+00	34	2025-12-04 15:00:00 - ANTHONY NOGALES CASTRO (5 años) - Psicología - Bs. 50.00	3		13	1
30	2026-01-12 01:39:17.04311+00	2	2025-12-04 22:00:00 - Alessia Nogales castro (15 años) - Psicología - Bs. 50.00	3		13	1
31	2026-01-12 01:39:17.043158+00	12	2025-12-05 15:00:00 - Alessia Nogales castro (15 años) - Psicología - Bs. 50.00	3		13	1
32	2026-01-12 01:39:17.043198+00	26	2025-12-08 12:00:00 - Alessia Nogales castro (15 años) - Psicología - Bs. 50.00	3		13	1
33	2026-01-12 01:39:17.043232+00	13	2025-12-08 15:00:00 - Alessia Nogales castro (15 años) - Psicología - Bs. 50.00	3		13	1
34	2026-01-12 01:39:17.043263+00	35	2025-12-09 15:00:00 - ANTHONY NOGALES CASTRO (5 años) - Psicología - Bs. 50.00	3		13	1
35	2026-01-12 01:39:17.043296+00	3	2025-12-09 22:00:00 - Alessia Nogales castro (15 años) - Psicología - Bs. 50.00	3		13	1
36	2026-01-12 01:39:17.043335+00	14	2025-12-10 15:00:00 - Alessia Nogales castro (15 años) - Psicología - Bs. 50.00	3		13	1
37	2026-01-12 01:39:17.043372+00	27	2025-12-11 12:00:00 - Alessia Nogales castro (15 años) - Psicología - Bs. 50.00	3		13	1
38	2026-01-12 01:39:17.043407+00	36	2025-12-11 15:00:00 - ANTHONY NOGALES CASTRO (5 años) - Psicología - Bs. 50.00	3		13	1
39	2026-01-12 01:39:17.043437+00	4	2025-12-11 22:00:00 - Alessia Nogales castro (15 años) - Psicología - Bs. 50.00	3		13	1
40	2026-01-12 01:39:17.043467+00	15	2025-12-12 15:00:00 - Alessia Nogales castro (15 años) - Psicología - Bs. 50.00	3		13	1
41	2026-01-12 01:39:17.043502+00	28	2025-12-15 12:00:00 - Alessia Nogales castro (15 años) - Psicología - Bs. 50.00	3		13	1
42	2026-01-12 01:39:17.043539+00	16	2025-12-15 15:00:00 - Alessia Nogales castro (15 años) - Psicología - Bs. 50.00	3		13	1
43	2026-01-12 01:39:17.043573+00	37	2025-12-16 15:00:00 - ANTHONY NOGALES CASTRO (5 años) - Psicología - Bs. 50.00	3		13	1
44	2026-01-12 01:39:17.043605+00	5	2025-12-16 22:00:00 - Alessia Nogales castro (15 años) - Psicología - Bs. 50.00	3		13	1
45	2026-01-12 01:39:17.043635+00	17	2025-12-17 15:00:00 - Alessia Nogales castro (15 años) - Psicología - Bs. 50.00	3		13	1
46	2026-01-12 01:39:17.04367+00	29	2025-12-18 12:00:00 - Alessia Nogales castro (15 años) - Psicología - Bs. 50.00	3		13	1
47	2026-01-12 01:39:17.043709+00	38	2025-12-18 15:00:00 - ANTHONY NOGALES CASTRO (5 años) - Psicología - Bs. 50.00	3		13	1
48	2026-01-12 01:39:17.043738+00	6	2025-12-18 22:00:00 - Alessia Nogales castro (15 años) - Psicología - Bs. 50.00	3		13	1
49	2026-01-12 01:39:17.043764+00	18	2025-12-19 15:00:00 - Alessia Nogales castro (15 años) - Psicología - Bs. 50.00	3		13	1
50	2026-01-12 01:39:17.043788+00	30	2025-12-22 12:00:00 - Alessia Nogales castro (15 años) - Psicología - Bs. 50.00	3		13	1
51	2026-01-12 01:39:17.043819+00	19	2025-12-22 15:00:00 - Alessia Nogales castro (15 años) - Psicología - Bs. 50.00	3		13	1
52	2026-01-12 01:39:17.043845+00	39	2025-12-23 15:00:00 - ANTHONY NOGALES CASTRO (5 años) - Psicología - Bs. 50.00	3		13	1
53	2026-01-12 01:39:17.043878+00	7	2025-12-23 22:00:00 - Alessia Nogales castro (15 años) - Psicología - Bs. 50.00	3		13	1
54	2026-01-12 01:39:17.043911+00	20	2025-12-24 15:00:00 - Alessia Nogales castro (15 años) - Psicología - Bs. 50.00	3		13	1
55	2026-01-12 01:39:17.043941+00	31	2025-12-25 12:00:00 - Alessia Nogales castro (15 años) - Psicología - Bs. 50.00	3		13	1
56	2026-01-12 01:39:17.04397+00	40	2025-12-25 15:00:00 - ANTHONY NOGALES CASTRO (5 años) - Psicología - Bs. 50.00	3		13	1
57	2026-01-12 01:39:17.044034+00	8	2025-12-25 22:00:00 - Alessia Nogales castro (15 años) - Psicología - Bs. 50.00	3		13	1
58	2026-01-12 01:39:17.044081+00	21	2025-12-26 15:00:00 - Alessia Nogales castro (15 años) - Psicología - Bs. 50.00	3		13	1
59	2026-01-12 01:39:17.044117+00	32	2025-12-29 12:00:00 - Alessia Nogales castro (15 años) - Psicología - Bs. 50.00	3		13	1
60	2026-01-12 01:39:17.04417+00	22	2025-12-29 15:00:00 - Alessia Nogales castro (15 años) - Psicología - Bs. 50.00	3		13	1
61	2026-01-12 01:39:17.044207+00	41	2025-12-30 15:00:00 - Alessia Nogales castro (15 años) - Psicología - Bs. 50.00	3		13	1
62	2026-01-12 01:39:17.044256+00	9	2025-12-30 22:00:00 - Alessia Nogales castro (15 años) - Psicología - Bs. 50.00	3		13	1
63	2026-01-12 01:39:17.04429+00	23	2025-12-31 15:00:00 - Alessia Nogales castro (15 años) - Psicología - Bs. 50.00	3		13	1
64	2026-01-12 01:40:05.131354+00	3	arianaolivares	3		4	1
65	2026-01-12 01:40:05.131418+00	2	jackiecastro	3		4	1
66	2026-01-12 01:40:34.765956+00	2	CC ANTHONY NOGALES CASTRO (5 años) - Saldo: Bs. 0.00	3		15	1
67	2026-01-12 01:40:34.766096+00	1	CC Alessia Nogales castro (15 años) - Saldo: Bs. 7150.00	3		15	1
68	2026-01-12 01:41:18.486789+00	9	Pago REC-0008 - ANTHONY NOGALES CASTRO (5 años) - A cuenta - Bs. 1000.00	3		18	1
69	2026-01-12 01:41:18.486859+00	8	Pago REC-0007 - Alessia Nogales castro (15 años) - A cuenta - Bs. 50.00	3		18	1
70	2026-01-12 01:41:18.48689+00	7	Pago REC-0006 - Alessia Nogales castro (15 años) - A cuenta - Bs. 5000.00	3		18	1
71	2026-01-12 01:41:18.486916+00	6	Pago REC-0005 - Alessia Nogales castro (15 años) - A cuenta - Bs. 1000.00	3		18	1
72	2026-01-12 01:41:18.486942+00	5	Pago REC-0004 - Alessia Nogales castro (15 años) - A cuenta - Bs. 50.00	3		18	1
73	2026-01-12 01:41:18.48697+00	4	Pago REC-0003 - Alessia Nogales castro (15 años) - A cuenta - Bs. 50.00	3		18	1
74	2026-01-12 01:41:18.486996+00	3	Pago CREDITO-20251226-2 - Alessia Nogales castro (15 años) - A cuenta - Bs. 50.00	3		18	1
75	2026-01-12 01:41:18.487049+00	2	Pago REC-0002 - Alessia Nogales castro (15 años) - A cuenta - Bs. 1000.00	3		18	1
76	2026-01-12 01:41:18.487076+00	1	Pago REC-0001 - Alessia Nogales castro (15 años) - A cuenta - Bs. 50.00	3		18	1
77	2026-01-12 01:46:18.497343+00	1	Alessia Nogales castro (15 años)	3		8	1
78	2026-01-12 01:46:18.497433+00	2	ANTHONY NOGALES CASTRO (5 años)	3		8	1
79	2026-01-12 01:47:09.605309+00	2	OLIVARES, ARIANA	3		14	1
80	2026-01-12 01:47:35.952927+00	2	FISIOTERAPIA - Bs. 50.00	3		11	1
81	2026-01-12 01:47:35.952985+00	1	Psicología - Bs. 50.00	3		11	1
82	2026-01-12 01:47:35.953032+00	3	PSICOPEDAGOGIA - Bs. 50.00	3		11	1
83	2026-01-12 01:47:57.285644+00	1	Japon	3		10	1
84	2026-01-12 01:47:57.285705+00	2	MILLARES	3		10	1
85	2026-01-12 01:56:53.72166+00	3	Suc. Japon Centro de Neurodesarrollo Infantil "MISAEL"	1	[{"added": {}}]	10	1
86	2026-01-12 01:58:26.177973+00	4	Suc. Millares - Centro de Neurodesarrollo Infantil "MISAEL"	1	[{"added": {}}]	10	1
87	2026-01-12 02:00:23.896272+00	3	Suc. Japon - Centro de Neurodesarrollo Infantil "MISAEL"	2	[{"changed": {"fields": ["Nombre"]}}]	10	1
88	2026-01-12 02:33:36.77968+00	4	PSICOLOGIA INFANTIL - Bs. 70	1	[{"added": {}}]	11	1
89	2026-01-12 02:35:58.356696+00	5	PSICOLOGIA ADOLESCENTES - Bs. 70	1	[{"added": {}}]	11	1
90	2026-01-12 02:37:48.351654+00	6	TERAPIA DE LENGUAJE/FONOAUDIOLOGIA - Bs. 70	1	[{"added": {}}]	11	1
91	2026-01-12 02:38:52.533087+00	7	PSICOPEDAGOGIA - Bs. 50	1	[{"added": {}}]	11	1
92	2026-01-12 02:41:07.361354+00	8	FISIOTERAPIA Y REHABILITACION - Bs. 50	1	[{"added": {}}]	11	1
93	2026-01-12 02:47:44.322975+00	9	PSICOMOTRICIDAD - Bs. 50	1	[{"added": {}}]	11	1
94	2026-01-12 02:50:04.854662+00	10	TERAPIA OCUPACIONAL/INDEPENDENCIA PERSONAL - Bs. 50	1	[{"added": {}}]	11	1
95	2026-01-12 02:51:58.669042+00	11	TERAPIA DE INTEGRACION SENSORIAL - Bs. 70	1	[{"added": {}}]	11	1
96	2026-01-12 02:55:15.482204+00	12	APOYO ESCOLAR - Bs. 20	1	[{"added": {}}]	11	1
97	2026-01-12 02:58:43.83587+00	13	ESTIMULACION TEMPRANA - Bs. 50	1	[{"added": {}}]	11	1
98	2026-01-12 03:00:17.042892+00	14	HIDROTERAPIA (0 a 4 años) - Bs. 100	1	[{"added": {}}]	11	1
99	2026-01-12 03:09:26.828642+00	4	DAYAN@2026	1	[{"added": {}}]	4	1
100	2026-01-12 03:12:00.559043+00	4	DAYAN@2026	3		4	1
101	2026-01-12 03:14:28.355641+00	5	DAYAN@2026	1	[{"added": {}}]	4	1
102	2026-01-12 03:17:24.281564+00	5	DAYAN@2026	2	[{"changed": {"fields": ["First name", "Last name", "Superuser status", "User permissions", "Date joined"]}}]	4	1
103	2026-01-12 03:20:25.759903+00	6	DANIELA@20226	1	[{"added": {}}]	4	1
104	2026-01-12 03:21:32.128052+00	6	DANIELA@20226	2	[{"changed": {"fields": ["First name", "Last name", "Staff status", "Superuser status", "User permissions", "Date joined"]}}]	4	1
105	2026-01-12 03:22:40.715243+00	5	DAYAN@2026	2	[{"changed": {"fields": ["Staff status"]}}]	4	1
106	2026-01-12 03:30:41.59508+00	7	PATRICIA@20226	1	[{"added": {}}]	4	1
107	2026-01-12 03:31:36.178107+00	7	PATRICIA@20226	3		4	1
108	2026-01-12 03:32:31.854728+00	8	PATRICIA@2026	1	[{"added": {}}]	4	1
109	2026-01-12 03:34:23.194619+00	8	PATRICIA@2026	2	[{"changed": {"fields": ["First name", "Last name", "Date joined"]}}]	4	1
110	2026-01-12 03:36:11.220208+00	6	DANIELA@2026	2	[{"changed": {"fields": ["Username"]}}]	4	1
111	2026-01-12 03:38:40.068815+00	3	Cuevas Peña, Patricia Paola	1	[{"added": {}}]	14	1
112	2026-01-12 03:40:09.219601+00	9	JACKIE@2026	1	[{"added": {}}]	4	1
113	2026-01-12 03:41:11.440758+00	9	JACKIE@2026	2	[{"changed": {"fields": ["First name", "Last name", "Date joined"]}}]	4	1
114	2026-01-12 03:43:35.53446+00	4	Castro Hurtado, Jackie Jared	1	[{"added": {}}]	14	1
115	2026-01-12 14:37:50.10157+00	5	DAYAN@2026	2	[{"changed": {"fields": ["password"]}}]	4	1
116	2026-01-12 14:38:50.636693+00	6	DANIELA@2026	2	[{"changed": {"fields": ["password"]}}]	4	1
117	2026-01-12 14:49:21.902661+00	10	EMILY@2026	1	[{"added": {}}]	4	5
118	2026-01-12 14:49:26.359791+00	11	ARIANA@2026	1	[{"added": {}}]	4	6
119	2026-01-12 14:52:05.515449+00	10	EMILY@2026	2	[{"changed": {"fields": ["First name", "Last name", "Date joined"]}}]	4	5
120	2026-01-12 14:52:06.873195+00	11	ARIANA@2026	2	[{"changed": {"fields": ["First name", "Last name", "Date joined"]}}]	4	6
121	2026-01-12 14:53:42.752953+00	12	PAOLA@2026	1	[{"added": {}}]	4	5
122	2026-01-12 14:54:18.947824+00	13	MARIA@2026	1	[{"added": {}}]	4	6
123	2026-01-12 14:54:24.695919+00	12	PAOLA@2026	2	[{"changed": {"fields": ["First name", "Last name", "Date joined"]}}]	4	5
124	2026-01-12 14:55:50.445091+00	13	MARIA@2026	2	[{"changed": {"fields": ["password"]}}]	4	1
125	2026-01-12 14:56:03.098067+00	14	ALEJANDRA@2026	1	[{"added": {}}]	4	5
126	2026-01-12 14:56:37.656003+00	13	MARIA@2026	2	[{"changed": {"fields": ["First name", "Last name", "Date joined"]}}]	4	1
127	2026-01-12 14:56:47.050175+00	15	DAYANA@2026	1	[{"added": {}}]	4	6
128	2026-01-12 14:56:53.179344+00	14	ALEJANDRA@2026	2	[{"changed": {"fields": ["First name", "Last name", "Date joined"]}}]	4	5
129	2026-01-12 14:57:31.615266+00	15	DAYANA@2026	2	[{"changed": {"fields": ["First name", "Last name", "Date joined"]}}]	4	6
130	2026-01-12 14:57:50.261901+00	8	PATRICIA@2026	2	[]	4	5
131	2026-01-12 14:59:02.833874+00	8	PATRICIA@2026	2	[{"changed": {"fields": ["password"]}}]	4	1
132	2026-01-12 14:59:07.541846+00	16	GABRIELA@2026	1	[{"added": {}}]	4	6
133	2026-01-12 14:59:30.526136+00	8	PATRICIA@2026	2	[]	4	1
134	2026-01-12 14:59:45.221234+00	16	GABRIELA@2026	2	[{"changed": {"fields": ["First name", "Last name", "Date joined"]}}]	4	6
135	2026-01-12 15:03:11.04903+00	5	Olivares Choque, Liset Ariana	1	[{"added": {}}]	14	6
136	2026-01-12 15:03:12.76223+00	6	Arando Carvajal, Emily Claret	1	[{"added": {}}]	14	5
137	2026-01-12 15:04:50.964988+00	7	Chijo Pino, Edith Paola	1	[{"added": {}}]	14	5
138	2026-01-12 15:05:26.242871+00	8	Armijo Torrez, Dayana	1	[{"added": {}}]	14	6
139	2026-01-12 15:06:22.159987+00	9	Aramayo Contreras, Alejandra Emilia	1	[{"added": {}}]	14	5
140	2026-01-12 15:07:27.491461+00	10	Rodriguez Romero, Maria Lourdes	1	[{"added": {}}]	14	6
141	2026-01-12 15:09:46.370539+00	11	Rodriguez Romero, Ana Gabriela	1	[{"added": {}}]	14	6
142	2026-01-12 15:11:58.488275+00	17	MICHELLE@2026	1	[{"added": {}}]	4	6
143	2026-01-12 15:13:51.637349+00	17	MICHELLE@2026	2	[{"changed": {"fields": ["First name", "Last name", "Date joined"]}}]	4	6
144	2026-01-12 15:16:38.666033+00	12	Gonzales Padilla, Michelle Andrea	1	[{"added": {}}]	14	6
145	2026-01-12 15:28:20.13802+00	3	Nathalie Ariana Barriga Flores (4 años)	1	[{"added": {}}, {"added": {"name": "Servicio del Paciente", "object": "Nathalie Ariana Barriga Flores - TERAPIA OCUPACIONAL/INDEPENDENCIA PERSONAL"}}, {"added": {"name": "Servicio del Paciente", "object": "Nathalie Ariana Barriga Flores - TERAPIA DE LENGUAJE/FONOAUDIOLOGIA"}}, {"added": {"name": "Servicio del Paciente", "object": "Nathalie Ariana Barriga Flores - PSICOLOGIA INFANTIL"}}, {"added": {"name": "Servicio del Paciente", "object": "Nathalie Ariana Barriga Flores - TERAPIA DE INTEGRACION SENSORIAL"}}, {"added": {"name": "Servicio del Paciente", "object": "Nathalie Ariana Barriga Flores - PSICOPEDAGOGIA"}}]	8	1
146	2026-01-12 15:28:23.77205+00	4	Mateo Benjamin Coro Astete (3 años)	1	[{"added": {}}, {"added": {"name": "Servicio del Paciente", "object": "Mateo Benjamin Coro Astete - TERAPIA OCUPACIONAL/INDEPENDENCIA PERSONAL"}}, {"added": {"name": "Servicio del Paciente", "object": "Mateo Benjamin Coro Astete - PSICOLOGIA INFANTIL"}}, {"added": {"name": "Servicio del Paciente", "object": "Mateo Benjamin Coro Astete - TERAPIA DE LENGUAJE/FONOAUDIOLOGIA"}}, {"added": {"name": "Servicio del Paciente", "object": "Mateo Benjamin Coro Astete - PSICOPEDAGOGIA"}}, {"added": {"name": "Servicio del Paciente", "object": "Mateo Benjamin Coro Astete - PSICOMOTRICIDAD"}}]	8	5
147	2026-01-12 15:29:16.664527+00	5	Erick Ramirez Olmedo (5 años)	1	[{"added": {}}, {"added": {"name": "Servicio del Paciente", "object": "Erick Ramirez Olmedo - TERAPIA DE LENGUAJE/FONOAUDIOLOGIA"}}, {"added": {"name": "Servicio del Paciente", "object": "Erick Ramirez Olmedo - APOYO ESCOLAR"}}, {"added": {"name": "Servicio del Paciente", "object": "Erick Ramirez Olmedo - PSICOPEDAGOGIA"}}]	8	6
148	2026-01-12 15:52:19.957314+00	42	2026-01-12 14:30:00 - Nathalie Ariana Barriga Flores (4 años) - TERAPIA DE LENGUAJE/FONOAUDIOLOGIA - Bs. 70.00	1	[{"added": {}}]	13	1
149	2026-01-12 15:52:21.748873+00	43	2026-01-14 16:30:00 - Erick Ramirez Olmedo (5 años) - TERAPIA DE LENGUAJE/FONOAUDIOLOGIA - Bs. 70.00	1	[{"added": {}}]	13	6
150	2026-01-12 15:52:27.758436+00	44	2026-01-12 14:30:00 - Mateo Benjamin Coro Astete (3 años) - TERAPIA DE LENGUAJE/FONOAUDIOLOGIA - Bs. 70.00	1	[{"added": {}}]	13	5
151	2026-01-12 15:57:07.650014+00	6	Alessia Juliette Fuertes Escalante (0 años)	1	[{"added": {}}, {"added": {"name": "Servicio del Paciente", "object": "Alessia Juliette Fuertes Escalante - FISIOTERAPIA Y REHABILITACION"}}]	8	5
152	2026-01-12 15:57:12.219251+00	7	Dante Aguirre Alcaraz (5 años)	1	[{"added": {}}, {"added": {"name": "Servicio del Paciente", "object": "Dante Aguirre Alcaraz - ESTIMULACION TEMPRANA"}}]	8	6
153	2026-01-12 16:00:12.419391+00	3	EVAL-0001 - Evaluacion de Fisioterapia (Alessia Juliette Fuertes Escalante (0 años))	1	[{"added": {}}]	12	5
154	2026-01-12 16:01:19.076596+00	4	EVAL-0004 - Evaluacion Infantil (Dante Aguirre Alcaraz (5 años))	1	[{"added": {}}]	12	6
155	2026-01-12 16:04:19.271151+00	3	Nathalie Ariana Barriga Flores (4 años)	2	[]	8	6
156	2026-01-12 20:27:24.736343+00	8	Jared Maykel Flores Veliz (3 años)	1	[{"added": {}}, {"added": {"name": "Servicio del Paciente", "object": "Jared Maykel Flores Veliz - TERAPIA DE LENGUAJE/FONOAUDIOLOGIA"}}, {"added": {"name": "Servicio del Paciente", "object": "Jared Maykel Flores Veliz - PSICOLOGIA INFANTIL"}}, {"added": {"name": "Servicio del Paciente", "object": "Jared Maykel Flores Veliz - PSICOMOTRICIDAD"}}, {"added": {"name": "Servicio del Paciente", "object": "Jared Maykel Flores Veliz - TERAPIA OCUPACIONAL/INDEPENDENCIA PERSONAL"}}, {"added": {"name": "Servicio del Paciente", "object": "Jared Maykel Flores Veliz - PSICOPEDAGOGIA"}}]	8	5
157	2026-01-12 20:28:35.331073+00	4	Mateo Benjamin Coro Astete (3 años)	2	[{"changed": {"fields": ["Diagnostico"]}}]	8	5
158	2026-01-12 20:32:10.670293+00	9	Elena Marcy Coro Astete (2 años)	1	[{"added": {}}, {"added": {"name": "Servicio del Paciente", "object": "Elena Marcy Coro Astete - ESTIMULACION TEMPRANA"}}]	8	5
159	2026-01-12 20:35:06.029889+00	10	Hanna Rashiel Merida Carata (2 años)	1	[{"added": {}}, {"added": {"name": "Servicio del Paciente", "object": "Hanna Rashiel Merida Carata - FISIOTERAPIA Y REHABILITACION"}}, {"added": {"name": "Servicio del Paciente", "object": "Hanna Rashiel Merida Carata - ESTIMULACION TEMPRANA"}}]	8	5
160	2026-01-12 20:41:09.994856+00	10	Hanna Rashiel Merida Carata (2 años)	2	[]	8	5
161	2026-01-12 20:43:26.434505+00	11	Benjamin Jesus Avendaño Mendoza (17 años)	1	[{"added": {}}, {"added": {"name": "Servicio del Paciente", "object": "Benjamin Jesus Avenda\\u00f1o Mendoza - PSICOLOGIA ADOLESCENTES"}}, {"added": {"name": "Servicio del Paciente", "object": "Benjamin Jesus Avenda\\u00f1o Mendoza - PSICOPEDAGOGIA"}}]	8	5
162	2026-01-12 20:47:55.947607+00	12	Zoe Marian Huanaco Lugo (5 años)	1	[{"added": {}}, {"added": {"name": "Servicio del Paciente", "object": "Zoe Marian Huanaco Lugo - APOYO ESCOLAR"}}, {"added": {"name": "Servicio del Paciente", "object": "Zoe Marian Huanaco Lugo - FISIOTERAPIA Y REHABILITACION"}}, {"added": {"name": "Servicio del Paciente", "object": "Zoe Marian Huanaco Lugo - PSICOMOTRICIDAD"}}, {"added": {"name": "Servicio del Paciente", "object": "Zoe Marian Huanaco Lugo - PSICOPEDAGOGIA"}}, {"added": {"name": "Servicio del Paciente", "object": "Zoe Marian Huanaco Lugo - TERAPIA DE LENGUAJE/FONOAUDIOLOGIA"}}]	8	5
163	2026-01-12 20:56:41.879131+00	13	Crstopher Robert Venegas Morales (4 años)	1	[{"added": {}}, {"added": {"name": "Servicio del Paciente", "object": "Crstopher Robert Venegas Morales - PSICOMOTRICIDAD"}}, {"added": {"name": "Servicio del Paciente", "object": "Crstopher Robert Venegas Morales - TERAPIA DE LENGUAJE/FONOAUDIOLOGIA"}}, {"added": {"name": "Servicio del Paciente", "object": "Crstopher Robert Venegas Morales - TERAPIA OCUPACIONAL/INDEPENDENCIA PERSONAL"}}, {"added": {"name": "Servicio del Paciente", "object": "Crstopher Robert Venegas Morales - PSICOLOGIA INFANTIL"}}]	8	5
164	2026-01-12 21:03:41.191984+00	14	Samuel Thiago Romay Perez (2 años)	1	[{"added": {}}, {"added": {"name": "Servicio del Paciente", "object": "Samuel Thiago Romay Perez - ESTIMULACION TEMPRANA"}}]	8	5
216	2026-01-14 19:44:17.706915+00	4	DAYAN@2026 - Recepcionista	2	[{"changed": {"fields": ["Rol", "Sucursales"]}}]	7	1
219	2026-01-14 20:02:04.824338+00	6	DANIELA@2026	2	[{"changed": {"fields": ["Superuser status"]}}]	4	1
165	2026-01-12 21:08:49.757869+00	15	Briana Catalina Sagardia Navarro (2 años)	1	[{"added": {}}, {"added": {"name": "Servicio del Paciente", "object": "Briana Catalina Sagardia Navarro - TERAPIA DE LENGUAJE/FONOAUDIOLOGIA"}}, {"added": {"name": "Servicio del Paciente", "object": "Briana Catalina Sagardia Navarro - TERAPIA OCUPACIONAL/INDEPENDENCIA PERSONAL"}}]	8	5
166	2026-01-12 21:15:25.264748+00	16	Rommel Javier Blanco Choque (4 años)	1	[{"added": {}}, {"added": {"name": "Servicio del Paciente", "object": "Rommel Javier Blanco Choque - TERAPIA DE LENGUAJE/FONOAUDIOLOGIA"}}, {"added": {"name": "Servicio del Paciente", "object": "Rommel Javier Blanco Choque - PSICOLOGIA INFANTIL"}}, {"added": {"name": "Servicio del Paciente", "object": "Rommel Javier Blanco Choque - TERAPIA OCUPACIONAL/INDEPENDENCIA PERSONAL"}}, {"added": {"name": "Servicio del Paciente", "object": "Rommel Javier Blanco Choque - PSICOMOTRICIDAD"}}, {"added": {"name": "Servicio del Paciente", "object": "Rommel Javier Blanco Choque - PSICOPEDAGOGIA"}}]	8	5
167	2026-01-12 21:19:07.770195+00	17	Valeria Celina Villca Rodriguez (17 años)	1	[{"added": {}}, {"added": {"name": "Servicio del Paciente", "object": "Valeria Celina Villca Rodriguez - PSICOLOGIA ADOLESCENTES"}}]	8	5
168	2026-01-12 21:21:34.942358+00	18	Ian Jose Ortega Choque (5 años)	1	[{"added": {}}, {"added": {"name": "Servicio del Paciente", "object": "Ian Jose Ortega Choque - TERAPIA DE LENGUAJE/FONOAUDIOLOGIA"}}, {"added": {"name": "Servicio del Paciente", "object": "Ian Jose Ortega Choque - PSICOPEDAGOGIA"}}, {"added": {"name": "Servicio del Paciente", "object": "Ian Jose Ortega Choque - PSICOLOGIA INFANTIL"}}, {"added": {"name": "Servicio del Paciente", "object": "Ian Jose Ortega Choque - PSICOMOTRICIDAD"}}]	8	5
169	2026-01-12 21:23:21.038321+00	19	Arleth Aymin Ortega Choque (1 años)	1	[{"added": {}}, {"added": {"name": "Servicio del Paciente", "object": "Arleth Aymin Ortega Choque - ESTIMULACION TEMPRANA"}}]	8	5
170	2026-01-12 21:26:08.016969+00	20	Lilian Guerra Cayhuara (3 años)	1	[{"added": {}}, {"added": {"name": "Servicio del Paciente", "object": "Lilian Guerra Cayhuara - TERAPIA DE LENGUAJE/FONOAUDIOLOGIA"}}, {"added": {"name": "Servicio del Paciente", "object": "Lilian Guerra Cayhuara - PSICOLOGIA INFANTIL"}}, {"added": {"name": "Servicio del Paciente", "object": "Lilian Guerra Cayhuara - TERAPIA OCUPACIONAL/INDEPENDENCIA PERSONAL"}}, {"added": {"name": "Servicio del Paciente", "object": "Lilian Guerra Cayhuara - PSICOMOTRICIDAD"}}]	8	5
171	2026-01-12 21:28:24.715014+00	21	Andre Fabricio Garnica Fernandez (4 años)	1	[{"added": {}}, {"added": {"name": "Servicio del Paciente", "object": "Andre Fabricio Garnica Fernandez - PSICOLOGIA INFANTIL"}}, {"added": {"name": "Servicio del Paciente", "object": "Andre Fabricio Garnica Fernandez - TERAPIA DE LENGUAJE/FONOAUDIOLOGIA"}}, {"added": {"name": "Servicio del Paciente", "object": "Andre Fabricio Garnica Fernandez - PSICOPEDAGOGIA"}}, {"added": {"name": "Servicio del Paciente", "object": "Andre Fabricio Garnica Fernandez - TERAPIA OCUPACIONAL/INDEPENDENCIA PERSONAL"}}, {"added": {"name": "Servicio del Paciente", "object": "Andre Fabricio Garnica Fernandez - PSICOMOTRICIDAD"}}]	8	5
172	2026-01-12 22:56:52.833819+00	22	Anya Valentina Palenque Corico (3 años)	1	[{"added": {}}]	8	6
173	2026-01-12 23:23:05.046556+00	23	Axel Said Mamani Suyo (8 años)	1	[{"added": {}}, {"added": {"name": "Servicio del Paciente", "object": "Axel Said Mamani Suyo - APOYO ESCOLAR"}}]	8	6
174	2026-01-12 23:29:59.026172+00	24	Diego Berazain Sulka (0 años)	1	[{"added": {}}, {"added": {"name": "Servicio del Paciente", "object": "Diego Berazain Sulka - TERAPIA DE LENGUAJE/FONOAUDIOLOGIA"}}, {"added": {"name": "Servicio del Paciente", "object": "Diego Berazain Sulka - TERAPIA OCUPACIONAL/INDEPENDENCIA PERSONAL"}}, {"added": {"name": "Servicio del Paciente", "object": "Diego Berazain Sulka - PSICOPEDAGOGIA"}}, {"added": {"name": "Servicio del Paciente", "object": "Diego Berazain Sulka - PSICOLOGIA INFANTIL"}}, {"added": {"name": "Servicio del Paciente", "object": "Diego Berazain Sulka - PSICOMOTRICIDAD"}}]	8	6
175	2026-01-13 14:55:23.889341+00	25	Kezia Yarel Flores Puma (0 años)	1	[{"added": {}}, {"added": {"name": "Servicio del Paciente", "object": "Kezia Yarel Flores Puma - ESTIMULACION TEMPRANA"}}]	8	5
176	2026-01-13 14:56:58.07977+00	5	EVAL-0005 - EVALUACION DE DESARROLLO (Kezia Yarel Flores Puma (0 años))	1	[{"added": {}}]	12	5
177	2026-01-13 14:57:49.033137+00	45	2026-01-13 11:00:00 - Kezia Yarel Flores Puma (0 años) - ESTIMULACION TEMPRANA - Bs. 50.00	1	[{"added": {}}]	13	5
178	2026-01-13 15:01:12.918873+00	6	EVAL-0006 - EVAÑUACION DE DESARROLLO (Kezia Yarel Flores Puma (0 años))	1	[{"added": {}}]	12	5
179	2026-01-13 15:04:31.215958+00	46	2026-01-13 10:30:00 - Kezia Yarel Flores Puma (0 años) - ESTIMULACION TEMPRANA - Bs. 50.00	1	[{"added": {}}]	13	5
180	2026-01-13 15:04:47.031556+00	46	2026-01-13 10:30:00 - Kezia Yarel Flores Puma (0 años) - ESTIMULACION TEMPRANA - Bs. 50.00	2	[]	13	5
181	2026-01-13 15:04:58.911076+00	46	2026-01-13 10:30:00 - Kezia Yarel Flores Puma (0 años) - ESTIMULACION TEMPRANA - Bs. 50.00	2	[]	13	5
182	2026-01-13 15:07:21.654654+00	46	2026-01-13 10:30:00 - Kezia Yarel Flores Puma (0 años) - ESTIMULACION TEMPRANA - Bs. 50.00	2	[]	13	5
183	2026-01-13 15:16:00.79176+00	3	EVAL-0001 - Evaluacion de Fisioterapia (Alessia Juliette Fuertes Escalante (0 años))	3		12	5
184	2026-01-13 15:16:13.871364+00	6	EVAL-0006 - EVAÑUACION DE DESARROLLO (Kezia Yarel Flores Puma (0 años))	3		12	5
185	2026-01-13 15:16:26.283259+00	5	EVAL-0005 - EVALUACION DE DESARROLLO (Kezia Yarel Flores Puma (0 años))	3		12	5
186	2026-01-13 15:18:26.317616+00	7	EVAL-0005 - EVALUACION DE DESARROLLO (Kezia Yarel Flores Puma (0 años))	1	[{"added": {}}]	12	5
187	2026-01-13 15:24:26.526594+00	46	2026-01-13 10:30:00 - Kezia Yarel Flores Puma (0 años) - ESTIMULACION TEMPRANA - Bs. 50.00	3		13	5
188	2026-01-13 15:24:26.526676+00	45	2026-01-13 11:00:00 - Kezia Yarel Flores Puma (0 años) - ESTIMULACION TEMPRANA - Bs. 50.00	3		13	5
189	2026-01-13 21:12:02.534009+00	26	Gael Antony Cruz Gutierrez (4 años)	1	[{"added": {}}, {"added": {"name": "Servicio del Paciente", "object": "Gael Antony Cruz Gutierrez - TERAPIA DE LENGUAJE/FONOAUDIOLOGIA"}}]	8	5
190	2026-01-13 22:33:50.886445+00	27	Lucas Ignacio Condo Jancko (2 años)	1	[{"added": {}}, {"added": {"name": "Servicio del Paciente", "object": "Lucas Ignacio Condo Jancko - PSICOMOTRICIDAD"}}]	8	6
191	2026-01-13 22:38:10.519713+00	28	Mia Shantall Camargo Barja (7 años)	1	[{"added": {}}, {"added": {"name": "Servicio del Paciente", "object": "Mia Shantall Camargo Barja - APOYO ESCOLAR"}}, {"added": {"name": "Servicio del Paciente", "object": "Mia Shantall Camargo Barja - TERAPIA DE LENGUAJE/FONOAUDIOLOGIA"}}]	8	6
192	2026-01-13 22:40:10.461998+00	29	Enrique Darwin Quispe Choque (6 años)	1	[{"added": {}}, {"added": {"name": "Servicio del Paciente", "object": "Enrique Darwin Quispe Choque - TERAPIA DE LENGUAJE/FONOAUDIOLOGIA"}}]	8	6
193	2026-01-13 22:45:38.52707+00	30	Fabricio Enrique Burgos Chacon (3 años)	1	[{"added": {}}, {"added": {"name": "Servicio del Paciente", "object": "Fabricio Enrique Burgos Chacon - TERAPIA DE LENGUAJE/FONOAUDIOLOGIA"}}]	8	6
218	2026-01-14 19:51:02.110651+00	5	DAYAN@2026	2	[{"changed": {"fields": ["Superuser status"]}}]	4	1
220	2026-01-14 20:03:28.665737+00	6	Arando Carvajal, Emily Claret	2	[]	14	1
194	2026-01-13 22:50:40.355861+00	31	Cristofer Bayron Garabito Marquez (10 años)	1	[{"added": {}}, {"added": {"name": "Servicio del Paciente", "object": "Cristofer Bayron Garabito Marquez - TERAPIA DE LENGUAJE/FONOAUDIOLOGIA"}}, {"added": {"name": "Servicio del Paciente", "object": "Cristofer Bayron Garabito Marquez - PSICOPEDAGOGIA"}}, {"added": {"name": "Servicio del Paciente", "object": "Cristofer Bayron Garabito Marquez - PSICOLOGIA INFANTIL"}}, {"added": {"name": "Servicio del Paciente", "object": "Cristofer Bayron Garabito Marquez - APOYO ESCOLAR"}}]	8	6
195	2026-01-13 22:54:13.214765+00	32	Dante Aguirre Alcaraz (3 años)	1	[{"added": {}}, {"added": {"name": "Servicio del Paciente", "object": "Dante Aguirre Alcaraz - TERAPIA OCUPACIONAL/INDEPENDENCIA PERSONAL"}}, {"added": {"name": "Servicio del Paciente", "object": "Dante Aguirre Alcaraz - PSICOLOGIA INFANTIL"}}]	8	6
196	2026-01-13 23:32:56.455418+00	33	Ander Mijael Oquendo Quiroga (3 años)	1	[{"added": {}}]	8	6
197	2026-01-14 13:25:03.001535+00	34	Erick Aguirre Alcaraz (10 años)	1	[{"added": {}}, {"added": {"name": "Servicio del Paciente", "object": "Erick Aguirre Alcaraz - TERAPIA DE LENGUAJE/FONOAUDIOLOGIA"}}, {"added": {"name": "Servicio del Paciente", "object": "Erick Aguirre Alcaraz - PSICOLOGIA INFANTIL"}}]	8	6
198	2026-01-14 13:28:24.592645+00	35	Erick Ramirez Olmedo (5 años)	1	[{"added": {}}, {"added": {"name": "Servicio del Paciente", "object": "Erick Ramirez Olmedo - APOYO ESCOLAR"}}, {"added": {"name": "Servicio del Paciente", "object": "Erick Ramirez Olmedo - TERAPIA DE LENGUAJE/FONOAUDIOLOGIA"}}, {"added": {"name": "Servicio del Paciente", "object": "Erick Ramirez Olmedo - PSICOLOGIA INFANTIL"}}]	8	6
199	2026-01-14 13:33:04.149348+00	36	Franciel Marcela Flores Garnica (6 años)	1	[{"added": {}}]	8	6
200	2026-01-14 13:36:12.263373+00	37	Frederick Yohan Delagado Seco (7 años)	1	[{"added": {}}]	8	6
201	2026-01-14 13:42:26.936537+00	38	Gael Logan Velasquez Magne (5 años)	1	[{"added": {}}, {"added": {"name": "Servicio del Paciente", "object": "Gael Logan Velasquez Magne - TERAPIA DE LENGUAJE/FONOAUDIOLOGIA"}}, {"added": {"name": "Servicio del Paciente", "object": "Gael Logan Velasquez Magne - PSICOPEDAGOGIA"}}, {"added": {"name": "Servicio del Paciente", "object": "Gael Logan Velasquez Magne - PSICOMOTRICIDAD"}}, {"added": {"name": "Servicio del Paciente", "object": "Gael Logan Velasquez Magne - PSICOLOGIA INFANTIL"}}, {"added": {"name": "Servicio del Paciente", "object": "Gael Logan Velasquez Magne - APOYO ESCOLAR"}}]	8	6
202	2026-01-14 13:47:27.624974+00	39	Ivan Fernando Luna Palenque (4 años)	1	[{"added": {}}, {"added": {"name": "Servicio del Paciente", "object": "Ivan Fernando Luna Palenque - TERAPIA DE LENGUAJE/FONOAUDIOLOGIA"}}, {"added": {"name": "Servicio del Paciente", "object": "Ivan Fernando Luna Palenque - TERAPIA OCUPACIONAL/INDEPENDENCIA PERSONAL"}}, {"added": {"name": "Servicio del Paciente", "object": "Ivan Fernando Luna Palenque - PSICOMOTRICIDAD"}}, {"added": {"name": "Servicio del Paciente", "object": "Ivan Fernando Luna Palenque - PSICOLOGIA INFANTIL"}}, {"added": {"name": "Servicio del Paciente", "object": "Ivan Fernando Luna Palenque - PSICOPEDAGOGIA"}}]	8	6
203	2026-01-14 13:51:33.494702+00	40	Ihan Thiago Rodriguez Torrez (7 años)	1	[{"added": {}}, {"added": {"name": "Servicio del Paciente", "object": "Ihan Thiago Rodriguez Torrez - TERAPIA DE LENGUAJE/FONOAUDIOLOGIA"}}, {"added": {"name": "Servicio del Paciente", "object": "Ihan Thiago Rodriguez Torrez - TERAPIA OCUPACIONAL/INDEPENDENCIA PERSONAL"}}, {"added": {"name": "Servicio del Paciente", "object": "Ihan Thiago Rodriguez Torrez - PSICOMOTRICIDAD"}}, {"added": {"name": "Servicio del Paciente", "object": "Ihan Thiago Rodriguez Torrez - PSICOLOGIA INFANTIL"}}, {"added": {"name": "Servicio del Paciente", "object": "Ihan Thiago Rodriguez Torrez - PSICOPEDAGOGIA"}}, {"added": {"name": "Servicio del Paciente", "object": "Ihan Thiago Rodriguez Torrez - APOYO ESCOLAR"}}]	8	6
204	2026-01-14 13:59:43.983114+00	41	Jair Sebastian Alejo Tola (3 años)	1	[{"added": {}}, {"added": {"name": "Servicio del Paciente", "object": "Jair Sebastian Alejo Tola - TERAPIA DE LENGUAJE/FONOAUDIOLOGIA"}}, {"added": {"name": "Servicio del Paciente", "object": "Jair Sebastian Alejo Tola - TERAPIA OCUPACIONAL/INDEPENDENCIA PERSONAL"}}, {"added": {"name": "Servicio del Paciente", "object": "Jair Sebastian Alejo Tola - PSICOMOTRICIDAD"}}, {"added": {"name": "Servicio del Paciente", "object": "Jair Sebastian Alejo Tola - PSICOLOGIA INFANTIL"}}]	8	6
205	2026-01-14 14:05:08.456188+00	42	Juaquin Wagner Berrios Alvarez (9 años)	1	[{"added": {}}, {"added": {"name": "Servicio del Paciente", "object": "Juaquin Wagner Berrios Alvarez - TERAPIA DE LENGUAJE/FONOAUDIOLOGIA"}}, {"added": {"name": "Servicio del Paciente", "object": "Juaquin Wagner Berrios Alvarez - TERAPIA OCUPACIONAL/INDEPENDENCIA PERSONAL"}}, {"added": {"name": "Servicio del Paciente", "object": "Juaquin Wagner Berrios Alvarez - PSICOMOTRICIDAD"}}, {"added": {"name": "Servicio del Paciente", "object": "Juaquin Wagner Berrios Alvarez - PSICOLOGIA INFANTIL"}}, {"added": {"name": "Servicio del Paciente", "object": "Juaquin Wagner Berrios Alvarez - APOYO ESCOLAR"}}, {"added": {"name": "Servicio del Paciente", "object": "Juaquin Wagner Berrios Alvarez - PSICOPEDAGOGIA"}}]	8	6
206	2026-01-14 15:26:30.895495+00	43	Jerimias Garnica Orcko (5 años)	1	[{"added": {}}, {"added": {"name": "Servicio del Paciente", "object": "Jerimias Garnica Orcko - TERAPIA DE LENGUAJE/FONOAUDIOLOGIA"}}, {"added": {"name": "Servicio del Paciente", "object": "Jerimias Garnica Orcko - TERAPIA OCUPACIONAL/INDEPENDENCIA PERSONAL"}}, {"added": {"name": "Servicio del Paciente", "object": "Jerimias Garnica Orcko - PSICOMOTRICIDAD"}}, {"added": {"name": "Servicio del Paciente", "object": "Jerimias Garnica Orcko - PSICOLOGIA INFANTIL"}}, {"added": {"name": "Servicio del Paciente", "object": "Jerimias Garnica Orcko - PSICOPEDAGOGIA"}}]	8	6
207	2026-01-14 15:31:05.827352+00	44	Juan Luis Flores Rivera (9 años)	1	[{"added": {}}, {"added": {"name": "Servicio del Paciente", "object": "Juan Luis Flores Rivera - PSICOLOGIA INFANTIL"}}, {"added": {"name": "Servicio del Paciente", "object": "Juan Luis Flores Rivera - PSICOPEDAGOGIA"}}, {"added": {"name": "Servicio del Paciente", "object": "Juan Luis Flores Rivera - APOYO ESCOLAR"}}]	8	6
208	2026-01-14 15:36:31.617928+00	45	Keyli Luciana Coyla Flores (3 años)	1	[{"added": {}}]	8	6
209	2026-01-14 15:38:52.752747+00	46	Kilian Ruben Pinto Lugo (6 años)	1	[{"added": {}}]	8	6
210	2026-01-14 15:40:47.48643+00	47	Lucas Andre Calizaya Puita (3 años)	1	[{"added": {}}]	8	6
211	2026-01-14 15:48:20.084302+00	48	Luis Clemente Llanos Isla (8 años)	1	[{"added": {}}, {"added": {"name": "Servicio del Paciente", "object": "Luis Clemente Llanos Isla - TERAPIA OCUPACIONAL/INDEPENDENCIA PERSONAL"}}, {"added": {"name": "Servicio del Paciente", "object": "Luis Clemente Llanos Isla - PSICOLOGIA INFANTIL"}}, {"added": {"name": "Servicio del Paciente", "object": "Luis Clemente Llanos Isla - PSICOPEDAGOGIA"}}]	8	6
212	2026-01-14 19:27:16.148293+00	9	EVAL-0009 - EVALUACION DE LENGUAJE (Gael Antony Cruz Gutierrez (4 años))	1	[{"added": {}}]	12	5
213	2026-01-14 19:38:15.061195+00	10	EVAL-0010 - EVALUACION DE PSICOLOGIA (Gael Antony Cruz Gutierrez (4 años))	3		12	5
214	2026-01-14 19:38:36.967515+00	15	Pago REC-0002 - Gael Antony Cruz Gutierrez (4 años) - Proyecto: EVAL-0009 - Bs. 100.00	3		18	5
215	2026-01-14 19:43:30.590786+00	5	DANIELA@2026 - Recepcionista	2	[{"changed": {"fields": ["Rol", "Sucursales"]}}]	7	1
217	2026-01-14 19:47:07.631832+00	5	DANIELA@2026 - Recepcionista	2	[]	7	1
221	2026-01-14 22:00:26.166838+00	49	Thiago Matias Barahona Mancilla (9 años)	1	[{"added": {}}, {"added": {"name": "Servicio del Paciente", "object": "Thiago Matias Barahona Mancilla - TERAPIA DE LENGUAJE/FONOAUDIOLOGIA"}}, {"added": {"name": "Servicio del Paciente", "object": "Thiago Matias Barahona Mancilla - TERAPIA OCUPACIONAL/INDEPENDENCIA PERSONAL"}}, {"added": {"name": "Servicio del Paciente", "object": "Thiago Matias Barahona Mancilla - APOYO ESCOLAR"}}, {"added": {"name": "Servicio del Paciente", "object": "Thiago Matias Barahona Mancilla - PSICOLOGIA INFANTIL"}}, {"added": {"name": "Servicio del Paciente", "object": "Thiago Matias Barahona Mancilla - PSICOPEDAGOGIA"}}, {"added": {"name": "Servicio del Paciente", "object": "Thiago Matias Barahona Mancilla - PSICOMOTRICIDAD"}}]	8	6
\.


--
-- Data for Name: django_content_type; Type: TABLE DATA; Schema: public; Owner: postgres
--

COPY public.django_content_type (id, app_label, model) FROM stdin;
1	admin	logentry
2	auth	group
3	auth	permission
4	auth	user
5	contenttypes	contenttype
6	sessions	session
7	core	perfilusuario
8	pacientes	paciente
9	pacientes	pacienteservicio
10	servicios	sucursal
11	servicios	tiposervicio
12	agenda	proyecto
13	agenda	sesion
14	profesionales	profesional
15	facturacion	cuentacorriente
16	facturacion	factura
17	facturacion	metodopago
18	facturacion	pago
\.


--
-- Data for Name: django_migrations; Type: TABLE DATA; Schema: public; Owner: postgres
--

COPY public.django_migrations (id, app, name, applied) FROM stdin;
1	contenttypes	0001_initial	2025-12-26 23:45:47.847545+00
2	auth	0001_initial	2025-12-26 23:45:48.970923+00
3	admin	0001_initial	2025-12-26 23:45:49.232799+00
4	admin	0002_logentry_remove_auto_add	2025-12-26 23:45:49.270656+00
5	admin	0003_logentry_add_action_flag_choices	2025-12-26 23:45:49.367839+00
6	servicios	0001_initial	2025-12-26 23:45:49.753663+00
7	profesionales	0001_initial	2025-12-26 23:45:50.431748+00
8	pacientes	0001_initial	2025-12-26 23:45:51.04136+00
9	agenda	0001_initial	2025-12-26 23:45:52.639916+00
10	agenda	0002_alter_sesion_monto_cobrado	2025-12-26 23:45:52.685957+00
11	contenttypes	0002_remove_content_type_name	2025-12-26 23:45:52.887739+00
12	auth	0002_alter_permission_name_max_length	2025-12-26 23:45:53.045266+00
13	auth	0003_alter_user_email_max_length	2025-12-26 23:45:53.232332+00
14	auth	0004_alter_user_username_opts	2025-12-26 23:45:53.306446+00
15	auth	0005_alter_user_last_login_null	2025-12-26 23:45:53.473604+00
16	auth	0006_require_contenttypes_0002	2025-12-26 23:45:53.534165+00
17	auth	0007_alter_validators_add_error_messages	2025-12-26 23:45:53.637382+00
18	auth	0008_alter_user_username_max_length	2025-12-26 23:45:53.801211+00
19	auth	0009_alter_user_last_name_max_length	2025-12-26 23:45:53.938194+00
20	auth	0010_alter_group_name_max_length	2025-12-26 23:45:54.075684+00
21	auth	0011_update_proxy_permissions	2025-12-26 23:45:54.153472+00
22	auth	0012_alter_user_first_name_max_length	2025-12-26 23:45:54.320217+00
23	core	0001_initial	2025-12-26 23:45:54.757291+00
24	facturacion	0001_initial	2025-12-26 23:45:56.471677+00
25	facturacion	0002_alter_pago_numero_recibo_and_more	2025-12-26 23:45:56.757848+00
26	facturacion	0003_alter_pago_monto	2025-12-26 23:45:56.867913+00
27	pacientes	0002_alter_pacienteservicio_options_and_more	2025-12-26 23:45:57.615894+00
28	sessions	0001_initial	2025-12-26 23:45:57.842461+00
\.


--
-- Data for Name: django_session; Type: TABLE DATA; Schema: public; Owner: postgres
--

COPY public.django_session (session_key, session_data, expire_date) FROM stdin;
1afkfqj5pgwoi0gv8xagevz1mf8wydc5	.eJxVjDkOwjAUBe_iGllecHAo6TmD9TfjALKlOKkQd4dIKaB9M_NeKsG6lLR2mdPE6qysOvxuCPSQugG-Q701Ta0u84R6U_ROu742ludld_8OCvTyrUfJ7gg-o_NBIMdAHG0GjACWgwHH2WE4URCLJH5EZ9lEEkNuAIZBvT8Z0Tlk:1vg6e4:HC3SFt4zeVTxq1-ifacjOKOaFQQ4CH4hJYwraOVuwoc	2026-01-28 19:35:08.211761+00
lcdzygkzcxivy57cjb27iogr0c9xbc2e	.eJxVjMsOwiAURP-FtSEUEFuX7vsN5HIfUjWQlHZl_HfbpAvdTeacmbeKsC45ro3nOJG6KqtOv10CfHLZAT2g3KvGWpZ5SnpX9EGbHivx63a4fwcZWt7WwYgdXCeDeEgOGcPFGHIkhK6nLQMBntlT8F0gbz2KScJg0Zk-EKvPF_48ON4:1vZIMp:QeXxp8ipebKqyXUDbOLm_dUik34MBhZTc0aeOxdVYoY	2026-01-10 00:41:11.497941+00
og88bzl9omwgrhyc29fmj3b0orhp21wz	.eJxVjDkOwjAUBe_iGllecHAo6TmD9TfjALKlOKkQd4dIKaB9M_NeKsG6lLR2mdPE6qysOvxuCPSQugG-Q701Ta0u84R6U_ROu742ludld_8OCvTyrUfJ7gg-o_NBIMdAHG0GjACWgwHH2WE4URCLJH5EZ9lEEkNuAIZBvT8Z0Tlk:1vZJqB:aqT_G5WsN3aaQMdh08p547na4jaSg7-RxUcZ6tLKips	2026-01-10 02:15:35.852902+00
sqcs3j0p2vdt6u8jimqkpzyobtmbdsr5	.eJxVjMsOwiAURP-FtSEUEFuX7vsN5HIfUjWQlHZl_HfbpAvdTeacmbeKsC45ro3nOJG6KqtOv10CfHLZAT2g3KvGWpZ5SnpX9EGbHivx63a4fwcZWt7WwYgdXCeDeEgOGcPFGHIkhK6nLQMBntlT8F0gbz2KScJg0Zk-EKvPF_48ON4:1vamkX:faO68jRuSYUGgLisNoI7L4bsG1onPQADl4Iv25szADo	2026-01-14 03:19:49.219089+00
7tcs551k5w4gc32t5v6oubbtdi03jmjw	.eJxVjDkOwjAUBe_iGllecHAo6TmD9TfjALKlOKkQd4dIKaB9M_NeKsG6lLR2mdPE6qysOvxuCPSQugG-Q701Ta0u84R6U_ROu742ludld_8OCvTyrUfJ7gg-o_NBIMdAHG0GjACWgwHH2WE4URCLJH5EZ9lEEkNuAIZBvT8Z0Tlk:1vamoz:9IFD1Fj4WNJSsTDw-wpVbJc3dJMu2726Zc-dDJH3-io	2026-01-14 03:24:25.389337+00
iz9zxqkp6fttyylftc1sekhoreprtngp	.eJxVjDkOwjAUBe_iGllecHAo6TmD9TfjALKlOKkQd4dIKaB9M_NeKsG6lLR2mdPE6qysOvxuCPSQugG-Q701Ta0u84R6U_ROu742ludld_8OCvTyrUfJ7gg-o_NBIMdAHG0GjACWgwHH2WE4URCLJH5EZ9lEEkNuAIZBvT8Z0Tlk:1vZLMY:24RzQSRYxEGVDcpDE_kB83RSYfyFrHJfpyR-K3VpJSo	2026-01-10 03:53:06.197745+00
9nm88duodogliio7g4d540zjv3o6zsgp	.eJxVjDkOwjAUBe_iGllecHAo6TmD9TfjALKlOKkQd4dIKaB9M_NeKsG6lLR2mdPE6qysOvxuCPSQugG-Q701Ta0u84R6U_ROu742ludld_8OCvTyrUfJ7gg-o_NBIMdAHG0GjACWgwHH2WE4URCLJH5EZ9lEEkNuAIZBvT8Z0Tlk:1vamyr:4YkNF8Wt58GvC4DCBDZFTtpLI4-K04orjpIaXt51QH8	2026-01-14 03:34:37.377865+00
14cgwjo8t2ks0kz4nlggxn8y99k5w983	.eJxVjDkOwjAUBe_iGllecHAo6TmD9TfjALKlOKkQd4dIKaB9M_NeKsG6lLR2mdPE6qysOvxuCPSQugG-Q701Ta0u84R6U_ROu742ludld_8OCvTyrUfJ7gg-o_NBIMdAHG0GjACWgwHH2WE4URCLJH5EZ9lEEkNuAIZBvT8Z0Tlk:1vZLPZ:U_2q33sVy22WE7nR2pyj3Yg3i6F6PHLrIDIpxD_aBic	2026-01-10 03:56:13.268689+00
rmhx7g2mth6sddmerf0hx18cjcvzdq8m	.eJxVjDkOwjAUBe_iGllecHAo6TmD9TfjALKlOKkQd4dIKaB9M_NeKsG6lLR2mdPE6qysOvxuCPSQugG-Q701Ta0u84R6U_ROu742ludld_8OCvTyrUfJ7gg-o_NBIMdAHG0GjACWgwHH2WE4URCLJH5EZ9lEEkNuAIZBvT8Z0Tlk:1vZLUR:mSJuoDjpWUJcubvWhjTEWJqkBKeZduTUhJtSjHkmy4I	2026-01-10 04:01:15.871857+00
k3bw0gdag4a3q7w514vhrz3tc04np7dg	.eJxVjDkOwjAUBe_iGllecHAo6TmD9TfjALKlOKkQd4dIKaB9M_NeKsG6lLR2mdPE6qysOvxuCPSQugG-Q701Ta0u84R6U_ROu742ludld_8OCvTyrUfJ7gg-o_NBIMdAHG0GjACWgwHH2WE4URCLJH5EZ9lEEkNuAIZBvT8Z0Tlk:1vZOMy:7dLMXq5VxZ84iLZAjkzKKq3VImxhJt294vba_W3RmdE	2026-01-10 07:05:44.150353+00
nesufhywguopdz5fa71rttii4y5lzbuz	.eJxVjDkOwjAUBe_iGllecHAo6TmD9TfjALKlOKkQd4dIKaB9M_NeKsG6lLR2mdPE6qysOvxuCPSQugG-Q701Ta0u84R6U_ROu742ludld_8OCvTyrUfJ7gg-o_NBIMdAHG0GjACWgwHH2WE4URCLJH5EZ9lEEkNuAIZBvT8Z0Tlk:1vfJNn:_-LK1LrcJvYMdfKuZ6t-IngCNP6ZboP1omzVkL6W_mA	2026-01-26 14:59:03.073405+00
by5p4cia2xhwduialq1eepaklkeekli6	.eJxVjDsOwjAQBe_iGln-rH-U9JzBWttrHECOFCcV4u4QKQW0b2bei0Xc1ha3QUucCjszadjpd0yYH9R3Uu7YbzPPc1-XKfFd4Qcd_DoXel4O9--g4WjfWlDyFTRIa0LJAV0WQWuZig2ECUiDqCQhKfSWAIXLRlnhqpVeFREse38ABhs3pA:1vfO2e:Tio59mVEKM6xtgmxHti7QDDq_MnUGhgXNbBT7vOo8oE	2026-01-26 19:57:32.747216+00
j1r2w23mee4ph5syrapojozg124ef0yh	.eJxVjDsOwjAQBe_iGlm22fWHkj5nsNY_HEC2FCcV4u4QKQW0b2bei3na1uq3kRc_J3Zh0rDT7xgoPnLbSbpTu3Uee1uXOfBd4QcdfOopP6-H-3dQadRvbQhVACBAV2QO2thw1ibYTKAVKjIONFkijQaVUFAykgUhsMQowQn2_gD01TdJ:1vfO4Q:nQ3C4pwlgbdER8xdlQatV40p6wb24djn7XQo1O95p74	2026-01-26 19:59:22.33737+00
47xs028p3d1xsdniilo5ceycubafykc2	.eJxVjDkOwjAUBe_iGllecHAo6TmD9TfjALKlOKkQd4dIKaB9M_NeKsG6lLR2mdPE6qysOvxuCPSQugG-Q701Ta0u84R6U_ROu742ludld_8OCvTyrUfJ7gg-o_NBIMdAHG0GjACWgwHH2WE4URCLJH5EZ9lEEkNuAIZBvT8Z0Tlk:1vZehU:-3fAwOSyMqG8P-X1a61w7RVOEWtoy8QTNCTdQQh_bDQ	2026-01-11 00:32:00.601898+00
tthlqxbmqter2hylb892x0b5njra5dez	.eJxVjEEOwiAQRe_C2hCgDgWX7j0DGZhBqoYmpV0Z7y5NutDte-__twi4rSVsjZcwkbgIPYjTL4yYnlx3Qw-s91mmua7LFOWeyMM2eZuJX9ej_Tso2EpfM5-t0ZgIEihgrzySgk4AneHs7Yg6xpwjejYaeuUTEztykIfRKvH5AiBqOMg:1vfO7R:TcekwIw7jDpKASSD9pyOA8IWud0G68oDp9aKxozRjrE	2026-01-26 20:02:29.175851+00
2163di9a4rqcd7c7ljev8u8g06ef2lk6	.eJxVjDkOwjAUBe_iGllecHAo6TmD9TfjALKlOKkQd4dIKaB9M_NeKsG6lLR2mdPE6qysOvxuCPSQugG-Q701Ta0u84R6U_ROu742ludld_8OCvTyrUfJ7gg-o_NBIMdAHG0GjACWgwHH2WE4URCLJH5EZ9lEEkNuAIZBvT8Z0Tlk:1vZehX:2N8mzouRbgrF5vNZ9-k_pruR0YinwMU77x46HdM1rvk	2026-01-11 00:32:03.598712+00
l32h54ayep51tm4jk0bxuxxyu5cbvg19	.eJxVjDkOwjAUBe_iGllecHAo6TmD9TfjALKlOKkQd4dIKaB9M_NeKsG6lLR2mdPE6qysOvxuCPSQugG-Q701Ta0u84R6U_ROu742ludld_8OCvTyrUfJ7gg-o_NBIMdAHG0GjACWgwHH2WE4URCLJH5EZ9lEEkNuAIZBvT8Z0Tlk:1vZy41:lfHQ8ILG7xmuOPvRCdoTg1nQhAsC_5GoQFmKvnMf0Ag	2026-01-11 21:12:33.151686+00
6x2p7opsd6qrzb46yc921wcpjz728w8k	.eJxVjMEOwiAQRP-FsyEFukU8evcbyC7sStWUpLQn47_bJj3oaZJ5b-atIq5LiWvjOY5ZXdSgTr8dYXrytIP8wOledarTMo-kd0UftOlbzfy6Hu7fQcFWtjVA8MiUgxMhEA5gGNMgJJa5N11v89l5MHZL6JyxgZGMSAb0gROpzxcIMzjO:1vfO9D:fF2EfN8B9JNffZssijMVb4-PekvN4RU7W0bqSSJqijA	2026-01-26 20:04:19.931919+00
ogqip74sdlzdjqcry2y8ksxnu926u8g4	.eJxVjDkOwjAUBe_iGllecHAo6TmD9TfjALKlOKkQd4dIKaB9M_NeKsG6lLR2mdPE6qysOvxuCPSQugG-Q701Ta0u84R6U_ROu742ludld_8OCvTyrUfJ7gg-o_NBIMdAHG0GjACWgwHH2WE4URCLJH5EZ9lEEkNuAIZBvT8Z0Tlk:1va17T:BkO_r-1pBJOCmpR8UfIlEHruPeTmimU3bISvw4JZ8M4	2026-01-12 00:28:19.390965+00
c24jgs29zr2ypj0u37p1nyfl2zhmcngw	.eJxVjDsOwjAQBe_iGlne-CtKes5grddrHEC2FCcV4u4QKQW0b2beS0Tc1hq3wUucszgLcOL0OyakB7ed5Du2W5fU27rMSe6KPOiQ1575eTncv4OKo35r7wODRgza-mJs1tYgs3HFQQJv0KhQlAZiC-wmhayILBOwTipMAcT7A_sbN8M:1vfOJR:-_ttGnQdpqQhENVyGIP6kAtmYVF8w5ndz0E9Z-rPZZo	2026-01-26 20:14:53.265301+00
3qm944w65o5qoszp3pxyueuwg5hkhe9k	.eJxVjEEOwiAQRe_C2hBAZgIu3XsGMsAgVQNJaVeNd9cmXej2v_f-JgKtSw3r4DlMWVyE1uL0O0ZKT247yQ9q9y5Tb8s8Rbkr8qBD3nrm1_Vw_w4qjfqtjUdVPCZV0EaPWICMYw1cVAZQhiFHIJtQR-NdZnCWLFtrXDon9EW8P_sFN-c:1vfOxJ:i9t4U5pqpbBIV95bG38MWfgDUc-u1Vcss4ByRhUoQWM	2026-01-26 20:56:05.593304+00
svfa9pvi4x7lebttnxbgbsmm0ks9xcln	.eJxVjMEOwiAQRP-FsyEFukU8evcbyC7sStWUpLQn47_bJj3oaZJ5b-atIq5LiWvjOY5ZXdSgTr8dYXrytIP8wOledarTMo-kd0UftOlbzfy6Hu7fQcFWtjVA8MiUgxMhEA5gGNMgJJa5N11v89l5MHZL6JyxgZGMSAb0gROpzxcIMzjO:1vfPz6:lEApeprnwce7ix0qS9qBX8uKw2RlEeGrWmDvlu_gBok	2026-01-26 22:02:00.065205+00
yhysi8koytm2s0rp0r8lt1gb0z8ffl34	.eJxVjMsOwiAQRf-FtSHAAAMu3fsNZHhUqgaS0q6M_65NutDtPefcFwu0rTVsoyxhzuzMpGCn3zFSepS2k3yndus89bYuc-S7wg86-LXn8rwc7t9BpVG_tdIOsxRqkkjWJNBCFwvCGyfRIRphFICfCiXlhSYF5HNKGqHEjEpb9v4Aw9I2sg:1vfef8:5JXkT5Sxmbw8T4sUEGD0xjqVEzjUMlLNHEX_kmPX8WY	2026-01-27 13:42:22.339894+00
o1o2p3465f9bw5bhqv8g0vt1e660dv70	.eJxVjEsKwjAUAO-StQSbJnl5Lt33DOV9oq1KCk27Eu8ugS50OzPM24y0b9O417yOs5qLCeb0y5jkmUsT-qByX6wsZVtnti2xh612WDS_rkf7N5ioTm0blZEduOhJ4EaIQVn65Nijeu2SdOj9WRIChJR8H7EDUEFGQM1kPl_bkjd7:1vffi0:jBjIZwEUMpow3o9V9ao8Ddc76nTRniZ_pUcgNLwf_uQ	2026-01-27 14:49:24.892627+00
e8icyslj11ry6uk66z4oopv4nnmze5ba	.eJxVjEsKwjAUAO-StQSbJnl5Lt33DOV9oq1KCk27Eu8ugS50OzPM24y0b9O417yOs5qLCeb0y5jkmUsT-qByX6wsZVtnti2xh612WDS_rkf7N5ioTm0blZEduOhJ4EaIQVn65Nijeu2SdOj9WRIChJR8H7EDUEFGQM1kPl_bkjd7:1vg83Z:Y94lSjqypDC-1x6PbBA5ov1W8e05Qwon_BB1SsG_u4A	2026-01-28 21:05:33.947379+00
\.


--
-- Data for Name: facturacion_cuentacorriente; Type: TABLE DATA; Schema: public; Owner: postgres
--

COPY public.facturacion_cuentacorriente (id, total_consumido, total_pagado, saldo, ultima_actualizacion, paciente_id) FROM stdin;
10	0.00	0.00	0.00	2026-01-14 21:05:33.23618+00	26
11	0.00	0.00	0.00	2026-01-14 19:33:13.995077+00	7
12	0.00	0.00	0.00	2026-01-14 19:33:14.241685+00	32
13	0.00	0.00	0.00	2026-01-14 19:33:14.479626+00	34
14	0.00	0.00	0.00	2026-01-14 19:33:14.724042+00	41
15	0.00	0.00	0.00	2026-01-14 19:33:14.96513+00	11
5	0.00	0.00	0.00	2026-01-14 19:33:15.206675+00	3
16	0.00	0.00	0.00	2026-01-14 19:33:15.447011+00	24
17	0.00	0.00	0.00	2026-01-14 19:33:15.92006+00	42
18	0.00	0.00	0.00	2026-01-14 19:33:16.159823+00	16
19	0.00	0.00	0.00	2026-01-14 19:33:16.404246+00	30
20	0.00	0.00	0.00	2026-01-14 19:33:16.640769+00	28
21	0.00	0.00	0.00	2026-01-14 19:33:16.882353+00	27
9	50.00	0.00	0.00	2026-01-14 19:33:17.147572+00	9
7	0.00	0.00	0.00	2026-01-14 19:33:17.389376+00	4
22	0.00	0.00	0.00	2026-01-14 19:33:17.628671+00	45
23	0.00	0.00	0.00	2026-01-14 19:33:18.202529+00	37
24	0.00	0.00	0.00	2026-01-14 19:33:18.437586+00	36
8	0.00	200.00	0.00	2026-01-14 19:33:18.67859+00	25
25	0.00	0.00	0.00	2026-01-14 19:33:18.922863+00	44
26	0.00	0.00	0.00	2026-01-14 19:33:19.169415+00	8
27	0.00	0.00	0.00	2026-01-14 19:33:19.414695+00	6
28	0.00	0.00	0.00	2026-01-14 19:33:19.654189+00	31
29	0.00	0.00	0.00	2026-01-14 19:33:19.896302+00	21
30	0.00	0.00	0.00	2026-01-14 19:33:20.143786+00	43
31	0.00	0.00	0.00	2026-01-14 19:33:20.472342+00	20
32	0.00	0.00	0.00	2026-01-14 19:33:20.722045+00	12
33	0.00	0.00	0.00	2026-01-14 19:33:20.97131+00	48
34	0.00	0.00	0.00	2026-01-14 19:33:21.231433+00	39
35	0.00	0.00	0.00	2026-01-14 19:33:21.473777+00	23
36	0.00	0.00	0.00	2026-01-14 19:33:21.756572+00	10
37	0.00	0.00	0.00	2026-01-14 19:33:22.058872+00	33
38	0.00	0.00	0.00	2026-01-14 19:33:22.317388+00	19
39	0.00	0.00	0.00	2026-01-14 19:33:22.569047+00	18
40	0.00	0.00	0.00	2026-01-14 19:33:22.827897+00	22
41	0.00	0.00	0.00	2026-01-14 19:33:23.084604+00	46
42	0.00	0.00	0.00	2026-01-14 19:33:23.343801+00	29
6	0.00	0.00	0.00	2026-01-14 19:33:23.599543+00	5
43	0.00	0.00	0.00	2026-01-14 19:33:23.843214+00	35
44	0.00	0.00	0.00	2026-01-14 19:33:24.494224+00	40
45	0.00	0.00	0.00	2026-01-14 19:33:24.821565+00	14
46	0.00	0.00	0.00	2026-01-14 19:33:25.060143+00	15
47	0.00	0.00	0.00	2026-01-14 19:33:25.305986+00	38
48	0.00	0.00	0.00	2026-01-14 19:33:25.545692+00	13
49	0.00	0.00	0.00	2026-01-14 19:33:25.791329+00	17
\.


--
-- Data for Name: facturacion_factura; Type: TABLE DATA; Schema: public; Owner: postgres
--

COPY public.facturacion_factura (id, numero_factura, fecha_emision, nombre_fiscal, nit_ci, concepto, subtotal, descuento, total, estado, fecha_registro, emitida_por_id, paciente_id) FROM stdin;
\.


--
-- Data for Name: facturacion_factura_pagos; Type: TABLE DATA; Schema: public; Owner: postgres
--

COPY public.facturacion_factura_pagos (id, factura_id, pago_id) FROM stdin;
\.


--
-- Data for Name: facturacion_metodopago; Type: TABLE DATA; Schema: public; Owner: postgres
--

COPY public.facturacion_metodopago (id, nombre, descripcion, activo) FROM stdin;
1	Efectivo		t
2	QR		t
3	Transferencia		t
4	Uso de Crédito	Aplicación de saldo a favor del paciente	t
5	Crédito/Saldo a favor	Aplicación de saldo a favor del paciente	t
\.


--
-- Data for Name: facturacion_pago; Type: TABLE DATA; Schema: public; Owner: postgres
--

COPY public.facturacion_pago (id, fecha_pago, monto, numero_transaccion, concepto, observaciones, numero_recibo, fecha_registro, anulado, motivo_anulacion, fecha_anulacion, anulado_por_id, metodo_pago_id, paciente_id, proyecto_id, registrado_por_id, sesion_id) FROM stdin;
14	2026-01-13	200.00		Pago proyecto EVAL-0005	PAGO DE EVALUACION DE DESARROLLO	REC-0001	2026-01-13 20:25:10.783791+00	f		\N	\N	1	25	7	5	\N
\.


--
-- Data for Name: pacientes_paciente; Type: TABLE DATA; Schema: public; Owner: postgres
--

COPY public.pacientes_paciente (id, nombre, apellido, fecha_nacimiento, genero, nombre_tutor, parentesco, telefono_tutor, email_tutor, direccion, diagnostico, observaciones_medicas, alergias, estado, fecha_registro, fecha_modificacion) FROM stdin;
5	Erick	Ramirez Olmedo	2020-11-09	M	Ericka Olmedo Oyola	madre	68411751	\N	Calle Nogales  N° 557	Retraso Global del Desarrollo			activo	2026-01-12 15:29:16.462219+00	2026-01-12 15:29:16.462229+00
6	Alessia Juliette	Fuertes Escalante	2025-08-03	F	Lilian Escalante	madre	73862175	\N	Calle SN	Displacia de cadera			activo	2026-01-12 15:57:07.537262+00	2026-01-12 15:57:07.537273+00
7	Dante	Aguirre Alcaraz	2020-12-20	M	Hernan Aguirre	padre	78452025	\N	calle sevilla	Retraso Global del desarrrollo	Referido por Doc Camacho		activo	2026-01-12 15:57:12.092321+00	2026-01-12 15:57:12.092331+00
3	Nathalie Ariana	Barriga Flores	2021-07-19	F	Yaquelinne Flores Yucra	madre	63712493	\N	Calle Surco #474 Zona Calvario	Retraso Global del Desarrollo\r\nSospecha de Trastorno del Espectro Autista			activo	2026-01-12 15:28:19.861295+00	2026-01-12 16:04:19.190955+00
8	Jared Maykel	Flores Veliz	2022-03-27	M	Relly Marcia Veliz Ayaviri	madre	69639080	\N	Calle Venezuela SN, Zona Plan Cuarenta	Alto riesgo de Trastorno del espectro autista - trastorno de lenguaje			activo	2026-01-12 20:27:24.516564+00	2026-01-12 20:27:24.516579+00
4	Mateo Benjamin	Coro Astete	2022-06-30	M	Maria Eugenia Astete	madre	68414730	\N	Calle Meguillanes N°2	Alto riesgo de trastorno del espectro autista\r\nRetraso global del desarrollo\r\nPosible hipoacusia\r\nTrastorno de lenguaje			activo	2026-01-12 15:28:23.53287+00	2026-01-12 20:28:35.268524+00
9	Elena Marcy	Coro Astete	2024-01-05	F	Maria Eugenia Astete	madre	68414730	\N	Calle Meguillanes N°2	Estimulacion temprana - retraso global del desarrollo			activo	2026-01-12 20:32:10.546867+00	2026-01-12 20:32:10.546883+00
10	Hanna Rashiel	Merida Carata	2023-10-28	F	Gina Teresa Carata	madre	73858392	\N	Avenida Periférica N°33	Parálisis cerebral infantil mixta			activo	2026-01-12 20:35:05.857198+00	2026-01-12 20:41:09.902225+00
11	Benjamin Jesus	Avendaño Mendoza	2008-09-20	M	Maria Mendoza Sosa	madre	65497734	\N	Avenida Venezuela SN	Trastorno del espectro autista grado 2\r\nTrastorno de personalidad organica			activo	2026-01-12 20:43:26.268336+00	2026-01-12 20:43:26.268351+00
12	Zoe Marian	Huanaco Lugo	2020-06-07	F	Zaida Lizeth Lugo Ecos	madre	74209604	\N	Avenida los pinos, calle 14 de abril SN	Retraso global del desarrollo \r\nTrastorno de lenguaje			activo	2026-01-12 20:47:55.732002+00	2026-01-12 20:47:55.732014+00
13	Crstopher Robert	Venegas Morales	2021-10-20	M	Roxana Morales Salinas	madre	68423459	\N	Avenida Argentina N°209	Trastorno del espectro autista grado 2\r\nTrastorno de lenguaje			activo	2026-01-12 20:56:41.683909+00	2026-01-12 20:56:41.68392+00
14	Samuel Thiago	Romay Perez	2023-12-25	M	Daniela Verinda Perez Erquicia	madre	77470282	\N	Avenida Argentina N°222	Estimulación temprana\r\nRetraso global del desarrollo			activo	2026-01-12 21:03:41.06586+00	2026-01-12 21:03:41.065873+00
15	Briana Catalina	Sagardia Navarro	2023-12-30	F	Nora Jessica Navarro Laura	madre	63719731	\N	Calle Calderon N°127, Zona Villa Tomas Frias	Alteración miofuncional, orofacial, secundario a antecedentes de labio leporino y paladar hendido corregido quirúrgicamente			activo	2026-01-12 21:08:49.588017+00	2026-01-12 21:08:49.58803+00
16	Rommel Javier	Blanco Choque	2021-07-07	M	Javier Blanco Condori	padre	72409999	\N	Calle Ecuador N°173, Zona satelite	Trastorno del espectro autista grado 2\r\nTrastorno de lenguaje			activo	2026-01-12 21:15:25.000567+00	2026-01-12 21:15:25.000581+00
17	Valeria Celina	Villca Rodriguez	2008-10-11	F	Nelida Rocio Villca	tutor	78714636	\N	Zona Delicias	Problemas emocionales			activo	2026-01-12 21:19:07.54016+00	2026-01-12 21:19:07.540176+00
18	Ian Jose	Ortega Choque	2020-04-21	M	Nimia Choque	madre	72372628	\N	Avenida UNion SN, Esq. Melchor Daza	Trastorno de déficit de atención e hiperactividad\r\nTrastorno de lenguaje			activo	2026-01-12 21:21:34.740556+00	2026-01-12 21:21:34.740567+00
19	Arleth Aymin	Ortega Choque	2024-04-16	F	Nimia Choque	madre	72372628	\N	Avenida Union SN, Esq. Melchor Daza	Estimulación temprana\r\nRetraso global del desarrollo			activo	2026-01-12 21:23:20.908306+00	2026-01-12 21:23:20.908321+00
20	Lilian	Guerra Cayhuara	2022-06-02	F	Jeanneth Cayhuara Vargas	madre	72446303	\N	Calle Costa Rica SN, Esq. Arellano	Retraso global del desarrollo			activo	2026-01-12 21:26:07.720511+00	2026-01-12 21:26:07.720522+00
21	Andre Fabricio	Garnica Fernandez	2021-08-17	M	Yesica Fernandez Duran	madre	63256273	\N	Zona Villa Banzer, calle Rosales, esq. Sauce	Trastorno del espectro autista grado 2\r\nTrastorno de lenguaje			activo	2026-01-12 21:28:24.46373+00	2026-01-12 21:28:24.46374+00
22	Anya Valentina	Palenque Corico	2022-11-10	F	Lucia Daniela Corico Mancilla	madre	78716462	\N	Calle Argote N° 25	Retraso Global del Desarrollo			activo	2026-01-12 22:56:52.734071+00	2026-01-12 22:56:52.734081+00
23	Axel Said	Mamani Suyo	2017-12-22	M	Elsa Suyo Acarapi	madre	61924710	\N		Dificultad de aprendizaje			activo	2026-01-12 23:23:04.912506+00	2026-01-12 23:23:04.912524+00
24	Diego	Berazain Sulka	2025-10-08	M	Zulema Sulka Callahuara	madre	76164563	\N	Calle J.Arias N° 59	Transtorno del Espectro Autista grado 2-3			activo	2026-01-12 23:29:58.767872+00	2026-01-12 23:29:58.767883+00
25	Kezia Yarel	Flores Puma	2025-10-09	F	Karen Puma	madre	73360934	\N	Localidad de Porco	Sindrome de Down			activo	2026-01-13 14:55:23.778415+00	2026-01-13 14:55:23.778425+00
26	Gael Antony	Cruz Gutierrez	2021-12-17	M	Araceli Gutierrez Fernandez	madre	63702366	\N	Calle Estados Unidos entre Calle Peru SN				activo	2026-01-13 21:12:02.414018+00	2026-01-13 21:12:02.414031+00
27	Lucas Ignacio	Condo Jancko	2023-07-27	M	Mayrovi Eunise Jancko Lopez	madre	76164638	\N	Calle Sucre N°38				activo	2026-01-13 22:33:50.783921+00	2026-01-13 22:33:50.783931+00
28	Mia Shantall	Camargo Barja	2018-08-04	F	Rosmery Barja	madre	63689230	\N	Av. Aclo N°40				activo	2026-01-13 22:38:10.367714+00	2026-01-13 22:38:10.367723+00
29	Enrique Darwin	Quispe Choque	2019-02-03	M	Rut Maribel Choque Colque	madre	77392421	\N	Localidad de Porco				activo	2026-01-13 22:40:10.355876+00	2026-01-13 22:40:10.355886+00
30	Fabricio Enrique	Burgos Chacon	2022-02-23	M	Elizabeth Chacon Z.	madre	78714690	\N	Calle Chuquisaca N°259				activo	2026-01-13 22:45:38.355882+00	2026-01-13 22:45:38.355894+00
31	Cristofer Bayron	Garabito Marquez	2015-05-10	M	Cristian GarabitoDelgado	padre	77864042	\N	Calle Andino N° 128	TEA 1 - TDAH			activo	2026-01-13 22:50:40.15016+00	2026-01-13 22:50:40.150174+00
32	Dante	Aguirre Alcaraz	2022-05-19	M	Patricia Alcaraz Camacho	madre	76177555	\N	Av. Circumbalacion N° 84 Zona Poleoducto				activo	2026-01-13 22:54:13.068725+00	2026-01-13 22:54:13.068735+00
33	Ander Mijael	Oquendo Quiroga	2022-11-11	M	Ana Laura Quiroga Arando	madre	69610624	\N	14 de Infanteria N°54				activo	2026-01-13 23:32:56.376463+00	2026-01-13 23:32:56.376475+00
34	Erick	Aguirre Alcaraz	2015-09-25	M	Patricia Alcaraz Camacho	madre	76176555	\N	Av. Circumbalacion N° 84	TEA 1			activo	2026-01-14 13:25:02.817507+00	2026-01-14 13:25:02.817525+00
35	Erick	Ramirez Olmedo	2020-11-09	M	Ericka Olmedo Oyola	madre	68411751	\N	Calle Nogales N°557				activo	2026-01-14 13:28:24.0624+00	2026-01-14 13:28:24.062415+00
36	Franciel Marcela	Flores Garnica	2019-04-08	F	Monica Rocio Garnica	madre	72402777	\N	Av. Serrudo N° 143	Transtorno del Habla, C.I bajo deficiencia visual			activo	2026-01-14 13:33:04.066226+00	2026-01-14 13:33:04.06624+00
37	Frederick Yohan	Delagado Seco	2019-01-14	M	Cynthia Carola Diaz Arriola	madre	78621520	\N	Calle Bustillos N°201	TDL -TSH			activo	2026-01-14 13:36:12.169135+00	2026-01-14 13:36:12.169146+00
38	Gael Logan	Velasquez Magne	2020-02-17	M	Beatriz Magne Jimenez	madre	72383684	\N	Calle 15 de Mayo N°215	TEA 2-3			activo	2026-01-14 13:42:26.711172+00	2026-01-14 13:42:26.711188+00
39	Ivan Fernando	Luna Palenque	2021-08-29	M	Aracely Palenque Fernandez	madre	61912287	\N	Calle La Paz N°439	TEA 2			activo	2026-01-14 13:47:27.376118+00	2026-01-14 13:47:27.376133+00
40	Ihan Thiago	Rodriguez Torrez	2018-09-04	M	Julia Vanesa Torrez Condori	madre	75725897	\N	Calle 25 de Mayo N°12	TEA 2-3			activo	2026-01-14 13:51:33.211346+00	2026-01-14 13:51:33.211362+00
41	Jair Sebastian	Alejo Tola	2022-04-10	M	Roxana Tola Escobar	madre	78729545	\N	Calle Hoyos N°236	TEA 2			activo	2026-01-14 13:59:43.781643+00	2026-01-14 13:59:43.78166+00
42	Juaquin Wagner	Berrios Alvarez	2016-07-04	M	Ivett Alvarez C ampos	madre	71439166	\N	Calle Surco N° 248	TEA 2			activo	2026-01-14 14:05:08.162467+00	2026-01-14 14:05:08.162477+00
43	Jerimias	Garnica Orcko	2020-07-14	M	Eduarda Orcko Bravo	madre	72429739	\N	Calle 14 de Infanteria N°86	TEA 2			activo	2026-01-14 15:26:30.638129+00	2026-01-14 15:26:30.638141+00
44	Juan Luis	Flores Rivera	2016-04-04	M	Glised  Zambrana Llanos	tutor	76756966	\N	Aldeas SOS	TDAH \r\nDificultad de Aprendizaje			activo	2026-01-14 15:31:05.65291+00	2026-01-14 15:31:05.652927+00
45	Keyli Luciana	Coyla Flores	2022-03-27	F	Yoselin Flores Terrazas	madre	79444285	\N	Calle Hernandez N°530	Retrazo Global del Desarrollo			activo	2026-01-14 15:36:31.528929+00	2026-01-14 15:36:31.528944+00
46	Kilian Ruben	Pinto Lugo	2019-06-05	M	Ruben Pinto Calla	padre	76167078	\N	Calle 2 de agosto N°64 Zona Catedral Ltda	TDAH			activo	2026-01-14 15:38:52.651661+00	2026-01-14 15:38:52.651672+00
47	Lucas Andre	Calizaya Puita	2022-04-29	M	JHulisa Puita Mamani	madre	67934149	\N	Final La Paz N° 29				inactivo	2026-01-14 15:40:47.394124+00	2026-01-14 15:40:47.394134+00
48	Luis Clemente	Llanos Isla	2017-11-15	M	Irma Isla Campos	madre	72366341	\N	Chuquisaca N° 1285	TDAH			activo	2026-01-14 15:48:19.917701+00	2026-01-14 15:48:19.917715+00
49	Thiago Matias	Barahona Mancilla	2016-09-13	M	Monica Daniela Mancilla	madre	67859588	\N	Calle Argote N° 225	TEA 2			activo	2026-01-14 22:00:25.911081+00	2026-01-14 22:00:25.911093+00
\.


--
-- Data for Name: pacientes_paciente_sucursales; Type: TABLE DATA; Schema: public; Owner: postgres
--

COPY public.pacientes_paciente_sucursales (id, paciente_id, sucursal_id) FROM stdin;
3	3	4
4	4	3
5	5	4
6	6	3
7	7	4
8	8	3
9	9	3
10	10	3
11	11	3
12	12	3
13	13	3
14	14	3
15	15	3
16	16	3
17	17	3
18	18	3
19	19	3
20	20	3
21	21	3
22	22	4
23	23	4
24	24	4
25	25	3
26	26	3
27	27	4
28	28	4
29	29	4
30	30	4
31	31	4
32	32	4
33	33	4
34	34	4
35	35	4
36	36	4
37	37	4
38	38	4
39	39	4
40	40	4
41	41	4
42	42	4
43	43	4
44	44	4
45	45	4
46	46	4
47	47	4
48	48	4
49	49	4
\.


--
-- Data for Name: pacientes_pacienteservicio; Type: TABLE DATA; Schema: public; Owner: postgres
--

COPY public.pacientes_pacienteservicio (id, costo_sesion, activo, fecha_inicio, observaciones, paciente_id, servicio_id, fecha_modificacion) FROM stdin;
4	50.00	t	2026-01-12 15:28:19.954144+00	Plan Mensual	3	10	2026-01-12 15:28:19.954159+00
5	70.00	t	2026-01-12 15:28:19.9872+00	Plan Mensual	3	6	2026-01-12 15:28:19.987212+00
6	70.00	t	2026-01-12 15:28:20.022718+00	Plan Mensual	3	4	2026-01-12 15:28:20.022738+00
7	70.00	t	2026-01-12 15:28:20.078105+00	Plan Mensual	3	11	2026-01-12 15:28:20.078117+00
8	50.00	t	2026-01-12 15:28:20.107329+00	Plan Mensual	3	7	2026-01-12 15:28:20.107339+00
9	50.00	t	2026-01-12 15:28:23.61711+00	Plan mensual	4	10	2026-01-12 15:28:23.617126+00
10	70.00	t	2026-01-12 15:28:23.65499+00	Plan mensual	4	4	2026-01-12 15:28:23.655001+00
11	70.00	t	2026-01-12 15:28:23.689061+00	Plan mensual	4	6	2026-01-12 15:28:23.689072+00
12	50.00	t	2026-01-12 15:28:23.718058+00	Plan mensual	4	7	2026-01-12 15:28:23.718072+00
13	50.00	t	2026-01-12 15:28:23.745033+00	Plan mensual	4	9	2026-01-12 15:28:23.745043+00
14	70.00	t	2026-01-12 15:29:16.565454+00	Costo por sesion 75	5	6	2026-01-12 15:29:16.565479+00
15	20.00	t	2026-01-12 15:29:16.595356+00	Costo por sesion 55	5	12	2026-01-12 15:29:16.595366+00
16	50.00	t	2026-01-12 15:29:16.627247+00	Costo por sesion 75	5	7	2026-01-12 15:29:16.627259+00
17	50.00	t	2026-01-12 15:57:07.620888+00		6	8	2026-01-12 15:57:07.6209+00
18	50.00	t	2026-01-12 15:57:12.189341+00		7	13	2026-01-12 15:57:12.189354+00
19	70.00	t	2026-01-12 20:27:24.597974+00		8	6	2026-01-12 20:27:24.597987+00
20	70.00	t	2026-01-12 20:27:24.624611+00		8	4	2026-01-12 20:27:24.624624+00
21	50.00	t	2026-01-12 20:27:24.650545+00		8	9	2026-01-12 20:27:24.650558+00
22	50.00	t	2026-01-12 20:27:24.67716+00		8	10	2026-01-12 20:27:24.677173+00
23	50.00	t	2026-01-12 20:27:24.703177+00		8	7	2026-01-12 20:27:24.70319+00
24	50.00	t	2026-01-12 20:32:10.638933+00		9	13	2026-01-12 20:32:10.638946+00
25	50.00	t	2026-01-12 20:35:05.955842+00		10	8	2026-01-12 20:35:05.955855+00
26	50.00	t	2026-01-12 20:35:05.99663+00		10	13	2026-01-12 20:35:05.996644+00
27	70.00	t	2026-01-12 20:43:26.367098+00		11	5	2026-01-12 20:43:26.367113+00
28	50.00	t	2026-01-12 20:43:26.39936+00		11	7	2026-01-12 20:43:26.399377+00
29	20.00	t	2026-01-12 20:47:55.812575+00		12	12	2026-01-12 20:47:55.812593+00
30	50.00	t	2026-01-12 20:47:55.839153+00		12	8	2026-01-12 20:47:55.839166+00
31	50.00	t	2026-01-12 20:47:55.865686+00		12	9	2026-01-12 20:47:55.865706+00
32	50.00	t	2026-01-12 20:47:55.892367+00		12	7	2026-01-12 20:47:55.892381+00
33	70.00	t	2026-01-12 20:47:55.920017+00		12	6	2026-01-12 20:47:55.920032+00
34	50.00	t	2026-01-12 20:56:41.768516+00		13	9	2026-01-12 20:56:41.768529+00
35	70.00	t	2026-01-12 20:56:41.796287+00		13	6	2026-01-12 20:56:41.796306+00
36	50.00	t	2026-01-12 20:56:41.823603+00		13	10	2026-01-12 20:56:41.823619+00
37	70.00	t	2026-01-12 20:56:41.851074+00		13	4	2026-01-12 20:56:41.851089+00
38	50.00	t	2026-01-12 21:03:41.161323+00		14	13	2026-01-12 21:03:41.161337+00
39	70.00	t	2026-01-12 21:08:49.685876+00		15	6	2026-01-12 21:08:49.685891+00
40	50.00	t	2026-01-12 21:08:49.716628+00		15	10	2026-01-12 21:08:49.716643+00
41	70.00	t	2026-01-12 21:15:25.109276+00		16	6	2026-01-12 21:15:25.109292+00
42	70.00	t	2026-01-12 21:15:25.140926+00		16	4	2026-01-12 21:15:25.140943+00
43	50.00	t	2026-01-12 21:15:25.171436+00		16	10	2026-01-12 21:15:25.171448+00
44	50.00	t	2026-01-12 21:15:25.203075+00		16	9	2026-01-12 21:15:25.203088+00
45	50.00	t	2026-01-12 21:15:25.233652+00		16	7	2026-01-12 21:15:25.233665+00
46	70.00	t	2026-01-12 21:19:07.73721+00		17	5	2026-01-12 21:19:07.737223+00
47	70.00	t	2026-01-12 21:21:34.827212+00		18	6	2026-01-12 21:21:34.827224+00
48	50.00	t	2026-01-12 21:21:34.854227+00		18	7	2026-01-12 21:21:34.854279+00
49	70.00	t	2026-01-12 21:21:34.887498+00		18	4	2026-01-12 21:21:34.887512+00
50	50.00	t	2026-01-12 21:21:34.915725+00		18	9	2026-01-12 21:21:34.915736+00
51	50.00	t	2026-01-12 21:23:21.005541+00		19	13	2026-01-12 21:23:21.005556+00
52	70.00	t	2026-01-12 21:26:07.84023+00		20	6	2026-01-12 21:26:07.840279+00
53	70.00	t	2026-01-12 21:26:07.870537+00		20	4	2026-01-12 21:26:07.87055+00
54	50.00	t	2026-01-12 21:26:07.921476+00		20	10	2026-01-12 21:26:07.921489+00
55	50.00	t	2026-01-12 21:26:07.972808+00		20	9	2026-01-12 21:26:07.972821+00
56	70.00	t	2026-01-12 21:28:24.557194+00		21	4	2026-01-12 21:28:24.55721+00
57	70.00	t	2026-01-12 21:28:24.587996+00		21	6	2026-01-12 21:28:24.588011+00
58	50.00	t	2026-01-12 21:28:24.619623+00		21	7	2026-01-12 21:28:24.619637+00
59	50.00	t	2026-01-12 21:28:24.649899+00		21	10	2026-01-12 21:28:24.649913+00
60	50.00	t	2026-01-12 21:28:24.681332+00		21	9	2026-01-12 21:28:24.681345+00
61	20.00	t	2026-01-12 23:23:05.015825+00		23	12	2026-01-12 23:23:05.015837+00
62	70.00	t	2026-01-12 23:29:58.865199+00		24	6	2026-01-12 23:29:58.865212+00
63	50.00	t	2026-01-12 23:29:58.899519+00		24	10	2026-01-12 23:29:58.899531+00
64	50.00	t	2026-01-12 23:29:58.930782+00		24	7	2026-01-12 23:29:58.930797+00
65	70.00	t	2026-01-12 23:29:58.963597+00		24	4	2026-01-12 23:29:58.963611+00
66	50.00	t	2026-01-12 23:29:58.994708+00		24	9	2026-01-12 23:29:58.994722+00
67	50.00	t	2026-01-13 14:55:23.861893+00		25	13	2026-01-13 14:55:23.861908+00
68	70.00	t	2026-01-13 21:12:02.505306+00		26	6	2026-01-13 21:12:02.505318+00
69	50.00	t	2026-01-13 22:33:50.860205+00		27	9	2026-01-13 22:33:50.860217+00
70	20.00	t	2026-01-13 22:38:10.459877+00		28	12	2026-01-13 22:38:10.45989+00
71	70.00	t	2026-01-13 22:38:10.490606+00		28	6	2026-01-13 22:38:10.490619+00
72	70.00	t	2026-01-13 22:40:10.434256+00		29	6	2026-01-13 22:40:10.434266+00
73	70.00	t	2026-01-13 22:45:38.495867+00		30	6	2026-01-13 22:45:38.495879+00
74	70.00	t	2026-01-13 22:50:40.241352+00		31	6	2026-01-13 22:50:40.241368+00
75	50.00	t	2026-01-13 22:50:40.269652+00		31	7	2026-01-13 22:50:40.269665+00
76	70.00	t	2026-01-13 22:50:40.298778+00		31	4	2026-01-13 22:50:40.29879+00
77	20.00	t	2026-01-13 22:50:40.328247+00		31	12	2026-01-13 22:50:40.328257+00
78	50.00	t	2026-01-13 22:54:13.154367+00		32	10	2026-01-13 22:54:13.154381+00
79	70.00	t	2026-01-13 22:54:13.184865+00		32	4	2026-01-13 22:54:13.18488+00
80	70.00	t	2026-01-14 13:25:02.938008+00		34	6	2026-01-14 13:25:02.938024+00
81	70.00	t	2026-01-14 13:25:02.973432+00		34	4	2026-01-14 13:25:02.973443+00
82	20.00	t	2026-01-14 13:28:24.264052+00		35	12	2026-01-14 13:28:24.264069+00
83	70.00	t	2026-01-14 13:28:24.316227+00		35	6	2026-01-14 13:28:24.316243+00
84	70.00	t	2026-01-14 13:28:24.563192+00		35	4	2026-01-14 13:28:24.563205+00
85	70.00	t	2026-01-14 13:42:26.795311+00		38	6	2026-01-14 13:42:26.795326+00
86	50.00	t	2026-01-14 13:42:26.822551+00		38	7	2026-01-14 13:42:26.822564+00
87	50.00	t	2026-01-14 13:42:26.848537+00		38	9	2026-01-14 13:42:26.848551+00
88	70.00	t	2026-01-14 13:42:26.878489+00		38	4	2026-01-14 13:42:26.878502+00
89	20.00	t	2026-01-14 13:42:26.904441+00		38	12	2026-01-14 13:42:26.904454+00
90	70.00	t	2026-01-14 13:47:27.470532+00		39	6	2026-01-14 13:47:27.470548+00
91	50.00	t	2026-01-14 13:47:27.501213+00		39	10	2026-01-14 13:47:27.501223+00
92	50.00	t	2026-01-14 13:47:27.533449+00		39	9	2026-01-14 13:47:27.533461+00
93	70.00	t	2026-01-14 13:47:27.56382+00		39	4	2026-01-14 13:47:27.563833+00
94	50.00	t	2026-01-14 13:47:27.594416+00		39	7	2026-01-14 13:47:27.594427+00
95	70.00	t	2026-01-14 13:51:33.301763+00		40	6	2026-01-14 13:51:33.301778+00
96	50.00	t	2026-01-14 13:51:33.335251+00		40	10	2026-01-14 13:51:33.335265+00
97	50.00	t	2026-01-14 13:51:33.367509+00		40	9	2026-01-14 13:51:33.367523+00
98	70.00	t	2026-01-14 13:51:33.397848+00		40	4	2026-01-14 13:51:33.397886+00
99	50.00	t	2026-01-14 13:51:33.428224+00		40	7	2026-01-14 13:51:33.428242+00
100	20.00	t	2026-01-14 13:51:33.464908+00		40	12	2026-01-14 13:51:33.464923+00
101	70.00	t	2026-01-14 13:59:43.867332+00		41	6	2026-01-14 13:59:43.86735+00
102	50.00	t	2026-01-14 13:59:43.895683+00		41	10	2026-01-14 13:59:43.895723+00
103	50.00	t	2026-01-14 13:59:43.923554+00		41	9	2026-01-14 13:59:43.92357+00
104	70.00	t	2026-01-14 13:59:43.95144+00		41	4	2026-01-14 13:59:43.951459+00
105	70.00	t	2026-01-14 14:05:08.263736+00		42	6	2026-01-14 14:05:08.263748+00
106	50.00	t	2026-01-14 14:05:08.301739+00		42	10	2026-01-14 14:05:08.301754+00
107	50.00	t	2026-01-14 14:05:08.331949+00		42	9	2026-01-14 14:05:08.331962+00
108	70.00	t	2026-01-14 14:05:08.361883+00		42	4	2026-01-14 14:05:08.361898+00
109	20.00	t	2026-01-14 14:05:08.393534+00		42	12	2026-01-14 14:05:08.393547+00
110	50.00	t	2026-01-14 14:05:08.423645+00		42	7	2026-01-14 14:05:08.423658+00
111	70.00	t	2026-01-14 15:26:30.736678+00		43	6	2026-01-14 15:26:30.736693+00
112	50.00	t	2026-01-14 15:26:30.772298+00		43	10	2026-01-14 15:26:30.772311+00
113	50.00	t	2026-01-14 15:26:30.804161+00		43	9	2026-01-14 15:26:30.804172+00
114	70.00	t	2026-01-14 15:26:30.835357+00		43	4	2026-01-14 15:26:30.835371+00
115	50.00	t	2026-01-14 15:26:30.863833+00		43	7	2026-01-14 15:26:30.863846+00
116	70.00	t	2026-01-14 15:31:05.741992+00		44	4	2026-01-14 15:31:05.742009+00
117	50.00	t	2026-01-14 15:31:05.772111+00		44	7	2026-01-14 15:31:05.772129+00
118	20.00	t	2026-01-14 15:31:05.800357+00		44	12	2026-01-14 15:31:05.800375+00
119	50.00	t	2026-01-14 15:48:20.002198+00		48	10	2026-01-14 15:48:20.002215+00
120	70.00	t	2026-01-14 15:48:20.029674+00		48	4	2026-01-14 15:48:20.029691+00
121	50.00	t	2026-01-14 15:48:20.056816+00		48	7	2026-01-14 15:48:20.056829+00
122	70.00	t	2026-01-14 22:00:26.002656+00		49	6	2026-01-14 22:00:26.002667+00
123	50.00	t	2026-01-14 22:00:26.029485+00		49	10	2026-01-14 22:00:26.029495+00
124	20.00	t	2026-01-14 22:00:26.055587+00		49	12	2026-01-14 22:00:26.055598+00
125	70.00	t	2026-01-14 22:00:26.081479+00		49	4	2026-01-14 22:00:26.08149+00
126	50.00	t	2026-01-14 22:00:26.110787+00		49	7	2026-01-14 22:00:26.1108+00
127	50.00	t	2026-01-14 22:00:26.1385+00		49	9	2026-01-14 22:00:26.138511+00
\.


--
-- Data for Name: profesionales_profesional; Type: TABLE DATA; Schema: public; Owner: postgres
--

COPY public.profesionales_profesional (id, nombre, apellido, especialidad, telefono, email, activo, fecha_ingreso, user_id) FROM stdin;
3	Patricia Paola	Cuevas Peña	Psicopedagoga/Terapista de Lenguaje	72093148		t	2026-01-11	8
4	Jackie Jared	Castro Hurtado	Medico	77470591		t	2026-01-11	9
5	Liset Ariana	Olivares Choque	Psicopedagoga/terapista de lenguaje	60470832		t	2026-01-12	11
7	Edith Paola	Chijo Pino	Parvularia	76171119		t	2026-01-12	12
8	Dayana	Armijo Torrez	Psicopedagoga	61653954		t	2026-01-12	15
9	Alejandra Emilia	Aramayo Contreras	Psicopedagoga	69643854		t	2026-01-12	14
10	Maria Lourdes	Rodriguez Romero	Psicopedagoga/Terapia Ocupacional	77860740		t	2026-01-12	13
11	Ana Gabriela	Rodriguez Romero	Parvularia/Estimulacion Temprana	60423507		t	2026-01-12	16
12	Michelle Andrea	Gonzales Padilla	Psicologa	68620662		t	2026-01-12	17
6	Emily Claret	Arando Carvajal	Psicologa	60469793		t	2026-01-12	10
\.


--
-- Data for Name: profesionales_profesional_servicios; Type: TABLE DATA; Schema: public; Owner: postgres
--

COPY public.profesionales_profesional_servicios (id, profesional_id, tiposervicio_id) FROM stdin;
3	3	6
4	4	9
5	4	11
6	4	13
7	4	14
8	5	6
9	6	4
10	6	5
11	7	10
12	7	12
13	8	7
14	9	7
15	10	10
16	11	9
17	11	13
18	12	4
19	12	5
\.


--
-- Data for Name: profesionales_profesional_sucursales; Type: TABLE DATA; Schema: public; Owner: postgres
--

COPY public.profesionales_profesional_sucursales (id, profesional_id, sucursal_id) FROM stdin;
3	3	3
4	4	3
5	4	4
6	5	4
7	6	3
8	7	3
9	8	4
10	9	3
11	10	4
12	11	3
13	11	4
14	12	4
\.


--
-- Data for Name: servicios_sucursal; Type: TABLE DATA; Schema: public; Owner: postgres
--

COPY public.servicios_sucursal (id, nombre, direccion, telefono, activa) FROM stdin;
4	Suc. Millares - Centro de Neurodesarrollo Infantil "MISAEL"	Calle Millares #24 entre Hoyos y Linares a unos pasos de la Iglesia de La Merced Zona Central	78633975	t
3	Suc. Japon - Centro de Neurodesarrollo Infantil "MISAEL"	Calle Japon # 28 entre Melchor Daza y Calderon Zona Ciudad Satelite	76175352	t
\.


--
-- Data for Name: servicios_tiposervicio; Type: TABLE DATA; Schema: public; Owner: postgres
--

COPY public.servicios_tiposervicio (id, nombre, descripcion, duracion_minutos, costo_base, color, activo) FROM stdin;
4	PSICOLOGIA INFANTIL	"La psicología infantil es la rama de la psicología que se centra en el estudio del desarrollo emocional, cognitivo, social y conductual de los niños desde el nacimiento hasta la adolescencia. Su objetivo es comprender cómo los factores biológicos, psicológicos y ambientales influyen en su crecimiento, detectar dificultades o trastornos tempranos, y diseñar intervenciones que promuevan un desarrollo saludable y equilibrado."	45	70.00	#ce3bf7	t
5	PSICOLOGIA ADOLESCENTES	"La psicología en el área de adolescentes se centra en el estudio del desarrollo psicológico, emocional, social y cognitivo durante la adolescencia. Su objetivo es comprender los cambios propios de esta etapa, identificar dificultades o riesgos en el bienestar mental, y diseñar estrategias de intervención y acompañamiento que favorezcan la autonomía, la autoestima, la regulación emocional y la adaptación social del adolescente."	45	70.00	#4e133b	t
6	TERAPIA DE LENGUAJE/FONOAUDIOLOGIA	"La terapia de lenguaje es una disciplina que se enfoca en la evaluación, diagnóstico e intervención de los trastornos de la comunicación y el lenguaje, tanto en niños como en adultos. Su objetivo es mejorar las habilidades lingüísticas, articulatorias, comprensivas y expresivas, así como favorecer la comunicación funcional en distintos contextos, potenciando el desarrollo cognitivo, social y emocional del individuo."	30	70.00	#f52905	t
7	PSICOPEDAGOGIA	"La psicopedagogía es una disciplina interdisciplinaria que estudia los procesos de aprendizaje desde una perspectiva psicológica y pedagógica. Su propósito es identificar, prevenir e intervenir ante dificultades en el aprendizaje, considerando factores cognitivos, emocionales, sociales y contextuales. Se centra en la evaluación de capacidades, estilos de aprendizaje y potencialidades, así como en el diseño de estrategias educativas individualizadas para optimizar el desarrollo integral del sujeto."	60	50.00	#3b82f6	t
8	FISIOTERAPIA Y REHABILITACION	"La fisioterapia y rehabilitación es una disciplina de la salud dedicada a la prevención, tratamiento y recuperación de alteraciones del movimiento y de la funcionalidad corporal. Mediante técnicas terapéuticas, ejercicios específicos y agentes físicos, busca restaurar, mantener y optimizar la movilidad, la fuerza, el equilibrio y la autonomía del paciente, mejorando su calidad de vida y previniendo complicaciones derivadas de lesiones, enfermedades o condiciones neuromusculares."	45	50.00	#eaf73b	t
9	PSICOMOTRICIDAD	"La psicomotricidad es una disciplina que estudia y favorece la relación entre el movimiento corporal y los procesos psicológicos, emocionales y cognitivos. Su objetivo es promover el desarrollo integral del individuo, mejorando la coordinación, el equilibrio, la lateralidad, la percepción espacial y temporal, así como la expresión emocional y la socialización. Se aplica especialmente en la infancia, pero también puede acompañar a personas de otras edades con necesidades de desarrollo motor y cognitivo."	45	50.00	#3bf783	t
10	TERAPIA OCUPACIONAL/INDEPENDENCIA PERSONAL	"La terapia ocupacional es una disciplina de la salud que busca promover la autonomía y la independencia de las personas en sus actividades diarias. A través de la evaluación y la intervención en habilidades motoras, cognitivas, sensoriales y socioemocionales, se diseñan estrategias personalizadas para mejorar la capacidad funcional, la participación social y la calidad de vida. Su enfoque incluye el desarrollo de destrezas para el autocuidado, la vida doméstica, la educación, el trabajo y el ocio, adaptando el entorno y las actividades a las necesidades de cada individuo."	45	50.00	#3bf4f7	t
11	TERAPIA DE INTEGRACION SENSORIAL	"La terapia sensorial es un enfoque terapéutico que se centra en la evaluación y estimulación de los sistemas sensoriales del individuo, como la vista, el oído, el tacto, el equilibrio y la propiocepción. Su objetivo es mejorar la integración sensorial, favoreciendo la regulación emocional, la atención, la coordinación motora y la participación funcional en actividades diarias. Se aplica especialmente en niños con dificultades en el procesamiento sensorial, trastornos del desarrollo o condiciones neurológicas, con el fin de potenciar su adaptación y desempeño en distintos entornos."	45	70.00	#49525f	t
12	APOYO ESCOLAR	"El apoyo escolar es un conjunto de estrategias educativas dirigidas a fortalecer el aprendizaje de los estudiantes, reforzando conocimientos académicos, habilidades cognitivas y técnicas de estudio. Su objetivo es atender las dificultades específicas de aprendizaje, fomentar la comprensión, la motivación y la autonomía, y favorecer un desempeño académico más efectivo y equilibrado en el contexto escolar."	60	20.00	#086339	t
13	ESTIMULACION TEMPRANA	"La estimulación múltiple temprana es un enfoque integral que combina diferentes áreas del desarrollo —cognitiva, motora, sensorial, emocional y social— a través de actividades planificadas desde los primeros meses de vida hasta los 3 años. Su objetivo es potenciar las capacidades del niño de manera simultánea, favoreciendo el aprendizaje, la comunicación, la coordinación y la autonomía, así como prevenir posibles retrasos en su desarrollo global."	45	50.00	#e58b9d	t
14	HIDROTERAPIA (0 a 4 años)	"La hidroterapia en tina pediátrica es una intervención terapéutica que utiliza el agua como medio para favorecer el desarrollo motor, sensorial y funcional de los niños. A través de ejercicios adaptados en el agua, se promueven la fuerza muscular, la coordinación, el equilibrio y la movilidad articular, al tiempo que se brinda un entorno seguro y motivador que facilita la relajación, la estimulación sensorial y la participación activa del niño en su proceso de rehabilitación."	60	100.00	#002d75	t
\.


--
-- Name: agenda_proyecto_id_seq; Type: SEQUENCE SET; Schema: public; Owner: postgres
--

SELECT pg_catalog.setval('public.agenda_proyecto_id_seq', 10, true);


--
-- Name: agenda_sesion_id_seq; Type: SEQUENCE SET; Schema: public; Owner: postgres
--

SELECT pg_catalog.setval('public.agenda_sesion_id_seq', 58, true);


--
-- Name: auth_group_id_seq; Type: SEQUENCE SET; Schema: public; Owner: postgres
--

SELECT pg_catalog.setval('public.auth_group_id_seq', 1, false);


--
-- Name: auth_group_permissions_id_seq; Type: SEQUENCE SET; Schema: public; Owner: postgres
--

SELECT pg_catalog.setval('public.auth_group_permissions_id_seq', 1, false);


--
-- Name: auth_permission_id_seq; Type: SEQUENCE SET; Schema: public; Owner: postgres
--

SELECT pg_catalog.setval('public.auth_permission_id_seq', 72, true);


--
-- Name: auth_user_groups_id_seq; Type: SEQUENCE SET; Schema: public; Owner: postgres
--

SELECT pg_catalog.setval('public.auth_user_groups_id_seq', 1, false);


--
-- Name: auth_user_id_seq; Type: SEQUENCE SET; Schema: public; Owner: postgres
--

SELECT pg_catalog.setval('public.auth_user_id_seq', 17, true);


--
-- Name: auth_user_user_permissions_id_seq; Type: SEQUENCE SET; Schema: public; Owner: postgres
--

SELECT pg_catalog.setval('public.auth_user_user_permissions_id_seq', 144, true);


--
-- Name: core_perfilusuario_id_seq; Type: SEQUENCE SET; Schema: public; Owner: postgres
--

SELECT pg_catalog.setval('public.core_perfilusuario_id_seq', 16, true);


--
-- Name: core_perfilusuario_sucursales_id_seq; Type: SEQUENCE SET; Schema: public; Owner: postgres
--

SELECT pg_catalog.setval('public.core_perfilusuario_sucursales_id_seq', 2, true);


--
-- Name: django_admin_log_id_seq; Type: SEQUENCE SET; Schema: public; Owner: postgres
--

SELECT pg_catalog.setval('public.django_admin_log_id_seq', 221, true);


--
-- Name: django_content_type_id_seq; Type: SEQUENCE SET; Schema: public; Owner: postgres
--

SELECT pg_catalog.setval('public.django_content_type_id_seq', 18, true);


--
-- Name: django_migrations_id_seq; Type: SEQUENCE SET; Schema: public; Owner: postgres
--

SELECT pg_catalog.setval('public.django_migrations_id_seq', 28, true);


--
-- Name: facturacion_cuentacorriente_id_seq; Type: SEQUENCE SET; Schema: public; Owner: postgres
--

SELECT pg_catalog.setval('public.facturacion_cuentacorriente_id_seq', 49, true);


--
-- Name: facturacion_factura_id_seq; Type: SEQUENCE SET; Schema: public; Owner: postgres
--

SELECT pg_catalog.setval('public.facturacion_factura_id_seq', 1, false);


--
-- Name: facturacion_factura_pagos_id_seq; Type: SEQUENCE SET; Schema: public; Owner: postgres
--

SELECT pg_catalog.setval('public.facturacion_factura_pagos_id_seq', 1, false);


--
-- Name: facturacion_metodopago_id_seq; Type: SEQUENCE SET; Schema: public; Owner: postgres
--

SELECT pg_catalog.setval('public.facturacion_metodopago_id_seq', 5, true);


--
-- Name: facturacion_pago_id_seq; Type: SEQUENCE SET; Schema: public; Owner: postgres
--

SELECT pg_catalog.setval('public.facturacion_pago_id_seq', 15, true);


--
-- Name: pacientes_paciente_id_seq; Type: SEQUENCE SET; Schema: public; Owner: postgres
--

SELECT pg_catalog.setval('public.pacientes_paciente_id_seq', 49, true);


--
-- Name: pacientes_paciente_sucursales_id_seq; Type: SEQUENCE SET; Schema: public; Owner: postgres
--

SELECT pg_catalog.setval('public.pacientes_paciente_sucursales_id_seq', 49, true);


--
-- Name: pacientes_pacienteservicio_id_seq; Type: SEQUENCE SET; Schema: public; Owner: postgres
--

SELECT pg_catalog.setval('public.pacientes_pacienteservicio_id_seq', 127, true);


--
-- Name: profesionales_profesional_id_seq; Type: SEQUENCE SET; Schema: public; Owner: postgres
--

SELECT pg_catalog.setval('public.profesionales_profesional_id_seq', 12, true);


--
-- Name: profesionales_profesional_servicios_id_seq; Type: SEQUENCE SET; Schema: public; Owner: postgres
--

SELECT pg_catalog.setval('public.profesionales_profesional_servicios_id_seq', 19, true);


--
-- Name: profesionales_profesional_sucursales_id_seq; Type: SEQUENCE SET; Schema: public; Owner: postgres
--

SELECT pg_catalog.setval('public.profesionales_profesional_sucursales_id_seq', 14, true);


--
-- Name: servicios_sucursal_id_seq; Type: SEQUENCE SET; Schema: public; Owner: postgres
--

SELECT pg_catalog.setval('public.servicios_sucursal_id_seq', 4, true);


--
-- Name: servicios_tiposervicio_id_seq; Type: SEQUENCE SET; Schema: public; Owner: postgres
--

SELECT pg_catalog.setval('public.servicios_tiposervicio_id_seq', 14, true);


--
-- Name: agenda_proyecto agenda_proyecto_codigo_key; Type: CONSTRAINT; Schema: public; Owner: postgres
--

ALTER TABLE ONLY public.agenda_proyecto
    ADD CONSTRAINT agenda_proyecto_codigo_key UNIQUE (codigo);


--
-- Name: agenda_proyecto agenda_proyecto_pkey; Type: CONSTRAINT; Schema: public; Owner: postgres
--

ALTER TABLE ONLY public.agenda_proyecto
    ADD CONSTRAINT agenda_proyecto_pkey PRIMARY KEY (id);


--
-- Name: agenda_sesion agenda_sesion_pkey; Type: CONSTRAINT; Schema: public; Owner: postgres
--

ALTER TABLE ONLY public.agenda_sesion
    ADD CONSTRAINT agenda_sesion_pkey PRIMARY KEY (id);


--
-- Name: auth_group auth_group_name_key; Type: CONSTRAINT; Schema: public; Owner: postgres
--

ALTER TABLE ONLY public.auth_group
    ADD CONSTRAINT auth_group_name_key UNIQUE (name);


--
-- Name: auth_group_permissions auth_group_permissions_group_id_permission_id_0cd325b0_uniq; Type: CONSTRAINT; Schema: public; Owner: postgres
--

ALTER TABLE ONLY public.auth_group_permissions
    ADD CONSTRAINT auth_group_permissions_group_id_permission_id_0cd325b0_uniq UNIQUE (group_id, permission_id);


--
-- Name: auth_group_permissions auth_group_permissions_pkey; Type: CONSTRAINT; Schema: public; Owner: postgres
--

ALTER TABLE ONLY public.auth_group_permissions
    ADD CONSTRAINT auth_group_permissions_pkey PRIMARY KEY (id);


--
-- Name: auth_group auth_group_pkey; Type: CONSTRAINT; Schema: public; Owner: postgres
--

ALTER TABLE ONLY public.auth_group
    ADD CONSTRAINT auth_group_pkey PRIMARY KEY (id);


--
-- Name: auth_permission auth_permission_content_type_id_codename_01ab375a_uniq; Type: CONSTRAINT; Schema: public; Owner: postgres
--

ALTER TABLE ONLY public.auth_permission
    ADD CONSTRAINT auth_permission_content_type_id_codename_01ab375a_uniq UNIQUE (content_type_id, codename);


--
-- Name: auth_permission auth_permission_pkey; Type: CONSTRAINT; Schema: public; Owner: postgres
--

ALTER TABLE ONLY public.auth_permission
    ADD CONSTRAINT auth_permission_pkey PRIMARY KEY (id);


--
-- Name: auth_user_groups auth_user_groups_pkey; Type: CONSTRAINT; Schema: public; Owner: postgres
--

ALTER TABLE ONLY public.auth_user_groups
    ADD CONSTRAINT auth_user_groups_pkey PRIMARY KEY (id);


--
-- Name: auth_user_groups auth_user_groups_user_id_group_id_94350c0c_uniq; Type: CONSTRAINT; Schema: public; Owner: postgres
--

ALTER TABLE ONLY public.auth_user_groups
    ADD CONSTRAINT auth_user_groups_user_id_group_id_94350c0c_uniq UNIQUE (user_id, group_id);


--
-- Name: auth_user auth_user_pkey; Type: CONSTRAINT; Schema: public; Owner: postgres
--

ALTER TABLE ONLY public.auth_user
    ADD CONSTRAINT auth_user_pkey PRIMARY KEY (id);


--
-- Name: auth_user_user_permissions auth_user_user_permissions_pkey; Type: CONSTRAINT; Schema: public; Owner: postgres
--

ALTER TABLE ONLY public.auth_user_user_permissions
    ADD CONSTRAINT auth_user_user_permissions_pkey PRIMARY KEY (id);


--
-- Name: auth_user_user_permissions auth_user_user_permissions_user_id_permission_id_14a6b632_uniq; Type: CONSTRAINT; Schema: public; Owner: postgres
--

ALTER TABLE ONLY public.auth_user_user_permissions
    ADD CONSTRAINT auth_user_user_permissions_user_id_permission_id_14a6b632_uniq UNIQUE (user_id, permission_id);


--
-- Name: auth_user auth_user_username_key; Type: CONSTRAINT; Schema: public; Owner: postgres
--

ALTER TABLE ONLY public.auth_user
    ADD CONSTRAINT auth_user_username_key UNIQUE (username);


--
-- Name: core_perfilusuario core_perfilusuario_pkey; Type: CONSTRAINT; Schema: public; Owner: postgres
--

ALTER TABLE ONLY public.core_perfilusuario
    ADD CONSTRAINT core_perfilusuario_pkey PRIMARY KEY (id);


--
-- Name: core_perfilusuario core_perfilusuario_profesional_id_key; Type: CONSTRAINT; Schema: public; Owner: postgres
--

ALTER TABLE ONLY public.core_perfilusuario
    ADD CONSTRAINT core_perfilusuario_profesional_id_key UNIQUE (profesional_id);


--
-- Name: core_perfilusuario_sucursales core_perfilusuario_sucur_perfilusuario_id_sucursa_dabd7a32_uniq; Type: CONSTRAINT; Schema: public; Owner: postgres
--

ALTER TABLE ONLY public.core_perfilusuario_sucursales
    ADD CONSTRAINT core_perfilusuario_sucur_perfilusuario_id_sucursa_dabd7a32_uniq UNIQUE (perfilusuario_id, sucursal_id);


--
-- Name: core_perfilusuario_sucursales core_perfilusuario_sucursales_pkey; Type: CONSTRAINT; Schema: public; Owner: postgres
--

ALTER TABLE ONLY public.core_perfilusuario_sucursales
    ADD CONSTRAINT core_perfilusuario_sucursales_pkey PRIMARY KEY (id);


--
-- Name: core_perfilusuario core_perfilusuario_user_id_key; Type: CONSTRAINT; Schema: public; Owner: postgres
--

ALTER TABLE ONLY public.core_perfilusuario
    ADD CONSTRAINT core_perfilusuario_user_id_key UNIQUE (user_id);


--
-- Name: django_admin_log django_admin_log_pkey; Type: CONSTRAINT; Schema: public; Owner: postgres
--

ALTER TABLE ONLY public.django_admin_log
    ADD CONSTRAINT django_admin_log_pkey PRIMARY KEY (id);


--
-- Name: django_content_type django_content_type_app_label_model_76bd3d3b_uniq; Type: CONSTRAINT; Schema: public; Owner: postgres
--

ALTER TABLE ONLY public.django_content_type
    ADD CONSTRAINT django_content_type_app_label_model_76bd3d3b_uniq UNIQUE (app_label, model);


--
-- Name: django_content_type django_content_type_pkey; Type: CONSTRAINT; Schema: public; Owner: postgres
--

ALTER TABLE ONLY public.django_content_type
    ADD CONSTRAINT django_content_type_pkey PRIMARY KEY (id);


--
-- Name: django_migrations django_migrations_pkey; Type: CONSTRAINT; Schema: public; Owner: postgres
--

ALTER TABLE ONLY public.django_migrations
    ADD CONSTRAINT django_migrations_pkey PRIMARY KEY (id);


--
-- Name: django_session django_session_pkey; Type: CONSTRAINT; Schema: public; Owner: postgres
--

ALTER TABLE ONLY public.django_session
    ADD CONSTRAINT django_session_pkey PRIMARY KEY (session_key);


--
-- Name: facturacion_cuentacorriente facturacion_cuentacorriente_paciente_id_key; Type: CONSTRAINT; Schema: public; Owner: postgres
--

ALTER TABLE ONLY public.facturacion_cuentacorriente
    ADD CONSTRAINT facturacion_cuentacorriente_paciente_id_key UNIQUE (paciente_id);


--
-- Name: facturacion_cuentacorriente facturacion_cuentacorriente_pkey; Type: CONSTRAINT; Schema: public; Owner: postgres
--

ALTER TABLE ONLY public.facturacion_cuentacorriente
    ADD CONSTRAINT facturacion_cuentacorriente_pkey PRIMARY KEY (id);


--
-- Name: facturacion_factura facturacion_factura_numero_factura_key; Type: CONSTRAINT; Schema: public; Owner: postgres
--

ALTER TABLE ONLY public.facturacion_factura
    ADD CONSTRAINT facturacion_factura_numero_factura_key UNIQUE (numero_factura);


--
-- Name: facturacion_factura_pagos facturacion_factura_pagos_factura_id_pago_id_dfef369f_uniq; Type: CONSTRAINT; Schema: public; Owner: postgres
--

ALTER TABLE ONLY public.facturacion_factura_pagos
    ADD CONSTRAINT facturacion_factura_pagos_factura_id_pago_id_dfef369f_uniq UNIQUE (factura_id, pago_id);


--
-- Name: facturacion_factura_pagos facturacion_factura_pagos_pkey; Type: CONSTRAINT; Schema: public; Owner: postgres
--

ALTER TABLE ONLY public.facturacion_factura_pagos
    ADD CONSTRAINT facturacion_factura_pagos_pkey PRIMARY KEY (id);


--
-- Name: facturacion_factura facturacion_factura_pkey; Type: CONSTRAINT; Schema: public; Owner: postgres
--

ALTER TABLE ONLY public.facturacion_factura
    ADD CONSTRAINT facturacion_factura_pkey PRIMARY KEY (id);


--
-- Name: facturacion_metodopago facturacion_metodopago_nombre_key; Type: CONSTRAINT; Schema: public; Owner: postgres
--

ALTER TABLE ONLY public.facturacion_metodopago
    ADD CONSTRAINT facturacion_metodopago_nombre_key UNIQUE (nombre);


--
-- Name: facturacion_metodopago facturacion_metodopago_pkey; Type: CONSTRAINT; Schema: public; Owner: postgres
--

ALTER TABLE ONLY public.facturacion_metodopago
    ADD CONSTRAINT facturacion_metodopago_pkey PRIMARY KEY (id);


--
-- Name: facturacion_pago facturacion_pago_pkey; Type: CONSTRAINT; Schema: public; Owner: postgres
--

ALTER TABLE ONLY public.facturacion_pago
    ADD CONSTRAINT facturacion_pago_pkey PRIMARY KEY (id);


--
-- Name: pacientes_paciente pacientes_paciente_pkey; Type: CONSTRAINT; Schema: public; Owner: postgres
--

ALTER TABLE ONLY public.pacientes_paciente
    ADD CONSTRAINT pacientes_paciente_pkey PRIMARY KEY (id);


--
-- Name: pacientes_paciente_sucursales pacientes_paciente_sucur_paciente_id_sucursal_id_d936c38f_uniq; Type: CONSTRAINT; Schema: public; Owner: postgres
--

ALTER TABLE ONLY public.pacientes_paciente_sucursales
    ADD CONSTRAINT pacientes_paciente_sucur_paciente_id_sucursal_id_d936c38f_uniq UNIQUE (paciente_id, sucursal_id);


--
-- Name: pacientes_paciente_sucursales pacientes_paciente_sucursales_pkey; Type: CONSTRAINT; Schema: public; Owner: postgres
--

ALTER TABLE ONLY public.pacientes_paciente_sucursales
    ADD CONSTRAINT pacientes_paciente_sucursales_pkey PRIMARY KEY (id);


--
-- Name: pacientes_pacienteservicio pacientes_pacienteservic_paciente_id_servicio_id_5f63e563_uniq; Type: CONSTRAINT; Schema: public; Owner: postgres
--

ALTER TABLE ONLY public.pacientes_pacienteservicio
    ADD CONSTRAINT pacientes_pacienteservic_paciente_id_servicio_id_5f63e563_uniq UNIQUE (paciente_id, servicio_id);


--
-- Name: pacientes_pacienteservicio pacientes_pacienteservicio_pkey; Type: CONSTRAINT; Schema: public; Owner: postgres
--

ALTER TABLE ONLY public.pacientes_pacienteservicio
    ADD CONSTRAINT pacientes_pacienteservicio_pkey PRIMARY KEY (id);


--
-- Name: profesionales_profesional_sucursales profesionales_profesiona_profesional_id_sucursal__9a9ff6d5_uniq; Type: CONSTRAINT; Schema: public; Owner: postgres
--

ALTER TABLE ONLY public.profesionales_profesional_sucursales
    ADD CONSTRAINT profesionales_profesiona_profesional_id_sucursal__9a9ff6d5_uniq UNIQUE (profesional_id, sucursal_id);


--
-- Name: profesionales_profesional_servicios profesionales_profesiona_profesional_id_tiposervi_1a14e901_uniq; Type: CONSTRAINT; Schema: public; Owner: postgres
--

ALTER TABLE ONLY public.profesionales_profesional_servicios
    ADD CONSTRAINT profesionales_profesiona_profesional_id_tiposervi_1a14e901_uniq UNIQUE (profesional_id, tiposervicio_id);


--
-- Name: profesionales_profesional profesionales_profesional_pkey; Type: CONSTRAINT; Schema: public; Owner: postgres
--

ALTER TABLE ONLY public.profesionales_profesional
    ADD CONSTRAINT profesionales_profesional_pkey PRIMARY KEY (id);


--
-- Name: profesionales_profesional_servicios profesionales_profesional_servicios_pkey; Type: CONSTRAINT; Schema: public; Owner: postgres
--

ALTER TABLE ONLY public.profesionales_profesional_servicios
    ADD CONSTRAINT profesionales_profesional_servicios_pkey PRIMARY KEY (id);


--
-- Name: profesionales_profesional_sucursales profesionales_profesional_sucursales_pkey; Type: CONSTRAINT; Schema: public; Owner: postgres
--

ALTER TABLE ONLY public.profesionales_profesional_sucursales
    ADD CONSTRAINT profesionales_profesional_sucursales_pkey PRIMARY KEY (id);


--
-- Name: profesionales_profesional profesionales_profesional_user_id_key; Type: CONSTRAINT; Schema: public; Owner: postgres
--

ALTER TABLE ONLY public.profesionales_profesional
    ADD CONSTRAINT profesionales_profesional_user_id_key UNIQUE (user_id);


--
-- Name: servicios_sucursal servicios_sucursal_pkey; Type: CONSTRAINT; Schema: public; Owner: postgres
--

ALTER TABLE ONLY public.servicios_sucursal
    ADD CONSTRAINT servicios_sucursal_pkey PRIMARY KEY (id);


--
-- Name: servicios_tiposervicio servicios_tiposervicio_nombre_key; Type: CONSTRAINT; Schema: public; Owner: postgres
--

ALTER TABLE ONLY public.servicios_tiposervicio
    ADD CONSTRAINT servicios_tiposervicio_nombre_key UNIQUE (nombre);


--
-- Name: servicios_tiposervicio servicios_tiposervicio_pkey; Type: CONSTRAINT; Schema: public; Owner: postgres
--

ALTER TABLE ONLY public.servicios_tiposervicio
    ADD CONSTRAINT servicios_tiposervicio_pkey PRIMARY KEY (id);


--
-- Name: agenda_sesion unique_paciente_fecha_hora; Type: CONSTRAINT; Schema: public; Owner: postgres
--

ALTER TABLE ONLY public.agenda_sesion
    ADD CONSTRAINT unique_paciente_fecha_hora UNIQUE (paciente_id, fecha, hora_inicio);


--
-- Name: agenda_proy_codigo_800f46_idx; Type: INDEX; Schema: public; Owner: postgres
--

CREATE INDEX agenda_proy_codigo_800f46_idx ON public.agenda_proyecto USING btree (codigo);


--
-- Name: agenda_proy_estado_20ee2d_idx; Type: INDEX; Schema: public; Owner: postgres
--

CREATE INDEX agenda_proy_estado_20ee2d_idx ON public.agenda_proyecto USING btree (estado);


--
-- Name: agenda_proy_pacient_97226b_idx; Type: INDEX; Schema: public; Owner: postgres
--

CREATE INDEX agenda_proy_pacient_97226b_idx ON public.agenda_proyecto USING btree (paciente_id, fecha_inicio DESC);


--
-- Name: agenda_proyecto_codigo_e3385a05_like; Type: INDEX; Schema: public; Owner: postgres
--

CREATE INDEX agenda_proyecto_codigo_e3385a05_like ON public.agenda_proyecto USING btree (codigo varchar_pattern_ops);


--
-- Name: agenda_proyecto_creado_por_id_d7181c32; Type: INDEX; Schema: public; Owner: postgres
--

CREATE INDEX agenda_proyecto_creado_por_id_d7181c32 ON public.agenda_proyecto USING btree (creado_por_id);


--
-- Name: agenda_proyecto_modificado_por_id_b2ca2095; Type: INDEX; Schema: public; Owner: postgres
--

CREATE INDEX agenda_proyecto_modificado_por_id_b2ca2095 ON public.agenda_proyecto USING btree (modificado_por_id);


--
-- Name: agenda_proyecto_paciente_id_f4bd80de; Type: INDEX; Schema: public; Owner: postgres
--

CREATE INDEX agenda_proyecto_paciente_id_f4bd80de ON public.agenda_proyecto USING btree (paciente_id);


--
-- Name: agenda_proyecto_profesional_responsable_id_acefd13b; Type: INDEX; Schema: public; Owner: postgres
--

CREATE INDEX agenda_proyecto_profesional_responsable_id_acefd13b ON public.agenda_proyecto USING btree (profesional_responsable_id);


--
-- Name: agenda_proyecto_servicio_base_id_8488eabc; Type: INDEX; Schema: public; Owner: postgres
--

CREATE INDEX agenda_proyecto_servicio_base_id_8488eabc ON public.agenda_proyecto USING btree (servicio_base_id);


--
-- Name: agenda_proyecto_sucursal_id_221af2ae; Type: INDEX; Schema: public; Owner: postgres
--

CREATE INDEX agenda_proyecto_sucursal_id_221af2ae ON public.agenda_proyecto USING btree (sucursal_id);


--
-- Name: agenda_sesi_estado_adb238_idx; Type: INDEX; Schema: public; Owner: postgres
--

CREATE INDEX agenda_sesi_estado_adb238_idx ON public.agenda_sesion USING btree (estado);


--
-- Name: agenda_sesi_fecha_03f5eb_idx; Type: INDEX; Schema: public; Owner: postgres
--

CREATE INDEX agenda_sesi_fecha_03f5eb_idx ON public.agenda_sesion USING btree (fecha, hora_inicio);


--
-- Name: agenda_sesi_pacient_02aaee_idx; Type: INDEX; Schema: public; Owner: postgres
--

CREATE INDEX agenda_sesi_pacient_02aaee_idx ON public.agenda_sesion USING btree (paciente_id, fecha);


--
-- Name: agenda_sesi_profesi_39e30f_idx; Type: INDEX; Schema: public; Owner: postgres
--

CREATE INDEX agenda_sesi_profesi_39e30f_idx ON public.agenda_sesion USING btree (profesional_id, fecha);


--
-- Name: agenda_sesi_proyect_d2d654_idx; Type: INDEX; Schema: public; Owner: postgres
--

CREATE INDEX agenda_sesi_proyect_d2d654_idx ON public.agenda_sesion USING btree (proyecto_id);


--
-- Name: agenda_sesion_creada_por_id_2d0dc4ec; Type: INDEX; Schema: public; Owner: postgres
--

CREATE INDEX agenda_sesion_creada_por_id_2d0dc4ec ON public.agenda_sesion USING btree (creada_por_id);


--
-- Name: agenda_sesion_modificada_por_id_6b3201fd; Type: INDEX; Schema: public; Owner: postgres
--

CREATE INDEX agenda_sesion_modificada_por_id_6b3201fd ON public.agenda_sesion USING btree (modificada_por_id);


--
-- Name: agenda_sesion_paciente_id_f11aff6b; Type: INDEX; Schema: public; Owner: postgres
--

CREATE INDEX agenda_sesion_paciente_id_f11aff6b ON public.agenda_sesion USING btree (paciente_id);


--
-- Name: agenda_sesion_profesional_id_848ec272; Type: INDEX; Schema: public; Owner: postgres
--

CREATE INDEX agenda_sesion_profesional_id_848ec272 ON public.agenda_sesion USING btree (profesional_id);


--
-- Name: agenda_sesion_proyecto_id_50020418; Type: INDEX; Schema: public; Owner: postgres
--

CREATE INDEX agenda_sesion_proyecto_id_50020418 ON public.agenda_sesion USING btree (proyecto_id);


--
-- Name: agenda_sesion_servicio_id_34bfaabf; Type: INDEX; Schema: public; Owner: postgres
--

CREATE INDEX agenda_sesion_servicio_id_34bfaabf ON public.agenda_sesion USING btree (servicio_id);


--
-- Name: agenda_sesion_sucursal_id_da4759e4; Type: INDEX; Schema: public; Owner: postgres
--

CREATE INDEX agenda_sesion_sucursal_id_da4759e4 ON public.agenda_sesion USING btree (sucursal_id);


--
-- Name: auth_group_name_a6ea08ec_like; Type: INDEX; Schema: public; Owner: postgres
--

CREATE INDEX auth_group_name_a6ea08ec_like ON public.auth_group USING btree (name varchar_pattern_ops);


--
-- Name: auth_group_permissions_group_id_b120cbf9; Type: INDEX; Schema: public; Owner: postgres
--

CREATE INDEX auth_group_permissions_group_id_b120cbf9 ON public.auth_group_permissions USING btree (group_id);


--
-- Name: auth_group_permissions_permission_id_84c5c92e; Type: INDEX; Schema: public; Owner: postgres
--

CREATE INDEX auth_group_permissions_permission_id_84c5c92e ON public.auth_group_permissions USING btree (permission_id);


--
-- Name: auth_permission_content_type_id_2f476e4b; Type: INDEX; Schema: public; Owner: postgres
--

CREATE INDEX auth_permission_content_type_id_2f476e4b ON public.auth_permission USING btree (content_type_id);


--
-- Name: auth_user_groups_group_id_97559544; Type: INDEX; Schema: public; Owner: postgres
--

CREATE INDEX auth_user_groups_group_id_97559544 ON public.auth_user_groups USING btree (group_id);


--
-- Name: auth_user_groups_user_id_6a12ed8b; Type: INDEX; Schema: public; Owner: postgres
--

CREATE INDEX auth_user_groups_user_id_6a12ed8b ON public.auth_user_groups USING btree (user_id);


--
-- Name: auth_user_user_permissions_permission_id_1fbb5f2c; Type: INDEX; Schema: public; Owner: postgres
--

CREATE INDEX auth_user_user_permissions_permission_id_1fbb5f2c ON public.auth_user_user_permissions USING btree (permission_id);


--
-- Name: auth_user_user_permissions_user_id_a95ead1b; Type: INDEX; Schema: public; Owner: postgres
--

CREATE INDEX auth_user_user_permissions_user_id_a95ead1b ON public.auth_user_user_permissions USING btree (user_id);


--
-- Name: auth_user_username_6821ab7c_like; Type: INDEX; Schema: public; Owner: postgres
--

CREATE INDEX auth_user_username_6821ab7c_like ON public.auth_user USING btree (username varchar_pattern_ops);


--
-- Name: core_perfilusuario_sucursales_perfilusuario_id_057faa0c; Type: INDEX; Schema: public; Owner: postgres
--

CREATE INDEX core_perfilusuario_sucursales_perfilusuario_id_057faa0c ON public.core_perfilusuario_sucursales USING btree (perfilusuario_id);


--
-- Name: core_perfilusuario_sucursales_sucursal_id_8a58a1cb; Type: INDEX; Schema: public; Owner: postgres
--

CREATE INDEX core_perfilusuario_sucursales_sucursal_id_8a58a1cb ON public.core_perfilusuario_sucursales USING btree (sucursal_id);


--
-- Name: django_admin_log_content_type_id_c4bce8eb; Type: INDEX; Schema: public; Owner: postgres
--

CREATE INDEX django_admin_log_content_type_id_c4bce8eb ON public.django_admin_log USING btree (content_type_id);


--
-- Name: django_admin_log_user_id_c564eba6; Type: INDEX; Schema: public; Owner: postgres
--

CREATE INDEX django_admin_log_user_id_c564eba6 ON public.django_admin_log USING btree (user_id);


--
-- Name: django_session_expire_date_a5c62663; Type: INDEX; Schema: public; Owner: postgres
--

CREATE INDEX django_session_expire_date_a5c62663 ON public.django_session USING btree (expire_date);


--
-- Name: django_session_session_key_c0390e0f_like; Type: INDEX; Schema: public; Owner: postgres
--

CREATE INDEX django_session_session_key_c0390e0f_like ON public.django_session USING btree (session_key varchar_pattern_ops);


--
-- Name: facturacion_factura_emitida_por_id_2a349d2a; Type: INDEX; Schema: public; Owner: postgres
--

CREATE INDEX facturacion_factura_emitida_por_id_2a349d2a ON public.facturacion_factura USING btree (emitida_por_id);


--
-- Name: facturacion_factura_numero_factura_27fc7bc2_like; Type: INDEX; Schema: public; Owner: postgres
--

CREATE INDEX facturacion_factura_numero_factura_27fc7bc2_like ON public.facturacion_factura USING btree (numero_factura varchar_pattern_ops);


--
-- Name: facturacion_factura_paciente_id_f658372a; Type: INDEX; Schema: public; Owner: postgres
--

CREATE INDEX facturacion_factura_paciente_id_f658372a ON public.facturacion_factura USING btree (paciente_id);


--
-- Name: facturacion_factura_pagos_factura_id_5780b017; Type: INDEX; Schema: public; Owner: postgres
--

CREATE INDEX facturacion_factura_pagos_factura_id_5780b017 ON public.facturacion_factura_pagos USING btree (factura_id);


--
-- Name: facturacion_factura_pagos_pago_id_4d88ccf5; Type: INDEX; Schema: public; Owner: postgres
--

CREATE INDEX facturacion_factura_pagos_pago_id_4d88ccf5 ON public.facturacion_factura_pagos USING btree (pago_id);


--
-- Name: facturacion_fecha_p_8ca3d9_idx; Type: INDEX; Schema: public; Owner: postgres
--

CREATE INDEX facturacion_fecha_p_8ca3d9_idx ON public.facturacion_pago USING btree (fecha_pago);


--
-- Name: facturacion_metodopago_nombre_5e44b596_like; Type: INDEX; Schema: public; Owner: postgres
--

CREATE INDEX facturacion_metodopago_nombre_5e44b596_like ON public.facturacion_metodopago USING btree (nombre varchar_pattern_ops);


--
-- Name: facturacion_numero__214b68_idx; Type: INDEX; Schema: public; Owner: postgres
--

CREATE INDEX facturacion_numero__214b68_idx ON public.facturacion_pago USING btree (numero_recibo DESC);


--
-- Name: facturacion_numero__d0f299_idx; Type: INDEX; Schema: public; Owner: postgres
--

CREATE INDEX facturacion_numero__d0f299_idx ON public.facturacion_factura USING btree (numero_factura);


--
-- Name: facturacion_numero__d7370e_idx; Type: INDEX; Schema: public; Owner: postgres
--

CREATE INDEX facturacion_numero__d7370e_idx ON public.facturacion_pago USING btree (numero_recibo);


--
-- Name: facturacion_pacient_7f554e_idx; Type: INDEX; Schema: public; Owner: postgres
--

CREATE INDEX facturacion_pacient_7f554e_idx ON public.facturacion_factura USING btree (paciente_id, fecha_emision DESC);


--
-- Name: facturacion_pacient_90737c_idx; Type: INDEX; Schema: public; Owner: postgres
--

CREATE INDEX facturacion_pacient_90737c_idx ON public.facturacion_pago USING btree (paciente_id, fecha_pago DESC);


--
-- Name: facturacion_pago_anulado_por_id_93737473; Type: INDEX; Schema: public; Owner: postgres
--

CREATE INDEX facturacion_pago_anulado_por_id_93737473 ON public.facturacion_pago USING btree (anulado_por_id);


--
-- Name: facturacion_pago_metodo_pago_id_08bbc980; Type: INDEX; Schema: public; Owner: postgres
--

CREATE INDEX facturacion_pago_metodo_pago_id_08bbc980 ON public.facturacion_pago USING btree (metodo_pago_id);


--
-- Name: facturacion_pago_paciente_id_3fb0c812; Type: INDEX; Schema: public; Owner: postgres
--

CREATE INDEX facturacion_pago_paciente_id_3fb0c812 ON public.facturacion_pago USING btree (paciente_id);


--
-- Name: facturacion_pago_proyecto_id_6234b080; Type: INDEX; Schema: public; Owner: postgres
--

CREATE INDEX facturacion_pago_proyecto_id_6234b080 ON public.facturacion_pago USING btree (proyecto_id);


--
-- Name: facturacion_pago_registrado_por_id_de7e037d; Type: INDEX; Schema: public; Owner: postgres
--

CREATE INDEX facturacion_pago_registrado_por_id_de7e037d ON public.facturacion_pago USING btree (registrado_por_id);


--
-- Name: facturacion_pago_sesion_id_308f9e3c; Type: INDEX; Schema: public; Owner: postgres
--

CREATE INDEX facturacion_pago_sesion_id_308f9e3c ON public.facturacion_pago USING btree (sesion_id);


--
-- Name: facturacion_proyect_e37d7b_idx; Type: INDEX; Schema: public; Owner: postgres
--

CREATE INDEX facturacion_proyect_e37d7b_idx ON public.facturacion_pago USING btree (proyecto_id);


--
-- Name: facturacion_saldo_01a18f_idx; Type: INDEX; Schema: public; Owner: postgres
--

CREATE INDEX facturacion_saldo_01a18f_idx ON public.facturacion_cuentacorriente USING btree (saldo);


--
-- Name: facturacion_sesion__ce52af_idx; Type: INDEX; Schema: public; Owner: postgres
--

CREATE INDEX facturacion_sesion__ce52af_idx ON public.facturacion_pago USING btree (sesion_id);


--
-- Name: pacientes_paciente_sucursales_paciente_id_4104bc83; Type: INDEX; Schema: public; Owner: postgres
--

CREATE INDEX pacientes_paciente_sucursales_paciente_id_4104bc83 ON public.pacientes_paciente_sucursales USING btree (paciente_id);


--
-- Name: pacientes_paciente_sucursales_sucursal_id_87fef52d; Type: INDEX; Schema: public; Owner: postgres
--

CREATE INDEX pacientes_paciente_sucursales_sucursal_id_87fef52d ON public.pacientes_paciente_sucursales USING btree (sucursal_id);


--
-- Name: pacientes_pacienteservicio_paciente_id_a464a395; Type: INDEX; Schema: public; Owner: postgres
--

CREATE INDEX pacientes_pacienteservicio_paciente_id_a464a395 ON public.pacientes_pacienteservicio USING btree (paciente_id);


--
-- Name: pacientes_pacienteservicio_servicio_id_278e67ed; Type: INDEX; Schema: public; Owner: postgres
--

CREATE INDEX pacientes_pacienteservicio_servicio_id_278e67ed ON public.pacientes_pacienteservicio USING btree (servicio_id);


--
-- Name: profesional_activo_d318f9_idx; Type: INDEX; Schema: public; Owner: postgres
--

CREATE INDEX profesional_activo_d318f9_idx ON public.profesionales_profesional USING btree (activo);


--
-- Name: profesional_apellid_095ea1_idx; Type: INDEX; Schema: public; Owner: postgres
--

CREATE INDEX profesional_apellid_095ea1_idx ON public.profesionales_profesional USING btree (apellido, nombre);


--
-- Name: profesionales_profesional_servicios_profesional_id_6aceae63; Type: INDEX; Schema: public; Owner: postgres
--

CREATE INDEX profesionales_profesional_servicios_profesional_id_6aceae63 ON public.profesionales_profesional_servicios USING btree (profesional_id);


--
-- Name: profesionales_profesional_servicios_tiposervicio_id_1210b4cd; Type: INDEX; Schema: public; Owner: postgres
--

CREATE INDEX profesionales_profesional_servicios_tiposervicio_id_1210b4cd ON public.profesionales_profesional_servicios USING btree (tiposervicio_id);


--
-- Name: profesionales_profesional_sucursales_profesional_id_ff3c137e; Type: INDEX; Schema: public; Owner: postgres
--

CREATE INDEX profesionales_profesional_sucursales_profesional_id_ff3c137e ON public.profesionales_profesional_sucursales USING btree (profesional_id);


--
-- Name: profesionales_profesional_sucursales_sucursal_id_42db81f5; Type: INDEX; Schema: public; Owner: postgres
--

CREATE INDEX profesionales_profesional_sucursales_sucursal_id_42db81f5 ON public.profesionales_profesional_sucursales USING btree (sucursal_id);


--
-- Name: servicios_tiposervicio_nombre_084fa67c_like; Type: INDEX; Schema: public; Owner: postgres
--

CREATE INDEX servicios_tiposervicio_nombre_084fa67c_like ON public.servicios_tiposervicio USING btree (nombre varchar_pattern_ops);


--
-- Name: agenda_proyecto agenda_proyecto_creado_por_id_d7181c32_fk_auth_user_id; Type: FK CONSTRAINT; Schema: public; Owner: postgres
--

ALTER TABLE ONLY public.agenda_proyecto
    ADD CONSTRAINT agenda_proyecto_creado_por_id_d7181c32_fk_auth_user_id FOREIGN KEY (creado_por_id) REFERENCES public.auth_user(id) DEFERRABLE INITIALLY DEFERRED;


--
-- Name: agenda_proyecto agenda_proyecto_modificado_por_id_b2ca2095_fk_auth_user_id; Type: FK CONSTRAINT; Schema: public; Owner: postgres
--

ALTER TABLE ONLY public.agenda_proyecto
    ADD CONSTRAINT agenda_proyecto_modificado_por_id_b2ca2095_fk_auth_user_id FOREIGN KEY (modificado_por_id) REFERENCES public.auth_user(id) DEFERRABLE INITIALLY DEFERRED;


--
-- Name: agenda_proyecto agenda_proyecto_paciente_id_f4bd80de_fk_pacientes_paciente_id; Type: FK CONSTRAINT; Schema: public; Owner: postgres
--

ALTER TABLE ONLY public.agenda_proyecto
    ADD CONSTRAINT agenda_proyecto_paciente_id_f4bd80de_fk_pacientes_paciente_id FOREIGN KEY (paciente_id) REFERENCES public.pacientes_paciente(id) DEFERRABLE INITIALLY DEFERRED;


--
-- Name: agenda_proyecto agenda_proyecto_profesional_responsa_acefd13b_fk_profesion; Type: FK CONSTRAINT; Schema: public; Owner: postgres
--

ALTER TABLE ONLY public.agenda_proyecto
    ADD CONSTRAINT agenda_proyecto_profesional_responsa_acefd13b_fk_profesion FOREIGN KEY (profesional_responsable_id) REFERENCES public.profesionales_profesional(id) DEFERRABLE INITIALLY DEFERRED;


--
-- Name: agenda_proyecto agenda_proyecto_servicio_base_id_8488eabc_fk_servicios; Type: FK CONSTRAINT; Schema: public; Owner: postgres
--

ALTER TABLE ONLY public.agenda_proyecto
    ADD CONSTRAINT agenda_proyecto_servicio_base_id_8488eabc_fk_servicios FOREIGN KEY (servicio_base_id) REFERENCES public.servicios_tiposervicio(id) DEFERRABLE INITIALLY DEFERRED;


--
-- Name: agenda_proyecto agenda_proyecto_sucursal_id_221af2ae_fk_servicios_sucursal_id; Type: FK CONSTRAINT; Schema: public; Owner: postgres
--

ALTER TABLE ONLY public.agenda_proyecto
    ADD CONSTRAINT agenda_proyecto_sucursal_id_221af2ae_fk_servicios_sucursal_id FOREIGN KEY (sucursal_id) REFERENCES public.servicios_sucursal(id) DEFERRABLE INITIALLY DEFERRED;


--
-- Name: agenda_sesion agenda_sesion_creada_por_id_2d0dc4ec_fk_auth_user_id; Type: FK CONSTRAINT; Schema: public; Owner: postgres
--

ALTER TABLE ONLY public.agenda_sesion
    ADD CONSTRAINT agenda_sesion_creada_por_id_2d0dc4ec_fk_auth_user_id FOREIGN KEY (creada_por_id) REFERENCES public.auth_user(id) DEFERRABLE INITIALLY DEFERRED;


--
-- Name: agenda_sesion agenda_sesion_modificada_por_id_6b3201fd_fk_auth_user_id; Type: FK CONSTRAINT; Schema: public; Owner: postgres
--

ALTER TABLE ONLY public.agenda_sesion
    ADD CONSTRAINT agenda_sesion_modificada_por_id_6b3201fd_fk_auth_user_id FOREIGN KEY (modificada_por_id) REFERENCES public.auth_user(id) DEFERRABLE INITIALLY DEFERRED;


--
-- Name: agenda_sesion agenda_sesion_paciente_id_f11aff6b_fk_pacientes_paciente_id; Type: FK CONSTRAINT; Schema: public; Owner: postgres
--

ALTER TABLE ONLY public.agenda_sesion
    ADD CONSTRAINT agenda_sesion_paciente_id_f11aff6b_fk_pacientes_paciente_id FOREIGN KEY (paciente_id) REFERENCES public.pacientes_paciente(id) DEFERRABLE INITIALLY DEFERRED;


--
-- Name: agenda_sesion agenda_sesion_profesional_id_848ec272_fk_profesion; Type: FK CONSTRAINT; Schema: public; Owner: postgres
--

ALTER TABLE ONLY public.agenda_sesion
    ADD CONSTRAINT agenda_sesion_profesional_id_848ec272_fk_profesion FOREIGN KEY (profesional_id) REFERENCES public.profesionales_profesional(id) DEFERRABLE INITIALLY DEFERRED;


--
-- Name: agenda_sesion agenda_sesion_proyecto_id_50020418_fk_agenda_proyecto_id; Type: FK CONSTRAINT; Schema: public; Owner: postgres
--

ALTER TABLE ONLY public.agenda_sesion
    ADD CONSTRAINT agenda_sesion_proyecto_id_50020418_fk_agenda_proyecto_id FOREIGN KEY (proyecto_id) REFERENCES public.agenda_proyecto(id) DEFERRABLE INITIALLY DEFERRED;


--
-- Name: agenda_sesion agenda_sesion_servicio_id_34bfaabf_fk_servicios_tiposervicio_id; Type: FK CONSTRAINT; Schema: public; Owner: postgres
--

ALTER TABLE ONLY public.agenda_sesion
    ADD CONSTRAINT agenda_sesion_servicio_id_34bfaabf_fk_servicios_tiposervicio_id FOREIGN KEY (servicio_id) REFERENCES public.servicios_tiposervicio(id) DEFERRABLE INITIALLY DEFERRED;


--
-- Name: agenda_sesion agenda_sesion_sucursal_id_da4759e4_fk_servicios_sucursal_id; Type: FK CONSTRAINT; Schema: public; Owner: postgres
--

ALTER TABLE ONLY public.agenda_sesion
    ADD CONSTRAINT agenda_sesion_sucursal_id_da4759e4_fk_servicios_sucursal_id FOREIGN KEY (sucursal_id) REFERENCES public.servicios_sucursal(id) DEFERRABLE INITIALLY DEFERRED;


--
-- Name: auth_group_permissions auth_group_permissio_permission_id_84c5c92e_fk_auth_perm; Type: FK CONSTRAINT; Schema: public; Owner: postgres
--

ALTER TABLE ONLY public.auth_group_permissions
    ADD CONSTRAINT auth_group_permissio_permission_id_84c5c92e_fk_auth_perm FOREIGN KEY (permission_id) REFERENCES public.auth_permission(id) DEFERRABLE INITIALLY DEFERRED;


--
-- Name: auth_group_permissions auth_group_permissions_group_id_b120cbf9_fk_auth_group_id; Type: FK CONSTRAINT; Schema: public; Owner: postgres
--

ALTER TABLE ONLY public.auth_group_permissions
    ADD CONSTRAINT auth_group_permissions_group_id_b120cbf9_fk_auth_group_id FOREIGN KEY (group_id) REFERENCES public.auth_group(id) DEFERRABLE INITIALLY DEFERRED;


--
-- Name: auth_permission auth_permission_content_type_id_2f476e4b_fk_django_co; Type: FK CONSTRAINT; Schema: public; Owner: postgres
--

ALTER TABLE ONLY public.auth_permission
    ADD CONSTRAINT auth_permission_content_type_id_2f476e4b_fk_django_co FOREIGN KEY (content_type_id) REFERENCES public.django_content_type(id) DEFERRABLE INITIALLY DEFERRED;


--
-- Name: auth_user_groups auth_user_groups_group_id_97559544_fk_auth_group_id; Type: FK CONSTRAINT; Schema: public; Owner: postgres
--

ALTER TABLE ONLY public.auth_user_groups
    ADD CONSTRAINT auth_user_groups_group_id_97559544_fk_auth_group_id FOREIGN KEY (group_id) REFERENCES public.auth_group(id) DEFERRABLE INITIALLY DEFERRED;


--
-- Name: auth_user_groups auth_user_groups_user_id_6a12ed8b_fk_auth_user_id; Type: FK CONSTRAINT; Schema: public; Owner: postgres
--

ALTER TABLE ONLY public.auth_user_groups
    ADD CONSTRAINT auth_user_groups_user_id_6a12ed8b_fk_auth_user_id FOREIGN KEY (user_id) REFERENCES public.auth_user(id) DEFERRABLE INITIALLY DEFERRED;


--
-- Name: auth_user_user_permissions auth_user_user_permi_permission_id_1fbb5f2c_fk_auth_perm; Type: FK CONSTRAINT; Schema: public; Owner: postgres
--

ALTER TABLE ONLY public.auth_user_user_permissions
    ADD CONSTRAINT auth_user_user_permi_permission_id_1fbb5f2c_fk_auth_perm FOREIGN KEY (permission_id) REFERENCES public.auth_permission(id) DEFERRABLE INITIALLY DEFERRED;


--
-- Name: auth_user_user_permissions auth_user_user_permissions_user_id_a95ead1b_fk_auth_user_id; Type: FK CONSTRAINT; Schema: public; Owner: postgres
--

ALTER TABLE ONLY public.auth_user_user_permissions
    ADD CONSTRAINT auth_user_user_permissions_user_id_a95ead1b_fk_auth_user_id FOREIGN KEY (user_id) REFERENCES public.auth_user(id) DEFERRABLE INITIALLY DEFERRED;


--
-- Name: core_perfilusuario core_perfilusuario_profesional_id_200df750_fk_profesion; Type: FK CONSTRAINT; Schema: public; Owner: postgres
--

ALTER TABLE ONLY public.core_perfilusuario
    ADD CONSTRAINT core_perfilusuario_profesional_id_200df750_fk_profesion FOREIGN KEY (profesional_id) REFERENCES public.profesionales_profesional(id) DEFERRABLE INITIALLY DEFERRED;


--
-- Name: core_perfilusuario_sucursales core_perfilusuario_s_perfilusuario_id_057faa0c_fk_core_perf; Type: FK CONSTRAINT; Schema: public; Owner: postgres
--

ALTER TABLE ONLY public.core_perfilusuario_sucursales
    ADD CONSTRAINT core_perfilusuario_s_perfilusuario_id_057faa0c_fk_core_perf FOREIGN KEY (perfilusuario_id) REFERENCES public.core_perfilusuario(id) DEFERRABLE INITIALLY DEFERRED;


--
-- Name: core_perfilusuario_sucursales core_perfilusuario_s_sucursal_id_8a58a1cb_fk_servicios; Type: FK CONSTRAINT; Schema: public; Owner: postgres
--

ALTER TABLE ONLY public.core_perfilusuario_sucursales
    ADD CONSTRAINT core_perfilusuario_s_sucursal_id_8a58a1cb_fk_servicios FOREIGN KEY (sucursal_id) REFERENCES public.servicios_sucursal(id) DEFERRABLE INITIALLY DEFERRED;


--
-- Name: core_perfilusuario core_perfilusuario_user_id_f33b9be3_fk_auth_user_id; Type: FK CONSTRAINT; Schema: public; Owner: postgres
--

ALTER TABLE ONLY public.core_perfilusuario
    ADD CONSTRAINT core_perfilusuario_user_id_f33b9be3_fk_auth_user_id FOREIGN KEY (user_id) REFERENCES public.auth_user(id) DEFERRABLE INITIALLY DEFERRED;


--
-- Name: django_admin_log django_admin_log_content_type_id_c4bce8eb_fk_django_co; Type: FK CONSTRAINT; Schema: public; Owner: postgres
--

ALTER TABLE ONLY public.django_admin_log
    ADD CONSTRAINT django_admin_log_content_type_id_c4bce8eb_fk_django_co FOREIGN KEY (content_type_id) REFERENCES public.django_content_type(id) DEFERRABLE INITIALLY DEFERRED;


--
-- Name: django_admin_log django_admin_log_user_id_c564eba6_fk_auth_user_id; Type: FK CONSTRAINT; Schema: public; Owner: postgres
--

ALTER TABLE ONLY public.django_admin_log
    ADD CONSTRAINT django_admin_log_user_id_c564eba6_fk_auth_user_id FOREIGN KEY (user_id) REFERENCES public.auth_user(id) DEFERRABLE INITIALLY DEFERRED;


--
-- Name: facturacion_cuentacorriente facturacion_cuentaco_paciente_id_143a405e_fk_pacientes; Type: FK CONSTRAINT; Schema: public; Owner: postgres
--

ALTER TABLE ONLY public.facturacion_cuentacorriente
    ADD CONSTRAINT facturacion_cuentaco_paciente_id_143a405e_fk_pacientes FOREIGN KEY (paciente_id) REFERENCES public.pacientes_paciente(id) DEFERRABLE INITIALLY DEFERRED;


--
-- Name: facturacion_factura_pagos facturacion_factura__factura_id_5780b017_fk_facturaci; Type: FK CONSTRAINT; Schema: public; Owner: postgres
--

ALTER TABLE ONLY public.facturacion_factura_pagos
    ADD CONSTRAINT facturacion_factura__factura_id_5780b017_fk_facturaci FOREIGN KEY (factura_id) REFERENCES public.facturacion_factura(id) DEFERRABLE INITIALLY DEFERRED;


--
-- Name: facturacion_factura_pagos facturacion_factura__pago_id_4d88ccf5_fk_facturaci; Type: FK CONSTRAINT; Schema: public; Owner: postgres
--

ALTER TABLE ONLY public.facturacion_factura_pagos
    ADD CONSTRAINT facturacion_factura__pago_id_4d88ccf5_fk_facturaci FOREIGN KEY (pago_id) REFERENCES public.facturacion_pago(id) DEFERRABLE INITIALLY DEFERRED;


--
-- Name: facturacion_factura facturacion_factura_emitida_por_id_2a349d2a_fk_auth_user_id; Type: FK CONSTRAINT; Schema: public; Owner: postgres
--

ALTER TABLE ONLY public.facturacion_factura
    ADD CONSTRAINT facturacion_factura_emitida_por_id_2a349d2a_fk_auth_user_id FOREIGN KEY (emitida_por_id) REFERENCES public.auth_user(id) DEFERRABLE INITIALLY DEFERRED;


--
-- Name: facturacion_factura facturacion_factura_paciente_id_f658372a_fk_pacientes; Type: FK CONSTRAINT; Schema: public; Owner: postgres
--

ALTER TABLE ONLY public.facturacion_factura
    ADD CONSTRAINT facturacion_factura_paciente_id_f658372a_fk_pacientes FOREIGN KEY (paciente_id) REFERENCES public.pacientes_paciente(id) DEFERRABLE INITIALLY DEFERRED;


--
-- Name: facturacion_pago facturacion_pago_anulado_por_id_93737473_fk_auth_user_id; Type: FK CONSTRAINT; Schema: public; Owner: postgres
--

ALTER TABLE ONLY public.facturacion_pago
    ADD CONSTRAINT facturacion_pago_anulado_por_id_93737473_fk_auth_user_id FOREIGN KEY (anulado_por_id) REFERENCES public.auth_user(id) DEFERRABLE INITIALLY DEFERRED;


--
-- Name: facturacion_pago facturacion_pago_metodo_pago_id_08bbc980_fk_facturaci; Type: FK CONSTRAINT; Schema: public; Owner: postgres
--

ALTER TABLE ONLY public.facturacion_pago
    ADD CONSTRAINT facturacion_pago_metodo_pago_id_08bbc980_fk_facturaci FOREIGN KEY (metodo_pago_id) REFERENCES public.facturacion_metodopago(id) DEFERRABLE INITIALLY DEFERRED;


--
-- Name: facturacion_pago facturacion_pago_paciente_id_3fb0c812_fk_pacientes_paciente_id; Type: FK CONSTRAINT; Schema: public; Owner: postgres
--

ALTER TABLE ONLY public.facturacion_pago
    ADD CONSTRAINT facturacion_pago_paciente_id_3fb0c812_fk_pacientes_paciente_id FOREIGN KEY (paciente_id) REFERENCES public.pacientes_paciente(id) DEFERRABLE INITIALLY DEFERRED;


--
-- Name: facturacion_pago facturacion_pago_proyecto_id_6234b080_fk_agenda_proyecto_id; Type: FK CONSTRAINT; Schema: public; Owner: postgres
--

ALTER TABLE ONLY public.facturacion_pago
    ADD CONSTRAINT facturacion_pago_proyecto_id_6234b080_fk_agenda_proyecto_id FOREIGN KEY (proyecto_id) REFERENCES public.agenda_proyecto(id) DEFERRABLE INITIALLY DEFERRED;


--
-- Name: facturacion_pago facturacion_pago_registrado_por_id_de7e037d_fk_auth_user_id; Type: FK CONSTRAINT; Schema: public; Owner: postgres
--

ALTER TABLE ONLY public.facturacion_pago
    ADD CONSTRAINT facturacion_pago_registrado_por_id_de7e037d_fk_auth_user_id FOREIGN KEY (registrado_por_id) REFERENCES public.auth_user(id) DEFERRABLE INITIALLY DEFERRED;


--
-- Name: facturacion_pago facturacion_pago_sesion_id_308f9e3c_fk_agenda_sesion_id; Type: FK CONSTRAINT; Schema: public; Owner: postgres
--

ALTER TABLE ONLY public.facturacion_pago
    ADD CONSTRAINT facturacion_pago_sesion_id_308f9e3c_fk_agenda_sesion_id FOREIGN KEY (sesion_id) REFERENCES public.agenda_sesion(id) DEFERRABLE INITIALLY DEFERRED;


--
-- Name: pacientes_paciente_sucursales pacientes_paciente_s_paciente_id_4104bc83_fk_pacientes; Type: FK CONSTRAINT; Schema: public; Owner: postgres
--

ALTER TABLE ONLY public.pacientes_paciente_sucursales
    ADD CONSTRAINT pacientes_paciente_s_paciente_id_4104bc83_fk_pacientes FOREIGN KEY (paciente_id) REFERENCES public.pacientes_paciente(id) DEFERRABLE INITIALLY DEFERRED;


--
-- Name: pacientes_paciente_sucursales pacientes_paciente_s_sucursal_id_87fef52d_fk_servicios; Type: FK CONSTRAINT; Schema: public; Owner: postgres
--

ALTER TABLE ONLY public.pacientes_paciente_sucursales
    ADD CONSTRAINT pacientes_paciente_s_sucursal_id_87fef52d_fk_servicios FOREIGN KEY (sucursal_id) REFERENCES public.servicios_sucursal(id) DEFERRABLE INITIALLY DEFERRED;


--
-- Name: pacientes_pacienteservicio pacientes_pacientese_paciente_id_a464a395_fk_pacientes; Type: FK CONSTRAINT; Schema: public; Owner: postgres
--

ALTER TABLE ONLY public.pacientes_pacienteservicio
    ADD CONSTRAINT pacientes_pacientese_paciente_id_a464a395_fk_pacientes FOREIGN KEY (paciente_id) REFERENCES public.pacientes_paciente(id) DEFERRABLE INITIALLY DEFERRED;


--
-- Name: pacientes_pacienteservicio pacientes_pacientese_servicio_id_278e67ed_fk_servicios; Type: FK CONSTRAINT; Schema: public; Owner: postgres
--

ALTER TABLE ONLY public.pacientes_pacienteservicio
    ADD CONSTRAINT pacientes_pacientese_servicio_id_278e67ed_fk_servicios FOREIGN KEY (servicio_id) REFERENCES public.servicios_tiposervicio(id) DEFERRABLE INITIALLY DEFERRED;


--
-- Name: profesionales_profesional_servicios profesionales_profes_profesional_id_6aceae63_fk_profesion; Type: FK CONSTRAINT; Schema: public; Owner: postgres
--

ALTER TABLE ONLY public.profesionales_profesional_servicios
    ADD CONSTRAINT profesionales_profes_profesional_id_6aceae63_fk_profesion FOREIGN KEY (profesional_id) REFERENCES public.profesionales_profesional(id) DEFERRABLE INITIALLY DEFERRED;


--
-- Name: profesionales_profesional_sucursales profesionales_profes_profesional_id_ff3c137e_fk_profesion; Type: FK CONSTRAINT; Schema: public; Owner: postgres
--

ALTER TABLE ONLY public.profesionales_profesional_sucursales
    ADD CONSTRAINT profesionales_profes_profesional_id_ff3c137e_fk_profesion FOREIGN KEY (profesional_id) REFERENCES public.profesionales_profesional(id) DEFERRABLE INITIALLY DEFERRED;


--
-- Name: profesionales_profesional_sucursales profesionales_profes_sucursal_id_42db81f5_fk_servicios; Type: FK CONSTRAINT; Schema: public; Owner: postgres
--

ALTER TABLE ONLY public.profesionales_profesional_sucursales
    ADD CONSTRAINT profesionales_profes_sucursal_id_42db81f5_fk_servicios FOREIGN KEY (sucursal_id) REFERENCES public.servicios_sucursal(id) DEFERRABLE INITIALLY DEFERRED;


--
-- Name: profesionales_profesional_servicios profesionales_profes_tiposervicio_id_1210b4cd_fk_servicios; Type: FK CONSTRAINT; Schema: public; Owner: postgres
--

ALTER TABLE ONLY public.profesionales_profesional_servicios
    ADD CONSTRAINT profesionales_profes_tiposervicio_id_1210b4cd_fk_servicios FOREIGN KEY (tiposervicio_id) REFERENCES public.servicios_tiposervicio(id) DEFERRABLE INITIALLY DEFERRED;


--
-- Name: profesionales_profesional profesionales_profesional_user_id_b43f2ead_fk_auth_user_id; Type: FK CONSTRAINT; Schema: public; Owner: postgres
--

ALTER TABLE ONLY public.profesionales_profesional
    ADD CONSTRAINT profesionales_profesional_user_id_b43f2ead_fk_auth_user_id FOREIGN KEY (user_id) REFERENCES public.auth_user(id) DEFERRABLE INITIALLY DEFERRED;


--
-- Name: DEFAULT PRIVILEGES FOR SEQUENCES; Type: DEFAULT ACL; Schema: -; Owner: postgres
--

ALTER DEFAULT PRIVILEGES FOR ROLE postgres GRANT ALL ON SEQUENCES TO postgres;


--
-- Name: DEFAULT PRIVILEGES FOR TYPES; Type: DEFAULT ACL; Schema: -; Owner: postgres
--

ALTER DEFAULT PRIVILEGES FOR ROLE postgres GRANT ALL ON TYPES TO postgres;


--
-- Name: DEFAULT PRIVILEGES FOR FUNCTIONS; Type: DEFAULT ACL; Schema: -; Owner: postgres
--

ALTER DEFAULT PRIVILEGES FOR ROLE postgres GRANT ALL ON FUNCTIONS TO postgres;


--
-- Name: DEFAULT PRIVILEGES FOR TABLES; Type: DEFAULT ACL; Schema: -; Owner: postgres
--

ALTER DEFAULT PRIVILEGES FOR ROLE postgres GRANT ALL ON TABLES TO postgres;


--
-- PostgreSQL database dump complete
--

\unrestrict fX8vSlyvqBraTr4Kh8FGWkk5z72zEo0zyfUSlaeCgRRznfaiXJp3mueRWakDWAf

